Track URI,Track Name,Album Name,Artist Name(s),Release Date,Duration (ms),Popularity,Explicit,Added By,Added At,Genres,Record Label,Danceability,Energy,Key,Loudness,Mode,Speechiness,Acousticness,Instrumentalness,Liveness,Valence,Tempo,Time Signature
spotify:track:3YeJXuRSNS5FYwOsDu44kD,Dark Knight Dummo (Feat. Travis Scott),Dark Knight Dummo (Feat. Travis Scott),Trippie Redd;Travis Scott,2017-12-05,256162.0,4.0,True,9awd53s3nymgaya2yc2uivk4m,2026-06-01T18:39:09Z,"melodic rap,rap","Elliot Grainge Entertainment, LLC",0.28,0.821,8.0,-2.864,0.0,0.111,0.167,0.0,0.139,0.254,181.444,3.0
spotify:track:1bDbXMyjaUIooNwFE9wn0N,Rich Flex,Her Loss,Drake;21 Savage,2022-11-04,239359.0,77.0,True,9awd53s3nymgaya2yc2uivk4m,2026-06-01T18:39:09Z,rap,OVO / Republic Records,0.549,0.518,4.0,-9.39,0.0,0.257,0.0517,1.21e-06,0.378,0.418,160.07,4.0
spotify:track:3F5CgOj3wFlRv51JsHbxhe,Jimmy Cooks (feat. 21 Savage),"Honestly, Nevermind",Drake;21 Savage,2022-06-17,218364.0,83.0,True,9awd53s3nymgaya2yc2uivk4m,2026-06-01T18:39:09Z,rap,OVO,0.529,0.673,0.0,-4.711,1.0,0.175,0.000307,2.41e-06,0.093,0.366,165.921,4.0
spotify:track:4wVOKKEHUJxHCFFNUWDn0B,Chicago Freestyle (feat. Giveon),Dark Lane Demo Tapes,Drake;GIVĒON,2020-05-01,220487.0,80.0,True,9awd53s3nymgaya2yc2uivk4m,2026-06-01T18:39:09Z,"rap,r&b",OVO,0.735,0.449,10.0,-7.507,1.0,0.347,0.629,0.0,0.113,0.0397,122.947,4.0
spotify:track:5yY9lUy8nbvjM1Uyo1Uqoc,Life Is Good (feat. Drake),Life Is Good (feat. Drake),Future;Drake,2020-01-10,237735.0,74.0,True,9awd53s3nymgaya2yc2uivk4m,2026-06-01T18:39:09Z,rap,Epic/Freebandz,0.676,0.609,2.0,-5.831,0.0,0.481,0.0706,0.0,0.152,0.508,142.037,4.0
spotify:track:6DCZcSspjsKoFjzjrWoCdn,God's Plan,Scorpion,Drake,2018-06-29,198973.0,87.0,True,9awd53s3nymgaya2yc2uivk4m,2026-06-01T18:39:09Z,rap,Cash Money/Drake LP6,0.754,0.449,7.0,-9.211,1.0,0.109,0.0332,8.29e-05,0.552,0.357,77.169,4.0
spotify:track:0wwPcA6wtMf6HUMpIRdeP7,Hotline Bling,Views,Drake,2016-05-06,267066.0,85.0,False,9awd53s3nymgaya2yc2uivk4m,2026-06-01T18:39:09Z,rap,Cash Money Records/Young Money Ent./Universal Rec.,0.891,0.628,2.0,-7.863,1.0,0.0551,0.00258,0.00019,0.0504,0.552,134.966,4.0
spotify:track:2xLMifQCjDGFmkHkpNLD9h,SICKO MODE,ASTROWORLD,Travis Scott,2018-08-03,312820.0,85.0,True,9awd53s3nymgaya2yc2uivk4m,2026-06-01T18:39:09Z,rap,Cactus Jack / Epic,0.834,0.73,8.0,-3.714,1.0,0.222,0.00513,0.0,0.124,0.446,155.008,4.0
spotify:track:2cYqizR4lgvp4Qu6IQ3qGN,BUTTERFLY EFFECT,ASTROWORLD,Travis Scott,2018-08-03,190557.0,83.0,False,9awd53s3nymgaya2yc2uivk4m,2026-06-01T18:39:09Z,rap,Cactus Jack / Epic,0.763,0.628,11.0,-5.85,1.0,0.05,0.0531,0.0,0.114,0.193,140.958,4.0
spotify:track:3eekarcy7kvN4yt5ZFzltW,HIGHEST IN THE ROOM,HIGHEST IN THE ROOM,Travis Scott,2019-10-04,175720.0,85.0,True,9awd53s3nymgaya2yc2uivk4m,2026-06-01T18:39:09Z,rap,Cactus Jack/Epic,0.598,0.427,7.0,-8.764,0.0,0.0317,0.0546,5.83e-06,0.21,0.0605,76.469,4.0
spotify:track:39Yp9wwQiSRIDOvrVg7mbk,THE SCOTTS,THE SCOTTS,THE SCOTTS;Travis Scott;Kid Cudi,2020-04-24,165977.0,72.0,True,9awd53s3nymgaya2yc2uivk4m,2026-06-01T18:39:09Z,rap,Cactus Jack / Epic,0.716,0.537,0.0,-7.648,0.0,0.0514,0.233,0.0,0.157,0.28,129.979,4.0
spotify:track:0FZ4Dmg8jJJAPJnvBIzD9z,ZEZE (feat. Travis Scott & Offset),Dying to Live,Kodak Black;Offset;Travis Scott,2018-12-14,228759.0,82.0,True,9awd53s3nymgaya2yc2uivk4m,2026-06-01T18:39:09Z,rap,Atlantic Records,0.861,0.603,8.0,-5.788,0.0,0.176,0.0521,0.0,0.0924,0.504,98.043,4.0
spotify:track:0uxSUdBrJy9Un0EYoBowng,20 Min,Luv Is Rage 2 (Deluxe),Lil Uzi Vert,2017-11-17,220586.0,86.0,True,9awd53s3nymgaya2yc2uivk4m,2026-06-01T18:39:09Z,"melodic rap,rage rap",Generation Now/Atlantic,0.773,0.75,8.0,-4.009,0.0,0.117,0.109,0.0,0.174,0.783,123.426,4.0
spotify:track:7GX5flRQZVHRAGd6B4TmDO,XO Tour Llif3,Luv Is Rage 2,Lil Uzi Vert,2017-08-25,182706.0,83.0,True,9awd53s3nymgaya2yc2uivk4m,2026-06-01T18:39:09Z,"melodic rap,rage rap",Generation Now/Atlantic,0.732,0.75,11.0,-6.366,0.0,0.231,0.00264,0.0,0.109,0.401,155.096,4.0
spotify:track:2eAZfqOm4EnOF9VvN50Tyc,The Way Life Goes (feat. Oh Wonder),Luv Is Rage 2,Lil Uzi Vert;Oh Wonder,2017-08-25,221746.0,81.0,True,9awd53s3nymgaya2yc2uivk4m,2026-06-01T18:39:09Z,"melodic rap,rage rap",Generation Now/Atlantic,0.703,0.757,1.0,-3.612,1.0,0.05,0.617,0.0,0.106,0.696,82.008,4.0
spotify:track:0B8QzDH7YWih85V5SEMnyJ,Money Longer,Lil Uzi Vert vs. The World,Lil Uzi Vert,2016-05-27,198944.0,78.0,True,9awd53s3nymgaya2yc2uivk4m,2026-06-01T18:39:09Z,"melodic rap,rage rap",Generation Now/Atlantic,0.795,0.568,5.0,-7.817,0.0,0.142,0.0541,0.0,0.108,0.478,136.173,4.0
spotify:track:4uhvMW7ly7tJil31YYscAN,Erase Your Social,The Perfect LUV Tape,Lil Uzi Vert,2016-08-10,199993.0,77.0,True,9awd53s3nymgaya2yc2uivk4m,2026-06-01T18:39:09Z,"melodic rap,rage rap",Generation Now/Atlantic,0.705,0.609,3.0,-5.728,1.0,0.0729,0.694,0.0,0.234,0.718,140.058,4.0
spotify:track:3XiNC94b4Tq1xwv70sQJGN,Sanguine Paradise,Sanguine Paradise,Lil Uzi Vert,2019-04-09,243976.0,75.0,True,9awd53s3nymgaya2yc2uivk4m,2026-06-01T18:39:09Z,"melodic rap,rage rap",Generation Now/Atlantic,0.729,0.603,6.0,-6.736,0.0,0.0666,0.0948,0.0,0.113,0.207,134.972,4.0
spotify:track:60PTOzcoFycWBICdumIsFQ,FOR FUN,RED & WHITE,Lil Uzi Vert,2022-07-23,188059.0,69.0,True,9awd53s3nymgaya2yc2uivk4m,2026-06-01T18:39:09Z,"melodic rap,rage rap",Generation Now/Atlantic,0.775,0.461,7.0,-6.594,0.0,0.124,0.157,0.0,0.0687,0.131,134.028,4.0
spotify:track:0VgkVdmE4gld66l8iyGjgx,Mask Off,FUTURE,Future,2017-06-30,204600.0,84.0,True,9awd53s3nymgaya2yc2uivk4m,2026-06-01T18:39:09Z,rap,Epic/Freebandz/A1,0.833,0.434,2.0,-8.795,1.0,0.431,0.0102,0.0219,0.165,0.281,150.062,4.0
spotify:track:1qMMYpVatbRITKCfq1gasi,PUFFIN ON ZOOTIEZ,I NEVER LIKED YOU,Future,2022-04-29,172933.0,77.0,True,9awd53s3nymgaya2yc2uivk4m,2026-06-01T18:39:09Z,rap,Epic/Freebandz,0.883,0.657,8.0,-5.748,1.0,0.305,0.0603,0.0,0.128,0.284,124.992,4.0
spotify:track:7iHHxY2NLlJRAmlAmC4ahQ,Stuck In A Dream (feat. Gunna),Certified Hitmaker,Lil Mosey;Gunna,2019-11-08,123560.0,66.0,True,9awd53s3nymgaya2yc2uivk4m,2026-06-01T18:39:09Z,melodic rap,Mogul Vision/Interscope Records,0.748,0.648,10.0,-6.445,0.0,0.0816,0.484,0.0,0.126,0.726,139.952,4.0
spotify:track:5ii50m5FrMDcUOg0EwrI15,GIRLS NEED LUV,GIRLS NEED LUV,7latenights;Flyy Armani,2025-07-14,123551.0,50.0,True,9awd53s3nymgaya2yc2uivk4m,2026-06-01T18:39:09Z,"dark r&b,sexy drill",VIZIER Records,0.614,0.509,5.0,-12.953,0.0,0.137,0.528,0.0,0.301,0.636,126.875,4.0
spotify:track:7zLYKWcXnYeHHWidalz7rj,Noticed,Northsbest (Extended),Lil Mosey,2018-10-19,165000.0,74.0,True,9awd53s3nymgaya2yc2uivk4m,2026-06-01T18:39:09Z,melodic rap,Mogul Vision/Interscope Records,0.699,0.558,11.0,-7.622,1.0,0.0603,0.462,0.0,0.116,0.493,79.992,4.0
spotify:track:7hxHWCCAIIxFLCzvDgnQHX,"Lemonade (feat. Gunna, Don Toliver & NAV)",B4 The Storm,Internet Money;Gunna;Don Toliver;NAV,2020-08-28,195428.0,5.0,True,9awd53s3nymgaya2yc2uivk4m,2026-06-01T18:39:09Z,melodic rap,Internet Money Records/ TenThousand Projects,0.8,0.658,1.0,-6.142,0.0,0.079,0.25,0.0,0.111,0.462,140.042,4.0
spotify:track:2IePEfMAtqWS6rLXXFZIgI,"His & Hers (feat. Don Toliver, Lil Uzi Vert & Gunna)","His & Hers (feat. Don Toliver, Lil Uzi Vert & Gunna)",Internet Money;Gunna;Don Toliver;Lil Uzi Vert,2021-05-13,224042.0,2.0,True,9awd53s3nymgaya2yc2uivk4m,2026-06-01T18:39:09Z,"melodic rap,rage rap",Internet Money / 10K Projects,0.792,0.707,7.0,-5.218,0.0,0.0623,0.116,0.0,0.12,0.408,134.997,4.0
spotify:track:78QR3Wp35dqAhFEc2qAGjE,Drip Too Hard (Lil Baby & Gunna),Drip Harder,Lil Baby;Gunna,2018-10-05,145542.0,82.0,True,9awd53s3nymgaya2yc2uivk4m,2026-06-01T18:39:09Z,melodic rap,"Quality Control Music/Young Stoner Life Records, a 300 Entertainment Label/Motown Records/Capitol Records",0.897,0.662,1.0,-6.903,0.0,0.292,0.0852,0.0,0.534,0.39,112.509,4.0
spotify:track:01Lr5YepbgjXAWR9iOEyH1,Love Sosa,Finally Rich,Chief Keef,2012-01-01,246213.0,83.0,True,9awd53s3nymgaya2yc2uivk4m,2026-06-01T18:39:09Z,"chicago drill,drill",UMGRI Interscope,0.772,0.413,0.0,-8.194,0.0,0.0891,0.0361,0.0,0.111,0.211,131.964,4.0
spotify:track:32Y2jHM49VMEHiNkBOR5Hl,polaroid,lost angeles files,Dyl,2026-02-27,138348.0,39.0,True,9awd53s3nymgaya2yc2uivk4m,2026-06-01T18:39:09Z,,dylmusic.com,0.828,0.702,11.0,-5.596,1.0,0.221,0.0373,0.0,0.0987,0.625,152.994,4.0
spotify:track:6gBFPUFcJLzWGx4lenP6h2,goosebumps,Birds In The Trap Sing McKnight,Travis Scott,2016-09-16,243836.0,86.0,True,9awd53s3nymgaya2yc2uivk4m,2026-06-01T18:39:09Z,rap,Cactus Jack / Epic,0.841,0.728,7.0,-3.37,1.0,0.0484,0.0847,0.0,0.149,0.43,130.049,4.0
spotify:track:4Li2WHPkuyCdtmokzW2007,Ni**as In Paris,Watch The Throne (Deluxe),JAŸ-Z;Kanye West,2011-08-08,219333.0,16.0,True,9awd53s3nymgaya2yc2uivk4m,2026-06-01T18:39:09Z,"hip hop,east coast hip hop,rap",Roc Nation/RocAFella/IDJ,0.789,0.858,1.0,-5.542,1.0,0.311,0.129,0.0,0.349,0.776,140.022,4.0
spotify:track:1e1JKLEDKP7hEQzJfNAgPl,Magnolia,Playboi Carti,Playboi Carti,2017-04-14,181812.0,80.0,True,9awd53s3nymgaya2yc2uivk4m,2026-06-01T18:39:09Z,rage rap,AWGE Label,0.791,0.582,11.0,-7.323,0.0,0.286,0.0114,0.0,0.35,0.443,162.991,4.0
spotify:track:7sO5G9EABYOXQKNPNiE9NR,Ric Flair Drip (with Metro Boomin),Without Warning,Offset;Metro Boomin,2017-10-30,172800.0,84.0,True,9awd53s3nymgaya2yc2uivk4m,2026-06-01T18:39:09Z,,"Slaughter Gang, LLC/Epic/Quality Control Music/Motown/Capitol/Boominati Worldwide/Republic",0.88,0.428,9.0,-8.28,1.0,0.206,0.149,5.05e-05,0.114,0.333,100.007,4.0
spotify:track:40iJIUlhi6renaREYGeIDS,Fair Trade (with Travis Scott),Certified Lover Boy,Drake;Travis Scott,2021-09-03,291175.0,83.0,True,9awd53s3nymgaya2yc2uivk4m,2026-06-01T18:39:09Z,rap,OVO,0.666,0.465,1.0,-8.545,1.0,0.26,0.0503,0.0,0.215,0.292,167.937,4.0
spotify:track:7ycWLEP1GsNjVvcjawXz3z,Praise The Lord (Da Shine) (feat. Skepta),TESTING,A$AP Rocky;Skepta,2018-05-25,205813.0,83.0,True,9awd53s3nymgaya2yc2uivk4m,2026-06-01T18:39:09Z,"rap,grime,uk grime",A$AP Worldwide/Polo Grounds Music/RCA Records,0.854,0.569,5.0,-8.151,0.0,0.106,0.0609,0.0816,0.1,0.294,80.015,4.0
spotify:track:1ZAyjvIk9YiD76yYy0TEG6,Plug Walk,The World Is Yours,Rich The Kid,2018-03-30,175229.0,69.0,True,9awd53s3nymgaya2yc2uivk4m,2026-06-01T18:39:09Z,trap,Rich The Kid / (TDE/ISR PS),0.872,0.519,11.0,-6.531,1.0,0.177,0.203,0.0,0.108,0.154,95.006,4.0
spotify:track:68Dni7IE4VyPkTOH9mRWHr,No Role Modelz,2014 Forest Hills Drive,J. Cole,2014-12-09,292799.0,89.0,True,9awd53s3nymgaya2yc2uivk4m,2026-06-01T18:39:09Z,rap,Roc Nation Records LLC,0.69,0.521,10.0,-8.492,0.0,0.339,0.324,0.0,0.0534,0.494,100.028,4.0
spotify:track:0TzxcB6dK46vgXZT2P8qeR,Trap Queen,Fetty Wap,Fetty Wap,2015-09-25,222128.0,69.0,True,9awd53s3nymgaya2yc2uivk4m,2026-06-01T18:39:09Z,,300 Entertainment,0.746,0.873,7.0,-3.803,1.0,0.12,0.0244,0.0,0.356,0.816,148.075,4.0
spotify:track:5VfwLOcMbMggz1fTB9KA99,3am In Miami,3am In Miami,Jordyne,2025-06-27,145125.0,46.0,False,9awd53s3nymgaya2yc2uivk4m,2026-06-01T18:39:09Z,"dark r&b,trap soul",VIZIER Records,0.717,0.413,4.0,-10.043,0.0,0.0511,0.236,8.41e-05,0.149,0.565,160.033,4.0
spotify:track:7nc7mlSdWYeFom84zZ8Wr8,Tell Em,Tell Em,Cochise;$NOT,2021-05-28,180379.0,72.0,True,9awd53s3nymgaya2yc2uivk4m,2026-06-01T18:39:09Z,rage rap,Columbia,0.672,0.717,5.0,-7.476,1.0,0.226,0.103,0.0,0.398,0.473,157.905,4.0
spotify:track:5tFtwhiDaNimwOESrD8Ny6,Rush,Rush,Jordyne,2023-09-22,121875.0,43.0,True,9awd53s3nymgaya2yc2uivk4m,2026-06-01T18:39:09Z,"dark r&b,trap soul",VIZIER Records,0.7,0.765,6.0,-5.615,0.0,0.133,0.291,4.38e-06,0.0964,0.502,155.04,4.0
spotify:track:3j84U36KvLeXNDPv4t5pI8,Pure Water (with Migos),Perfect Ten,Mustard;Migos,2019-06-28,192470.0,77.0,True,9awd53s3nymgaya2yc2uivk4m,2026-06-01T18:39:09Z,trap,10 Summers Records/Interscope Records,0.68,0.559,0.0,-5.545,1.0,0.127,0.177,0.0,0.344,0.135,202.018,4.0
spotify:track:2P0Si3pfikrrkpLLnrXaLR,family ties (with Kendrick Lamar),The Melodic Blue,Baby Keem;Kendrick Lamar,2021-09-22,252262.0,1.0,True,9awd53s3nymgaya2yc2uivk4m,2026-06-01T18:39:09Z,"hip hop,west coast hip hop",Columbia,0.711,0.611,1.0,-5.451,1.0,0.365,0.00582,0.0,0.23,0.143,134.111,4.0
spotify:track:29TPjc8wxfz4XMn21O7VsZ,Sky,Whole Lotta Red,Playboi Carti,2020-12-25,193234.0,81.0,True,9awd53s3nymgaya2yc2uivk4m,2026-06-01T18:39:09Z,rage rap,AWGE/Interscope Records,0.785,0.903,2.0,-4.184,1.0,0.21,0.258,0.0,0.169,0.565,139.98,4.0
spotify:track:7fEoXCZTZFosUFvFQg1BmW,Took Her To The O,Levon James,King Von,2020-03-06,196179.0,84.0,True,9awd53s3nymgaya2yc2uivk4m,2026-06-01T18:39:09Z,"chicago drill,drill","Forever and a Day, LLC / EMPIRE",0.82,0.592,1.0,-7.002,1.0,0.29,0.0149,4.71e-06,0.121,0.4,159.98,4.0
spotify:track:3XOalgusokruzA5ZBA2Qcb,pushin P (feat. Young Thug),DS4EVER,Gunna;Future;Young Thug,2022-01-13,136266.0,69.0,True,9awd53s3nymgaya2yc2uivk4m,2026-06-01T18:39:09Z,"melodic rap,rap,trap",300 Entertainment,0.773,0.422,1.0,-4.572,0.0,0.187,0.00783,0.00693,0.129,0.488,77.502,1.0
spotify:track:3RICdnLXv0eBBF9UZCrxFW,BAD BITCH,BAD BITCH,Uche,2026-05-26,152380.0,43.0,True,9awd53s3nymgaya2yc2uivk4m,2026-06-01T18:39:09Z,dark r&b,VIZIER Records,0.437,0.684,7.0,-7.602,0.0,0.185,0.199,0.000596,0.222,0.572,95.575,3.0
spotify:track:6iaSML1PIYq936g62BDtBq,Robbery,Death Race For Love (Bonus Track Version),Juice WRLD,2019-03-08,240050.0,80.0,True,9awd53s3nymgaya2yc2uivk4m,2026-06-01T18:39:09Z,"melodic rap,emo rap",Grade A Productions/Interscope Records,0.623,0.692,2.0,-5.122,1.0,0.0504,0.328,0.0,0.153,0.566,79.899,4.0
spotify:track:19gEmPjfqSZT0ulDRfjl0m,Hot N*gga,Hot N*gga,Bobby Shmurda,2014-07-25,194561.0,73.0,True,9awd53s3nymgaya2yc2uivk4m,2026-06-01T18:39:09Z,,Epic/GS9,0.794,0.51,9.0,-7.314,1.0,0.42,0.0505,1.81e-06,0.0562,0.18,167.879,4.0
spotify:track:2IRZnDFmlqMuOrYOLnZZyc,Going Bad (feat. Drake),Championships,Meek Mill;Drake,2018-11-30,180522.0,80.0,True,9awd53s3nymgaya2yc2uivk4m,2026-06-01T18:39:09Z,rap,MMG/Atlantic,0.889,0.496,4.0,-6.365,0.0,0.0905,0.259,0.0,0.252,0.544,86.003,4.0
spotify:track:5BJMeoCXXgbRAWfp6fTulr,Shotta Flow (feat. Blueface) [Remix],Cottonwood,NLE Choppa;Blueface,2019-12-23,176631.0,2.0,True,9awd53s3nymgaya2yc2uivk4m,2026-06-01T18:39:09Z,,"NLE Choppa Entertainment, Inc.",0.894,0.511,2.0,-4.768,1.0,0.421,0.0251,0.0,0.14,0.567,120.077,4.0
spotify:track:1lOe9qE0vR9zwWQAOk6CoO,Ransom,We Love You Tecca,Lil Tecca,2019-08-30,131240.0,84.0,True,9awd53s3nymgaya2yc2uivk4m,2026-06-01T18:39:09Z,"melodic rap,rap",Republic Records,0.745,0.642,7.0,-6.257,0.0,0.287,0.0204,0.0,0.0658,0.226,179.974,4.0
spotify:track:73xjJ1TIE6WP3HNKczQE4F,Moonwalking in Calabasas (feat. Blueface) - Remix,Die 4 Respect,DDG;Blueface,2021-06-15,170232.0,65.0,True,9awd53s3nymgaya2yc2uivk4m,2026-06-01T18:39:09Z,,DDG/Epic Records,0.925,0.322,11.0,-9.8,0.0,0.112,0.103,0.0,0.137,0.712,129.957,4.0
spotify:track:2JvzF1RMd7lE3KmFlsyZD8,MIDDLE CHILD,MIDDLE CHILD,J. Cole,2019-01-23,213593.0,80.0,True,9awd53s3nymgaya2yc2uivk4m,2026-06-01T18:39:09Z,rap,"Dreamville, Inc., Under exclusive license to Roc Nation Records",0.837,0.364,8.0,-11.713,1.0,0.276,0.149,0.0,0.271,0.463,123.984,4.0
spotify:track:6nO3tr47nr2P7f3hXb8JIo,Champion (feat. Travis Scott),RECKLESS,NAV;Travis Scott,2018-05-18,195053.0,65.0,True,9awd53s3nymgaya2yc2uivk4m,2026-06-01T18:39:09Z,"melodic rap,rap",Republic Records,0.643,0.782,5.0,-3.395,0.0,0.0476,0.384,0.0,0.108,0.393,162.006,4.0
spotify:track:1Lne8BarN4kGDFYOL64GVr,Whoop That Trick,Whoop That Trick,Baby rhiii,2026-04-03,105000.0,41.0,True,9awd53s3nymgaya2yc2uivk4m,2026-06-01T18:39:09Z,,Baby rhiii,0.689,0.488,9.0,-7.786,1.0,0.372,0.00178,0.0,0.0753,0.53,160.415,4.0
spotify:track:285pBltuF7vW8TeWk8hdRR,Lucid Dreams,Goodbye & Good Riddance,Juice WRLD,2018-12-10,239835.0,85.0,True,9awd53s3nymgaya2yc2uivk4m,2026-06-01T18:39:09Z,"melodic rap,emo rap",Juice WRLD Mixtape / ISR P&D,0.511,0.566,6.0,-7.23,0.0,0.2,0.349,0.0,0.34,0.218,83.903,4.0
spotify:track:0WSEq9Ko4kFPt8yo3ICd6T,Praise God,Donda,Kanye West,2021-08-29,226652.0,75.0,False,9awd53s3nymgaya2yc2uivk4m,2026-06-01T18:39:09Z,rap,Rock The World/IDJ/Kanye LP7,0.798,0.545,1.0,-6.466,1.0,0.168,0.00904,9.48e-05,0.258,0.212,118.029,4.0
spotify:track:7eBqSVxrzQZtK2mmgRG6lC,Murder on My Mind,I AM YOU,YNW Melly,2018-08-03,268434.0,80.0,True,9awd53s3nymgaya2yc2uivk4m,2026-06-01T18:39:09Z,melodic rap,P2018,0.759,0.73,0.0,-7.985,0.0,0.0516,0.145,3.06e-06,0.11,0.74,115.007,4.0
spotify:track:4Q3N4Ct4zCuIHuZ65E3BD4,Tunnel Vision,Painting Pictures,Kodak Black,2017-03-31,268186.0,78.0,True,9awd53s3nymgaya2yc2uivk4m,2026-06-01T18:39:09Z,,Atlantic Records,0.497,0.489,11.0,-7.724,0.0,0.294,0.0576,9.91e-05,0.122,0.231,171.853,4.0
spotify:track:0k1WUmIRnG3xU6fvvDVfRG,Way 2 Sexy (with Future & Young Thug),Certified Lover Boy,Drake;Future;Young Thug,2021-09-03,257604.0,75.0,True,9awd53s3nymgaya2yc2uivk4m,2026-06-01T18:39:09Z,"rap,melodic rap,trap",OVO,0.803,0.597,11.0,-6.035,0.0,0.141,0.000619,4.5e-06,0.323,0.331,136.008,4.0
spotify:track:6V7g6qM8wheMivMWrzbPTM,Leave Me Alone,LOVE FOR GUALA,Flipp Dinero,2019-11-22,195637.0,73.0,True,9awd53s3nymgaya2yc2uivk4m,2026-06-01T18:39:09Z,,Cinematic/Epic/We The Best,0.792,0.743,7.0,-2.806,1.0,0.0851,0.107,0.0,0.183,0.742,150.024,4.0
spotify:track:2BJSMvOGABRxokHKB0OI8i,Shoota (feat. Lil Uzi Vert),Die Lit,Playboi Carti;Lil Uzi Vert,2018-05-11,153800.0,79.0,True,9awd53s3nymgaya2yc2uivk4m,2026-06-01T18:39:09Z,"rage rap,melodic rap",AWGE Label,0.673,0.649,1.0,-8.433,0.0,0.196,0.188,0.0,0.122,0.47,153.075,4.0
spotify:track:7oJrVhiTPZGBXWPwhxjy9S,Lust,Life of a Dark Rose,Lil Skies,2017-12-12,156000.0,76.0,True,9awd53s3nymgaya2yc2uivk4m,2026-06-01T18:39:09Z,melodic rap,All We Got Ent.,0.718,0.767,9.0,-5.641,1.0,0.166,0.138,0.0,0.114,0.519,160.084,4.0
spotify:track:0e7ipj03S05BNilyu5bRzt,rockstar (feat. 21 Savage),beerbongs & bentleys,Post Malone;21 Savage,2018-04-27,218146.0,84.0,True,9awd53s3nymgaya2yc2uivk4m,2026-06-01T18:39:09Z,,Republic Records,0.585,0.52,5.0,-6.136,0.0,0.0713,0.124,7.75e-05,0.131,0.129,159.798,4.0
spotify:track:6n4U3TlzUGhdSFbUUhTvLP,Walk It Talk It,Culture II,Migos;Drake,2018-01-26,276147.0,76.0,True,9awd53s3nymgaya2yc2uivk4m,2026-06-01T18:39:09Z,"trap,rap","Quality Control Music, LLC",0.908,0.633,2.0,-5.145,1.0,0.183,0.0859,2.31e-06,0.106,0.395,145.914,4.0
spotify:track:7FYH5AW3bVfZHJIQpq3UOA,I Don't Fuck With You,Dark Sky Paradise,Big Sean;E-40,2015-02-23,284386.0,77.0,True,9awd53s3nymgaya2yc2uivk4m,2026-06-01T18:39:09Z,"hyphy,west coast hip hop,g-funk",Getting Out Our Dreams Inc. (G.O.O.D.) Music / IDJ,0.824,0.733,1.0,-5.474,1.0,0.0614,0.0362,0.0,0.325,0.395,97.971,4.0
spotify:track:2bjwRfXMk4uRgOD9IBYl9h,Portland,More Life,Drake;Quavo;Travis Scott,2017-03-18,236614.0,70.0,True,9awd53s3nymgaya2yc2uivk4m,2026-06-01T18:39:09Z,rap,Cash Money Records/Young Money Ent./Universal Rec.,0.925,0.443,1.0,-8.216,1.0,0.264,0.0172,0.0,0.276,0.35,136.078,4.0
spotify:track:2BITQ360Knh6qNAOqR7Dyq,Miss The Rage (feat. Playboi Carti),Miss The Rage (feat. Playboi Carti),Trippie Redd;Playboi Carti,2021-05-07,236883.0,3.0,True,9awd53s3nymgaya2yc2uivk4m,2026-06-01T18:39:09Z,"melodic rap,rage rap",1400 Entertainment / 10K Projects,0.584,0.859,8.0,-5.616,1.0,0.121,0.0144,0.0,0.847,0.369,77.005,4.0
spotify:track:5eqK0tbzUPo2SoeZsov04s,Bank Account,Issa Album,21 Savage,2017-07-06,220306.0,75.0,True,9awd53s3nymgaya2yc2uivk4m,2026-06-01T18:39:09Z,,"Slaughter Gang, LLC/Epic Records",0.884,0.347,8.0,-8.227,0.0,0.35,0.015,7e-06,0.0871,0.376,75.016,4.0
spotify:track:2gZUPNdnz5Y45eiGxpHGSc,POWER,My Beautiful Dark Twisted Fantasy,Kanye West,2010-11-22,292093.0,83.0,True,9awd53s3nymgaya2yc2uivk4m,2026-06-01T18:39:09Z,rap,Roc-A-Fella,0.542,0.914,0.0,-4.747,0.0,0.113,0.0161,0.0,0.744,0.576,153.993,4.0
spotify:track:0AICBlLzFCTpUqmAbtzB2z,Love Scars,A Love Letter To You,Trippie Redd,2017-05-14,143969.0,2.0,True,9awd53s3nymgaya2yc2uivk4m,2026-06-01T18:39:09Z,melodic rap,Strainge Entertainment,0.659,0.614,9.0,-7.32,0.0,0.0542,0.000403,0.0,0.123,0.26,119.405,4.0
spotify:track:5YEOzOojehCqxGQCcQiyR4,Panda,New English,Desiigner,2016-06-26,246761.0,72.0,True,9awd53s3nymgaya2yc2uivk4m,2026-06-01T18:39:09Z,,Getting Out Our Dreams Inc. (G.O.O.D.) Music / IDJ,0.576,0.766,10.0,-4.943,0.0,0.449,0.0278,1.71e-06,0.366,0.236,144.836,4.0
spotify:track:1t9WgS8FN0534tLBRwbaxO,Whoopty,Loyalty Over Royalty,CJ,2021-02-19,123262.0,66.0,True,9awd53s3nymgaya2yc2uivk4m,2026-06-01T18:39:09Z,dembow,Warner Records,0.719,0.648,3.0,-7.6,0.0,0.125,0.2,0.0,0.127,0.66,140.201,4.0
spotify:track:0ZLuW8uOXdFNWcI40C0OC2,"Whats Poppin (feat. DaBaby, Tory Lanez & Lil Wayne) [Remix] - Bonus Track",Thats What They All Say,Jack Harlow;Tory Lanez;DaBaby;Lil Wayne,2020-12-11,227478.0,68.0,True,9awd53s3nymgaya2yc2uivk4m,2026-06-01T18:39:09Z,"rap,hip hop",Generation Now/Atlantic,0.904,0.723,11.0,-5.224,0.0,0.26,0.0631,0.0,0.185,0.835,145.013,4.0
spotify:track:12ixY7AfSvAiV59pTTZ5ng,When You Get Money,When You Get Money,Tato Beats;Deric,2026-05-01,203636.0,41.0,True,9awd53s3nymgaya2yc2uivk4m,2026-06-01T18:39:09Z,,TatoCBProductions,0.845,0.538,1.0,-7.361,1.0,0.145,0.235,0.0,0.115,0.197,132.031,4.0
spotify:track:3s4mrPrEFFPF0LmAfutW0n,The London (feat. J. Cole & Travis Scott),So Much Fun,Young Thug;J. Cole;Travis Scott,2019-08-16,200186.0,74.0,True,9awd53s3nymgaya2yc2uivk4m,2026-06-01T18:39:09Z,"rap,melodic rap,trap",300 Entertainment/Atl,0.784,0.517,4.0,-8.981,0.0,0.209,0.0249,1.44e-06,0.155,0.206,97.991,4.0
spotify:track:0nbXyq5TXYPCO7pr3N8S4I,The Box,Please Excuse Me for Being Antisocial,Roddy Ricch,2019-12-06,196652.0,86.0,True,9awd53s3nymgaya2yc2uivk4m,2026-06-01T18:39:09Z,melodic rap,Atlantic Records,0.896,0.586,10.0,-6.687,0.0,0.0559,0.104,0.0,0.79,0.642,116.971,4.0
spotify:track:0sVcnEo2jnUnr3p7uVDZ9o,Walk,Bawskee,Comethazine,2018-08-24,96063.0,60.0,True,9awd53s3nymgaya2yc2uivk4m,2026-06-01T18:39:09Z,,Alamo,0.828,0.795,1.0,-6.188,1.0,0.26,0.228,0.0,0.307,0.739,160.099,4.0
spotify:track:3QzAOrNlsabgbMwlZt7TAY,Ballin' (with Roddy Ricch),Perfect Ten,Mustard;Roddy Ricch,2019-06-28,180434.0,77.0,True,9awd53s3nymgaya2yc2uivk4m,2026-06-01T18:39:09Z,melodic rap,10 Summers Records/Interscope Records,0.809,0.545,7.0,-6.678,1.0,0.0734,0.392,0.0,0.151,0.244,97.008,4.0
spotify:track:5ry2OE6R2zPQFDO85XkgRb,Money In The Grave (Drake ft. Rick Ross),The Best In The World Pack,Drake;Rick Ross,2019-06-15,205426.0,78.0,True,9awd53s3nymgaya2yc2uivk4m,2026-06-01T18:39:09Z,"rap,southern hip hop",Republic Records,0.831,0.502,10.0,-4.045,0.0,0.046,0.101,0.0,0.122,0.101,100.541,4.0
spotify:track:7ytR5pFWmSjzHJIeQkgog4,ROCKSTAR (feat. Roddy Ricch),BLAME IT ON BABY,DaBaby;Roddy Ricch,2020-04-17,181733.0,78.0,True,9awd53s3nymgaya2yc2uivk4m,2026-06-01T18:39:09Z,melodic rap,South Coast Music Group/Interscope Records,0.746,0.69,11.0,-7.956,1.0,0.164,0.247,0.0,0.101,0.497,89.977,4.0
spotify:track:2gwkD6igEhQbDQegRCcdoB,Suge,Baby On Baby,DaBaby,2019-03-01,163320.0,70.0,True,9awd53s3nymgaya2yc2uivk4m,2026-06-01T18:39:09Z,,South Coast Music Group/Interscope Records,0.876,0.662,2.0,-6.482,0.0,0.426,0.0608,0.0,0.127,0.844,75.445,4.0
spotify:track:2t8yVaLvJ0RenpXUIAC52d,a lot,i am > i was,21 Savage,2018-12-21,288624.0,82.0,True,9awd53s3nymgaya2yc2uivk4m,2026-06-01T18:39:09Z,,"Slaughter Gang, LLC/Epic Records",0.837,0.636,1.0,-7.643,1.0,0.086,0.0395,0.00125,0.342,0.274,145.972,4.0
spotify:track:1uL78kFWxhz3umTMWJu8n5,Sauce It Up,Luv Is Rage 2,Lil Uzi Vert,2017-08-25,207038.0,68.0,True,9awd53s3nymgaya2yc2uivk4m,2026-06-01T18:39:09Z,"melodic rap,rage rap",Generation Now/Atlantic,0.813,0.528,6.0,-6.305,0.0,0.313,0.0715,0.0,0.125,0.131,79.532,4.0
spotify:track:3dgQqOiQ9fCKVhNOedd2lf,Started From the Bottom,Nothing Was The Same (Deluxe),Drake,2013-01-01,174120.0,71.0,True,9awd53s3nymgaya2yc2uivk4m,2026-06-01T18:39:09Z,rap,Cash Money Records/Young Money Ent./Universal Rec.,0.794,0.523,8.0,-7.829,1.0,0.161,0.0331,0.0,0.156,0.56,86.307,4.0
spotify:track:0TlLq3lA83rQOYtrqBqSct,Nonstop,Scorpion,Drake,2018-06-29,238614.0,80.0,True,9awd53s3nymgaya2yc2uivk4m,2026-06-01T18:39:09Z,rap,Cash Money/Drake LP6,0.912,0.412,7.0,-8.074,1.0,0.123,0.0165,0.0126,0.104,0.423,154.983,4.0
spotify:track:1WIZiOuNO3woKfdlSK2gNn,Transportin',Project Baby 2: All Grown Up,Kodak Black,2017-08-18,169344.0,81.0,True,9awd53s3nymgaya2yc2uivk4m,2026-06-01T18:39:09Z,,Atlantic Records,0.804,0.66,10.0,-4.86,0.0,0.0726,0.0319,0.0,0.103,0.257,94.053,4.0
spotify:track:60PAzFNW3vAiAiVK6DRJfB,Day 'N' Nite (Nightmare),Man On The Moon: The End Of Day (Int'l Version),Kid Cudi,2009-01-01,221240.0,75.0,False,9awd53s3nymgaya2yc2uivk4m,2026-06-01T18:39:09Z,,Kid Cudi/Universal Records,0.88,0.443,11.0,-6.359,0.0,0.0653,0.462,7.13e-06,0.122,0.803,138.018,4.0
spotify:track:6eT7xZZlB2mwyzJ2sUKG6w,White Iverson,Stoney (Deluxe),Post Malone,2016-12-09,256532.0,82.0,True,9awd53s3nymgaya2yc2uivk4m,2026-06-01T18:39:09Z,,Mercury Records/Republic Owned,0.675,0.561,7.0,-7.678,1.0,0.0352,0.233,0.0,0.0793,0.309,130.098,4.0
spotify:track:6JjEVlMkfHWMeYavkEYzNO,Gassed Up,Gassed Up,Nebu Kiniza,2016-08-26,193911.0,72.0,True,9awd53s3nymgaya2yc2uivk4m,2026-06-01T18:39:09Z,,OSHS Records/RCA Records,0.798,0.568,5.0,-9.072,0.0,0.135,0.0213,0.0,0.0586,0.45,148.88,3.0
spotify:track:0fySG6A6qLE8IvDpayb5bM,VIBEZ,KIRK,DaBaby,2019-09-27,144935.0,66.0,True,9awd53s3nymgaya2yc2uivk4m,2026-06-01T18:39:09Z,,South Coast Music Group/Interscope Records,0.768,0.652,1.0,-2.708,0.0,0.307,0.113,0.0,0.107,0.777,154.187,4.0
spotify:track:18vXApRmJSgQ6wG2ll9AOg,RAPSTAR,Hall of Fame,Polo G,2021-06-11,165925.0,78.0,True,9awd53s3nymgaya2yc2uivk4m,2026-06-01T18:39:09Z,,Columbia,0.789,0.536,6.0,-6.862,1.0,0.242,0.41,0.0,0.129,0.437,81.039,4.0
spotify:track:6gi6y1xwmVszDWkUqab1qw,OUT WEST (feat. Young Thug),JACKBOYS,JACKBOYS;Travis Scott;Young Thug,2019-12-27,157712.0,79.0,True,9awd53s3nymgaya2yc2uivk4m,2026-06-01T18:39:09Z,"rap,melodic rap,trap",Cactus Jack/Epic,0.802,0.591,8.0,-4.895,1.0,0.225,0.0104,0.0,0.196,0.309,139.864,4.0
spotify:track:3NXjOt5e8V3M7Hr2EPNUgc,Blood Money,Blood Money,Slxve2Drxgs,2026-04-25,89638.0,26.0,True,9awd53s3nymgaya2yc2uivk4m,2026-06-01T18:39:09Z,,FettiMusik,0.854,0.467,1.0,-8.144,1.0,0.173,0.0717,0.0123,0.162,0.267,110.004,4.0
spotify:track:1sbEeUY8KsdvgiQi26JBFz,POPSTAR (feat. Drake),KHALED KHALED,DJ Khaled;Drake,2021-04-30,200221.0,68.0,True,9awd53s3nymgaya2yc2uivk4m,2026-06-01T18:39:09Z,rap,Epic/We The Best,0.803,0.565,5.0,-4.711,0.0,0.235,0.0558,0.0,0.141,0.474,163.085,4.0
spotify:track:5rZlwNFl01HqLWBQGryKSm,Mood Swings (feat. Lil Tjay),Shoot For The Stars Aim For The Moon,Pop Smoke;Lil Tjay,2020-07-03,213333.0,39.0,True,9awd53s3nymgaya2yc2uivk4m,2026-06-01T18:39:09Z,"brooklyn drill,new york drill,drill,melodic rap",Victor Victor Worldwide,0.48,0.602,10.0,-6.335,0.0,0.368,0.487,0.0,0.0848,0.269,179.798,4.0
spotify:track:0KzQT7cPhG9NMd7HYLR1O5,forreal,lost angeles files,Dyl,2026-02-27,132610.0,27.0,True,9awd53s3nymgaya2yc2uivk4m,2026-06-01T18:39:09Z,,dylmusic.com,0.688,0.66,1.0,-6.096,0.0,0.15,0.286,0.0,0.119,0.492,145.05,4.0
spotify:track:1ThmUihH9dF8EV08ku5AXN,Faucet Failure,STOKELEY,Ski Mask The Slump God,2018-11-30,145626.0,30.0,True,9awd53s3nymgaya2yc2uivk4m,2026-06-01T18:39:13Z,,Republic Records,0.935,0.552,10.0,-9.373,0.0,0.335,0.111,0.0,0.0952,0.616,99.993,4.0
spotify:track:07KXEDMj78x68D884wgVEm,High Fashion (feat. Mustard),Please Excuse Me for Being Antisocial,Roddy Ricch;Mustard,2019-12-06,220486.0,74.0,True,9awd53s3nymgaya2yc2uivk4m,2026-06-01T18:39:13Z,melodic rap,Atlantic Records,0.831,0.499,11.0,-8.442,0.0,0.114,0.269,0.0,0.3,0.511,97.956,4.0
spotify:track:2XHzzp1j4IfTNp1FTn7YFg,Love Me,I Am Not A Human Being II (Deluxe),Lil Wayne;Drake;Future,2013-01-01,255053.0,87.0,True,9awd53s3nymgaya2yc2uivk4m,2026-06-01T18:39:13Z,"rap,hip hop",CM/Republic,0.67,0.634,11.0,-6.471,1.0,0.0326,0.0124,0.0,0.0946,0.497,124.926,4.0
spotify:track:03tqyYWC9Um2ZqU0ZN849H,No Hands (feat. Roscoe Dash & Wale),Flockaveli,Waka Flocka Flame;Roscoe Dash;Wale,2010-10-01,263773.0,86.0,True,9awd53s3nymgaya2yc2uivk4m,2026-06-01T18:39:13Z,,Asylum/Warner Records,0.76,0.595,1.0,-6.366,1.0,0.0391,0.00544,0.0,0.241,0.361,131.497,4.0
spotify:track:527k23H0A4Q0UJN3vGs0Da,After Party,Heaven Or Hell,Don Toliver,2020-03-13,167915.0,77.0,True,9awd53s3nymgaya2yc2uivk4m,2026-06-01T18:39:13Z,,We Run It Ent./Cactus Jack/Atlantic,0.629,0.692,5.0,-8.045,1.0,0.0376,0.00981,0.331,0.603,0.453,162.948,4.0
spotify:track:32lItqlMi4LBhb4k0BaSaC,Candy Paint,beerbongs & bentleys,Post Malone,2018-04-27,227533.0,76.0,True,9awd53s3nymgaya2yc2uivk4m,2026-06-01T18:39:13Z,,Republic Records,0.66,0.667,4.0,-5.941,1.0,0.156,0.64,1.22e-06,0.0753,0.381,180.044,4.0
spotify:track:4ea9w8c4ROqiZpJVhfBA3m,Hot (Remix) [feat. Gunna and Travis Scott],So Much Fun (Deluxe),Young Thug;Travis Scott;Gunna,2019-12-20,279906.0,77.0,True,9awd53s3nymgaya2yc2uivk4m,2026-06-01T18:39:13Z,"rap,melodic rap,trap",300 Entertainment/Atl,0.845,0.631,7.0,-8.206,0.0,0.216,0.188,0.0,0.0806,0.545,111.983,4.0
spotify:track:7gy4SloO48zqDNhmgd2UKN,Ski,Slime Language 2 (Deluxe),Young Stoner Life;Young Thug;Gunna,2021-04-16,152333.0,46.0,True,9awd53s3nymgaya2yc2uivk4m,2026-06-01T18:39:13Z,"rap,melodic rap,trap",300 Entertainment,0.953,0.621,8.0,-7.638,0.0,0.221,0.017,0.0,0.0398,0.883,123.016,4.0
spotify:track:0A4U044HpN5o6sni7ookNg,Solid (feat. Drake),Slime Language 2 (Deluxe),Young Stoner Life;Young Thug;Gunna;Drake,2021-04-16,215693.0,46.0,True,9awd53s3nymgaya2yc2uivk4m,2026-06-01T18:39:13Z,"rap,melodic rap,trap",300 Entertainment,0.887,0.485,11.0,-9.358,0.0,0.2,0.0392,0.0,0.141,0.328,125.987,4.0
spotify:track:0vjeOZ3Ft5jvAi9SBFJm1j,Superhero (Heroes & Villains) [with Future & Chris Brown],HEROES & VILLAINS,Metro Boomin;Future;Chris Brown,2022-12-02,182666.0,80.0,True,9awd53s3nymgaya2yc2uivk4m,2026-06-01T18:39:13Z,"rap,r&b",Republic Records,0.709,0.583,5.0,-5.298,0.0,0.204,0.138,2.97e-06,0.195,0.533,116.624,4.0
spotify:track:025WaxTlNbiWbZPJayH4QF,Patek Swag,Patek Swag,rags;avyiu,2022-05-16,317570.0,0.0,True,9awd53s3nymgaya2yc2uivk4m,2026-06-01T18:39:13Z,,x,0.851,0.483,11.0,-10.908,1.0,0.267,0.0701,0.0,0.124,0.492,129.924,4.0
spotify:track:1h6kgem1ai8vUgO1rZOwfB,I Don't Like,Finally Rich,Chief Keef;Lil Reese,2012-01-01,293840.0,78.0,True,9awd53s3nymgaya2yc2uivk4m,2026-06-01T18:39:13Z,"chicago drill,drill",UMGRI Interscope,0.742,0.844,2.0,-4.622,1.0,0.0479,0.000634,0.0,0.0659,0.416,131.995,4.0
spotify:track:6pcywuOeGGWeOQzdUyti6k,Glock In My Lap,SAVAGE MODE II,21 Savage;Metro Boomin,2020-10-02,193591.0,77.0,True,9awd53s3nymgaya2yc2uivk4m,2026-06-01T18:39:13Z,,"Slaughter Gang, LLC/Epic/Boominati Worldwide/Republic",0.847,0.733,10.0,-6.439,0.0,0.16,0.00574,1.04e-05,0.151,0.202,130.029,4.0
spotify:track:0FlcmZ13DGRmscCroro9GO,Body,OCTANE,Don Toliver,2026-01-30,155753.0,88.0,True,9awd53s3nymgaya2yc2uivk4m,2026-06-01T18:39:13Z,,CactusJack/Donnway/ATL,0.828,0.479,8.0,-3.688,1.0,0.0734,0.222,0.0,0.159,0.696,145.944,4.0
spotify:track:57Z6TJCTMACXxdrcwZ3Zvf,Phantom,Rebel,EsDeeKid;Rico Ace,2025-06-20,109759.0,86.0,True,9awd53s3nymgaya2yc2uivk4m,2026-06-01T18:39:13Z,,Lizzy Records,0.875,0.525,1.0,-4.2,1.0,0.129,0.0185,0.000454,0.112,0.315,140.006,4.0
spotify:track:5uz5v1hRZLjNGatcPtOWUv,LV Sandals,Rebel,EsDeeKid;fakemink;Rico Ace,2025-06-20,111157.0,83.0,True,9awd53s3nymgaya2yc2uivk4m,2026-06-01T18:39:13Z,cloud rap,Lizzy Records,0.729,0.581,2.0,-4.707,1.0,0.324,0.0318,0.0419,0.304,0.412,189.898,4.0
spotify:track:2FycFFuNMVVYIiIqeldXF5,STOLE YA FLOW,Don't Be Dumb,A$AP Rocky,2026-01-16,199015.0,73.0,True,9awd53s3nymgaya2yc2uivk4m,2026-06-01T18:39:13Z,rap,A$AP Worldwide/RCA Records,0.559,0.722,5.0,-4.015,1.0,0.0409,0.0672,0.0,0.603,0.105,160.574,4.0
spotify:track:7cjoZVmWe2xsGR4wcXiV2v,What You Saying,What You Saying,Lil Uzi Vert,2025-12-22,131729.0,68.0,False,9awd53s3nymgaya2yc2uivk4m,2026-06-01T18:39:13Z,"melodic rap,rage rap",Roc Nation Distribution,0.634,0.731,11.0,-7.801,0.0,0.205,0.00777,0.0,0.168,0.354,133.146,4.0
spotify:track:2vl0D1b0M6UHlD1Fjh5j1m,JETSKI (feat. Lil Mosey & Lil Tecca),JETSKI (feat. Lil Mosey & Lil Tecca),Internet Money;Lil Tecca;Lil Mosey,2021-03-26,165161.0,1.0,True,9awd53s3nymgaya2yc2uivk4m,2026-06-01T18:39:13Z,"melodic rap,rap",Internet Money Records / 10K Projects,0.883,0.446,8.0,-8.723,0.0,0.296,0.0253,0.0,0.103,0.463,92.95,4.0
spotify:track:1fewSx2d5KIZ04wsooEBOz,Space Cadet (feat. Gunna),NOT ALL HEROES WEAR CAPES (Deluxe),Metro Boomin;Gunna,2018-11-06,203266.0,78.0,True,9awd53s3nymgaya2yc2uivk4m,2026-06-01T18:39:13Z,melodic rap,Republic Records,0.901,0.464,5.0,-9.789,0.0,0.0645,0.368,1.82e-05,0.238,0.638,109.004,4.0
spotify:track:2bSk87AVkCIIC3Bcligq1z,Life Goes On,Harder Than Ever,Lil Baby;Gunna;Lil Uzi Vert,2018-05-18,247054.0,76.0,True,9awd53s3nymgaya2yc2uivk4m,2026-06-01T18:39:13Z,"melodic rap,rage rap","Quality Control Music, LLC",0.716,0.541,1.0,-7.909,1.0,0.149,0.0021,0.0,0.115,0.387,139.978,4.0
spotify:track:3E66ZZK0P93CGxTVvg5V4x,B2L Freestyle,B2L Freestyle,Saint Zuko,2026-01-16,139713.0,21.0,True,9awd53s3nymgaya2yc2uivk4m,2026-06-03T20:08:40Z,,9th St. / Hallwood,0.557,0.57,10.0,-8.799,1.0,0.129,0.00235,7.05e-06,0.317,0.0897,140.72,4.0
spotify:track:1wJRveJZLSb1rjhnUHQiv6,Swervin (feat. 6ix9ine),Hoodie SZN,A Boogie Wit da Hoodie;6ix9ine,2018-12-21,189486.0,71.0,True,9awd53s3nymgaya2yc2uivk4m,2026-06-01T18:39:13Z,melodic rap,Highbridge the Label / Atlantic Records,0.581,0.662,9.0,-5.239,1.0,0.303,0.0153,0.0,0.111,0.434,93.023,4.0
spotify:track:2r6OAV3WsYtXuXjvJ1lIDi,Hello (feat. A Boogie Wit da Hoodie),Shoot For The Stars Aim For The Moon (Deluxe),Pop Smoke;A Boogie Wit da Hoodie,2020-07-20,190534.0,34.0,True,9awd53s3nymgaya2yc2uivk4m,2026-06-01T18:39:13Z,"brooklyn drill,new york drill,drill,melodic rap",Victor Victor Worldwide,0.905,0.647,10.0,-5.065,0.0,0.107,0.0187,0.0,0.282,0.367,130.97,4.0
spotify:track:75lcPkAkUsKWHGBlGM476R,1400 / 999 Freestyle,A Love Letter To You 3,Trippie Redd;Juice WRLD,2018-11-09,175954.0,3.0,True,9awd53s3nymgaya2yc2uivk4m,2026-06-01T18:39:13Z,"melodic rap,emo rap","TenThousand Projects, LLC",0.823,0.572,6.0,-6.067,0.0,0.0865,0.0079,0.0,0.113,0.568,141.996,4.0
spotify:track:5FkoSXiJPKTNyYgALRJFhD,ORANGE SODA,DIE FOR MY BITCH,Baby Keem,2019-07-19,129882.0,79.0,True,9awd53s3nymgaya2yc2uivk4m,2026-06-01T18:39:13Z,,Baby Keem LLC,0.83,0.564,1.0,-7.822,1.0,0.235,0.177,0.0,0.128,0.107,85.042,4.0
spotify:track:45c7JdMjU5P6oHKR1hiRPh,Aquafina,lost angeles files,Dyl,2026-02-27,125730.0,27.0,True,9awd53s3nymgaya2yc2uivk4m,2026-06-01T18:39:13Z,,dylmusic.com,0.876,0.541,9.0,-8.461,1.0,0.122,0.101,2.03e-06,0.13,0.391,103.031,4.0
spotify:track:11kDth1aKUEUMq9r1pqyds,5% TINT,ASTROWORLD,Travis Scott,2018-08-03,196138.0,75.0,True,9awd53s3nymgaya2yc2uivk4m,2026-06-01T18:39:13Z,rap,Cactus Jack / Epic,0.712,0.481,4.0,-5.415,0.0,0.0487,0.173,0.0,0.241,0.062,140.0,4.0
spotify:track:7d19457woBxmPRCq255YqM,The Race - Remix,#SantanaWorld (+),Tay-K;21 Savage;Young Nudy,2017-12-14,211875.0,65.0,True,9awd53s3nymgaya2yc2uivk4m,2026-06-01T18:39:13Z,,88 Classic,0.75,0.548,9.0,-6.288,1.0,0.358,0.00619,0.0,0.156,0.377,160.084,4.0
spotify:track:55WLWX71YkHt2tSucNIf1g,Sold Out Dates (feat. Lil Baby),Sold Out Dates (feat. Lil Baby),Gunna;Lil Baby,2018-04-16,166368.0,72.0,True,9awd53s3nymgaya2yc2uivk4m,2026-06-01T18:39:13Z,melodic rap,300 Entertainment,0.817,0.556,4.0,-7.178,0.0,0.14,0.469,0.0,0.131,0.314,126.991,4.0
spotify:track:6mapJIPnQ23RTAevUoE0DL,Swang,SremmLife 2 (Deluxe),Rae Sremmurd,2016-08-12,208120.0,81.0,True,9awd53s3nymgaya2yc2uivk4m,2026-06-01T18:39:13Z,,Mike WiLL Made-It,0.681,0.314,8.0,-9.319,1.0,0.0581,0.2,9.82e-06,0.1,0.166,139.992,4.0
spotify:track:3WRORoNhAokt3joULQP4LW,Dreaming Of You,Dreaming Of You,Mac Nealy,2026-04-10,192527.0,33.0,False,9awd53s3nymgaya2yc2uivk4m,2026-06-01T18:39:13Z,,OneLand Music Group,0.864,0.782,2.0,-6.417,1.0,0.213,0.0346,0.0,0.225,0.547,91.037,4.0
spotify:track:3w1WjD2zJqjBjDz5fwqQPJ,Tyler Herro,Thats What They All Say,Jack Harlow,2020-12-11,156578.0,74.0,True,9awd53s3nymgaya2yc2uivk4m,2026-06-01T18:39:13Z,,Generation Now/Atlantic,0.792,0.793,5.0,-6.185,0.0,0.0841,0.0872,0.0,0.22,0.775,123.031,4.0
spotify:track:56uXDJRCuoS7abX3SkzHKQ,Myron,Eternal Atake (Deluxe) - LUV vs. The World 2,Lil Uzi Vert,2020-03-13,224954.0,72.0,True,9awd53s3nymgaya2yc2uivk4m,2026-06-01T18:39:13Z,"melodic rap,rage rap",Generation Now/Atlantic,0.771,0.654,8.0,-6.976,0.0,0.298,0.055,0.0,0.214,0.573,155.047,4.0
spotify:track:59J5nzL1KniFHnU120dQzt,wokeuplikethis*,Playboi Carti,Playboi Carti;Lil Uzi Vert,2017-04-14,235535.0,74.0,True,9awd53s3nymgaya2yc2uivk4m,2026-06-01T18:39:13Z,"rage rap,melodic rap",AWGE Label,0.785,0.62,8.0,-6.667,1.0,0.254,0.0138,0.0,0.15,0.478,78.477,4.0
spotify:track:0k7wmahjkn389wAZdz19Cv,Drankin N Smokin,Pluto x Baby Pluto,Future;Lil Uzi Vert,2020-11-13,213520.0,72.0,True,9awd53s3nymgaya2yc2uivk4m,2026-06-01T18:39:13Z,"rap,melodic rap,rage rap",Generation Now/Atlantic,0.752,0.658,0.0,-6.297,1.0,0.342,0.0421,0.0,0.0927,0.387,151.951,4.0
spotify:track:5uQOauh47VFt3B2kV9kRXw,My Shit,Artist,A Boogie Wit da Hoodie,2016-09-16,128156.0,79.0,True,9awd53s3nymgaya2yc2uivk4m,2026-06-01T18:39:13Z,melodic rap,Highbridge The Label,0.812,0.621,5.0,-8.3,1.0,0.0515,0.244,0.0,0.099,0.847,77.998,4.0
spotify:track:5274I4mUMnYczyeXkGDWZN,Fine China,Future & Juice WRLD Present... WRLD ON DRUGS,Future;Juice WRLD,2018-10-19,141586.0,70.0,True,9awd53s3nymgaya2yc2uivk4m,2026-06-01T18:39:13Z,"rap,melodic rap,emo rap",Epic/Freebandz/Grade A/Interscope,0.656,0.542,7.0,-7.358,1.0,0.323,0.0484,0.0,0.126,0.551,166.111,4.0
spotify:track:1VLtjHwRWOVJiE5Py7JxoQ,Martin & Gina,THE GOAT,Polo G,2020-05-15,132832.0,79.0,True,9awd53s3nymgaya2yc2uivk4m,2026-06-01T18:39:13Z,,Columbia,0.832,0.534,1.0,-7.813,0.0,0.253,0.345,0.0,0.165,0.116,93.924,4.0
spotify:track:7IMwEtpAiJanqF6vQteZN2,Turks (with Gunna & ft. Travis Scott),Good Intentions,NAV;Gunna;Travis Scott,2020-05-08,161319.0,65.0,True,9awd53s3nymgaya2yc2uivk4m,2026-06-01T18:39:13Z,"melodic rap,rap",Republic Records,0.894,0.618,7.0,-4.356,0.0,0.129,0.0808,0.0,0.558,0.379,119.1,4.0
spotify:track:3JKgcAa7r07ocVWcV8bS0H,21,THE GOAT,Polo G,2020-05-15,163797.0,73.0,True,9awd53s3nymgaya2yc2uivk4m,2026-06-01T18:39:13Z,,Columbia,0.783,0.479,7.0,-10.646,1.0,0.541,0.149,0.0,0.101,0.533,176.027,4.0
spotify:track:7wBJfHzpfI3032CSD7CE2m,STARGAZING,ASTROWORLD,Travis Scott,2018-08-03,270714.0,76.0,True,9awd53s3nymgaya2yc2uivk4m,2026-06-01T18:39:13Z,rap,Cactus Jack / Epic,0.487,0.789,8.0,-3.69,1.0,0.044,0.00947,4.05e-06,0.189,0.0564,150.007,4.0
spotify:track:4v1P7JCjehbg5TmLQo2mFy,7AM,Luv Is Rage,Lil Uzi Vert,2015-12-18,219712.0,72.0,True,9awd53s3nymgaya2yc2uivk4m,2026-06-01T18:39:13Z,"melodic rap,rage rap",Generation Now/Atlantic,0.638,0.526,7.0,-8.401,1.0,0.131,0.275,0.0,0.462,0.301,139.054,4.0
spotify:track:7lAK3oHbfEnvUQWosrMMpR,YOSEMITE,ASTROWORLD,Travis Scott,2018-08-03,150043.0,78.0,False,9awd53s3nymgaya2yc2uivk4m,2026-06-01T18:39:13Z,rap,Cactus Jack / Epic,0.785,0.554,0.0,-6.571,1.0,0.0409,0.283,3.4e-06,0.116,0.144,128.047,4.0
spotify:track:4guBZjUyrGoHsTahO3IHdj,Did It Again,We Love You Tecca,Lil Tecca,2019-08-30,116240.0,74.0,True,9awd53s3nymgaya2yc2uivk4m,2026-06-01T18:39:13Z,"melodic rap,rap",Republic Records,0.686,0.561,10.0,-9.929,0.0,0.191,0.185,0.0,0.114,0.186,148.775,4.0
spotify:track:1Y5Jvi3eLi4Chwqch9GMem,Super Gremlin,Back For Everything,Kodak Black,2022-02-25,200547.0,75.0,True,9awd53s3nymgaya2yc2uivk4m,2026-06-01T18:39:13Z,,Atlantic Records,0.825,0.414,2.0,-6.634,1.0,0.144,0.00265,0.0,0.357,0.106,72.993,4.0
spotify:track:0soNGRgFn7aq1T4LXtFDMb,NEVER LEFT,We Love You Tecca 2,Lil Tecca,2021-08-27,168727.0,63.0,True,9awd53s3nymgaya2yc2uivk4m,2026-06-01T18:39:13Z,"melodic rap,rap",Galactic / Republic Records,0.81,0.658,11.0,-6.92,1.0,0.329,0.022,0.0,0.309,0.433,82.532,4.0
spotify:track:2fOlBMkWR7lXJfqp5VTbDG,Futsal Shuffle 2020 - Bonus Track,Eternal Atake,Lil Uzi Vert,2020-03-06,198912.0,64.0,True,9awd53s3nymgaya2yc2uivk4m,2026-06-01T18:39:13Z,"melodic rap,rage rap",Generation Now/Atlantic,0.879,0.448,7.0,-8.57,0.0,0.222,0.0346,0.0,0.224,0.278,136.985,4.0
spotify:track:0w3Q3VFdrYzo24QUIGnBNy,679 (feat. Monty),Fetty Wap (Deluxe),Fetty Wap;Monty,2015-09-25,186986.0,71.0,True,9awd53s3nymgaya2yc2uivk4m,2026-06-01T18:39:13Z,,300 Entertainment/RGF Productions,0.545,0.763,11.0,-5.528,0.0,0.407,0.00715,0.0,0.668,0.752,126.59,5.0
spotify:track:0Fpen1PTuEnCmOJtUU9Iud,New Patek,New Patek,Lil Uzi Vert,2018-09-18,343099.0,68.0,True,9awd53s3nymgaya2yc2uivk4m,2026-06-01T18:39:13Z,"melodic rap,rage rap",Generation Now/Atlantic,0.85,0.785,8.0,-4.963,0.0,0.345,0.0367,0.0,0.155,0.718,145.063,4.0
spotify:track:1YDebgap5OFwXEBG18NJvy,Red Light Green Light,Red Light Green Light,DaBaby,2021-06-25,159082.0,63.0,True,9awd53s3nymgaya2yc2uivk4m,2026-06-01T18:39:13Z,,South Coast Music Group/Interscope Records,0.933,0.656,2.0,-5.85,1.0,0.322,0.129,0.0,0.161,0.934,119.987,4.0
spotify:track:7hav1MHURQf5SAoPk0egqh,Baby Pluto,Eternal Atake,Lil Uzi Vert,2020-03-06,210261.0,68.0,True,9awd53s3nymgaya2yc2uivk4m,2026-06-01T18:39:13Z,"melodic rap,rage rap",Generation Now/Atlantic,0.772,0.634,10.0,-6.101,0.0,0.212,0.135,0.0,0.432,0.671,160.052,4.0
spotify:track:7KXjTSCq5nL1LoYtL7XAwS,HUMBLE.,DAMN.,Kendrick Lamar,2017-04-14,177000.0,85.0,True,9awd53s3nymgaya2yc2uivk4m,2026-06-01T18:39:13Z,"hip hop,west coast hip hop",Aftermath,0.908,0.621,1.0,-6.638,0.0,0.102,0.000282,5.39e-05,0.0958,0.421,150.011,4.0
spotify:track:4vVjPTApwXZwB2H3mBq3ml,HOTEL LOBBY (Unc & Phew),Only Built For Infinity Links,Quavo;Takeoff,2022-10-07,142657.0,73.0,True,9awd53s3nymgaya2yc2uivk4m,2026-06-01T18:39:13Z,,Quality Control Music/Motown Records,0.823,0.638,11.0,-4.377,1.0,0.156,0.132,0.0,0.228,0.155,127.984,4.0
spotify:track:3HNWVQHXpW70ubsDhvnegu,The Bigger Picture,My Turn (Deluxe),Lil Baby,2020-10-01,252728.0,62.0,True,9awd53s3nymgaya2yc2uivk4m,2026-06-01T18:39:13Z,,Quality Control/Motown Records,0.59,0.618,1.0,-5.756,1.0,0.334,0.0127,0.0,0.244,0.153,96.459,3.0
spotify:track:4mHgYpuGHu99Mw69E83CP2,Taking A Walk,LIFE'S A TRIP,Trippie Redd,2018-08-10,121680.0,2.0,True,9awd53s3nymgaya2yc2uivk4m,2026-06-01T18:39:13Z,melodic rap,"TenThousand Projects, LLC",0.767,0.538,0.0,-6.044,0.0,0.052,0.68,0.0,0.192,0.343,81.029,4.0
spotify:track:4FyesJzVpA39hbYvcseO2d,Just Wanna Rock,Just Wanna Rock,Lil Uzi Vert,2022-10-17,123890.0,72.0,True,9awd53s3nymgaya2yc2uivk4m,2026-06-01T18:39:13Z,"melodic rap,rage rap",Generation Now/Atlantic,0.486,0.545,11.0,-7.924,1.0,0.0336,0.0652,0.00474,0.0642,0.0385,150.187,4.0
spotify:track:4iHSE5R1U8jf84tRn52xRt,Prospect (ft. Lil Baby),I'm Gone,iann dior;Lil Baby,2020-06-12,226313.0,0.0,True,9awd53s3nymgaya2yc2uivk4m,2026-06-01T18:39:13Z,melodic rap,"TenThousand Projects, LLC",0.816,0.579,1.0,-6.097,1.0,0.0867,0.203,0.0,0.127,0.43,120.078,4.0
spotify:track:4jVBIpuOiMj1crqd8LoCrJ,FRANCHISE (feat. Young Thug & M.I.A.),FRANCHISE (feat. Young Thug & M.I.A.),Travis Scott;Young Thug;M.I.A.,2020-09-25,202794.0,74.0,True,9awd53s3nymgaya2yc2uivk4m,2026-06-01T18:39:13Z,"rap,melodic rap,trap",Cactus Jack/Epic,0.835,0.699,8.0,-5.405,0.0,0.277,0.00671,0.0,0.195,0.547,154.981,4.0
spotify:track:5cx2X3RlGDk6g4DkPq4NYw,Never Sleep (with Lil Baby feat. Travis Scott),Demons Protected By Angels,NAV;Lil Baby;Travis Scott,2022-09-09,185785.0,61.0,True,9awd53s3nymgaya2yc2uivk4m,2026-06-01T18:39:13Z,"melodic rap,rap",XO Records / Republic Records,0.815,0.67,1.0,-5.3,1.0,0.174,0.00792,0.0,0.12,0.564,139.953,4.0
spotify:track:0IJA9KP6rT55jrP1YpTdhx,Out Of Love (feat. Internet Money),Virgo World,Lil Tecca;Internet Money,2020-09-18,153626.0,70.0,True,9awd53s3nymgaya2yc2uivk4m,2026-06-01T18:39:13Z,"melodic rap,rap",Republic Records,0.732,0.636,7.0,-6.162,0.0,0.0497,0.0847,0.0,0.241,0.358,138.061,4.0
spotify:track:1gGsNNUfvVMOv4llVMg8Vg,Ps & Qs,Lil Uzi Vert vs. The World,Lil Uzi Vert,2016-05-27,221538.0,68.0,True,9awd53s3nymgaya2yc2uivk4m,2026-06-01T18:39:13Z,"melodic rap,rage rap",Generation Now/Atlantic,0.522,0.428,11.0,-11.332,0.0,0.143,0.235,2.35e-06,0.278,0.399,129.829,4.0
spotify:track:4R67rQNSbbsR4TdUVOIdez,ESCAPE PLAN,ESCAPE PLAN / MAFIA,Travis Scott,2021-11-05,149610.0,74.0,True,9awd53s3nymgaya2yc2uivk4m,2026-06-01T18:39:13Z,rap,Cactus Jack/Epic,0.839,0.506,5.0,-6.714,0.0,0.133,0.00207,0.0,0.13,0.44,154.12,4.0
spotify:track:2KLwPaRDOB87XOYAT2fgxh,Pussy & Millions (feat. Travis Scott),Her Loss,Drake;21 Savage;Travis Scott,2022-11-04,242026.0,71.0,True,9awd53s3nymgaya2yc2uivk4m,2026-06-01T18:39:13Z,rap,OVO / Republic Records,0.747,0.618,4.0,-6.685,0.0,0.111,0.061,0.0,0.377,0.377,122.09,4.0
spotify:track:7ohROa13QK43JBRqfCmz4P,What Happened To Virgil (feat. Gunna),7220,Lil Durk;Gunna,2022-03-11,181393.0,67.0,True,9awd53s3nymgaya2yc2uivk4m,2026-06-01T18:39:13Z,"chicago drill,drill,melodic rap",Alamo,0.795,0.526,6.0,-9.086,0.0,0.204,0.067,2e-06,0.134,0.194,140.037,4.0
spotify:track:3muBQDekYAg7jm6hDu6R0Z,First Day Out,My Moment,Tee Grizzley,2017-04-07,254693.0,74.0,True,9awd53s3nymgaya2yc2uivk4m,2026-06-01T18:39:13Z,,300 Entertainment,0.587,0.711,1.0,-6.33,1.0,0.42,0.171,0.0,0.125,0.381,98.008,4.0
spotify:track:6REbwUNlppTfcnV4d4ZoZi,Swimming Pools (Drank),Swimming Pools (Drank),Kendrick Lamar,2012-01-01,247800.0,84.0,True,9awd53s3nymgaya2yc2uivk4m,2026-06-01T18:39:13Z,"hip hop,west coast hip hop",Aftermath,0.693,0.445,8.0,-5.892,1.0,0.257,0.00625,0.000234,0.0899,0.199,74.044,4.0
spotify:track:4YcWzLSnGqLjSCycuSMHnn,Prices,Eternal Atake,Lil Uzi Vert;WanMor,2020-03-06,233333.0,64.0,True,9awd53s3nymgaya2yc2uivk4m,2026-06-01T18:39:13Z,"melodic rap,rage rap",Generation Now/Atlantic,0.786,0.683,7.0,-5.397,1.0,0.205,0.173,0.0,0.706,0.57,126.002,4.0
spotify:track:4IWGnyOHDrVZEtPWfs4s7q,Do What I Want,The Perfect LUV Tape,Lil Uzi Vert,2016-08-10,175203.0,69.0,True,9awd53s3nymgaya2yc2uivk4m,2026-06-01T18:39:13Z,"melodic rap,rage rap",Generation Now/Atlantic,0.681,0.701,9.0,-6.336,1.0,0.0767,0.106,0.0,0.208,0.398,139.952,4.0
spotify:track:55Q46o5adtSobImSKrrlqW,Top,Luv Is Rage,Lil Uzi Vert,2015-12-18,236000.0,69.0,True,9awd53s3nymgaya2yc2uivk4m,2026-06-01T18:39:13Z,"melodic rap,rage rap",Generation Now/Atlantic,0.776,0.762,0.0,-4.356,1.0,0.216,0.193,0.0,0.18,0.678,120.039,4.0
spotify:track:6BdgtqiV3oXNqBikezwdvC,Over,Thank Me Later,Drake,2010-01-01,233560.0,74.0,True,9awd53s3nymgaya2yc2uivk4m,2026-06-01T18:39:13Z,rap,"Aspire Music Group, LLC",0.35,0.845,7.0,-5.614,1.0,0.2,0.0107,0.0,0.123,0.45,99.643,5.0
spotify:track:6HZILIRieu8S0iqY8kIKhj,DNA.,DAMN.,Kendrick Lamar,2017-04-14,185946.0,81.0,True,9awd53s3nymgaya2yc2uivk4m,2026-06-01T18:39:13Z,"hip hop,west coast hip hop",Aftermath,0.638,0.523,1.0,-6.664,1.0,0.357,0.00454,0.0,0.0842,0.422,139.913,4.0
spotify:track:5aXgz1oKK8Q9z9xvTmSnrO,Topanga,A Love Letter To You 3,Trippie Redd,2018-11-09,215364.0,1.0,True,9awd53s3nymgaya2yc2uivk4m,2026-06-01T18:39:13Z,melodic rap,"TenThousand Projects, LLC",0.753,0.616,4.0,-8.245,1.0,0.0495,0.00583,1.77e-06,0.109,0.0388,105.952,4.0
spotify:track:74loibzxXRL875X20kenvk,Poland,Poland,Lil Yachty,2022-10-11,83200.0,61.0,True,9awd53s3nymgaya2yc2uivk4m,2026-06-01T18:39:13Z,,Quality Control Music/Motown Records,0.654,0.548,2.0,-8.723,1.0,0.0513,0.154,0.844,0.112,0.246,74.972,4.0
spotify:track:5WSYEQSBKIuibgoQTn8eeU,Holy Smokes (feat. Lil Uzi Vert),Trip At Knight (Complete Edition),Trippie Redd;Lil Uzi Vert,2021-08-21,181714.0,0.0,True,9awd53s3nymgaya2yc2uivk4m,2026-06-01T18:39:13Z,"melodic rap,rage rap","1400 Entertainment, Inc. / 10K Projects",0.422,0.491,6.0,-5.703,1.0,0.368,0.195,0.0,0.142,0.67,184.344,5.0
spotify:track:1MJErNPIQUoEMu4YUUmecm,Neon Guts (feat. Pharrell Williams),Luv Is Rage 2,Lil Uzi Vert;Pharrell Williams,2017-08-25,258789.0,76.0,True,9awd53s3nymgaya2yc2uivk4m,2026-06-01T18:39:13Z,"melodic rap,rage rap",Generation Now/Atlantic,0.859,0.563,1.0,-6.635,0.0,0.112,0.0541,0.0,0.0685,0.412,119.934,4.0
spotify:track:0IpnZchq8ek2A6pGEP2Qb1,Bean (Kobe) [feat. Chief Keef],Eternal Atake (Deluxe) - LUV vs. The World 2,Lil Uzi Vert;Chief Keef,2020-03-13,238816.0,66.0,True,9awd53s3nymgaya2yc2uivk4m,2026-06-01T18:39:13Z,"melodic rap,rage rap,chicago drill,drill",Generation Now/Atlantic,0.733,0.567,0.0,-6.718,1.0,0.319,0.0129,0.0,0.382,0.319,75.491,4.0
spotify:track:0XkmeG97T4mtYlWRJcrxec,Party Girl (Remix),Party Girl (Remix),StaySolidRocky;Lil Uzi Vert,2020-07-10,147672.0,53.0,True,9awd53s3nymgaya2yc2uivk4m,2026-06-01T18:39:13Z,"melodic rap,rage rap",Columbia,0.752,0.375,6.0,-10.157,0.0,0.204,0.533,0.0,0.175,0.591,129.995,4.0
spotify:track:1HsOTiVqdN7PB1zOS2bcsO,Matt Hardy 999 (feat. Juice WRLD),Trip At Knight (Complete Edition),Trippie Redd;Juice WRLD,2021-08-21,188025.0,0.0,True,9awd53s3nymgaya2yc2uivk4m,2026-06-01T18:39:13Z,"melodic rap,emo rap","1400 Entertainment, Inc. / 10K Projects",0.672,0.654,1.0,-4.528,1.0,0.0966,0.201,0.0,0.1,0.404,78.512,4.0
spotify:track:2ZdCrBA52bb4pIG3tOOZiQ,Dark Queen,Luv Is Rage 2,Lil Uzi Vert,2017-08-25,173419.0,64.0,True,9awd53s3nymgaya2yc2uivk4m,2026-06-01T18:39:13Z,"melodic rap,rage rap",Generation Now/Atlantic,0.747,0.606,4.0,-5.286,1.0,0.172,0.222,0.0,0.281,0.2,155.055,4.0
spotify:track:0oO1AbL92F6329z13C2qQH,Talk,Lyfë,Yeat,2022-09-09,174857.0,67.0,True,9awd53s3nymgaya2yc2uivk4m,2026-06-01T18:39:13Z,rage rap,Field Trip Recordings/Geffen Records,0.695,0.756,4.0,-4.772,0.0,0.23,0.0883,0.0,0.575,0.235,139.951,4.0
spotify:track:1MJP0iypb4krBFdn4wO9b7,Adderall (Corvette Corvette) [feat. Lil Uzi Vert] (Remix),Mud Baby,Popp Hunna;Lil Uzi Vert,2020-12-25,176382.0,0.0,True,9awd53s3nymgaya2yc2uivk4m,2026-06-01T18:39:13Z,"melodic rap,rage rap",Jay Rebel Music,0.921,0.718,4.0,-3.545,0.0,0.299,0.217,0.0,0.189,0.677,141.06,4.0
spotify:track:1Ci4wASMY4xtKVMeHA6Sd5,through the late night,Birds In The Trap Sing McKnight,Travis Scott,2016-09-16,286235.0,67.0,True,9awd53s3nymgaya2yc2uivk4m,2026-06-01T18:39:13Z,rap,Cactus Jack / Epic,0.744,0.589,5.0,-1.218,0.0,0.0359,0.36,0.0,0.119,0.242,127.051,4.0
spotify:track:0zO8ctW0UiuOefR87OeJOZ,Collard Greens,Oxymoron (Deluxe),ScHoolboy Q;Kendrick Lamar,2014-01-01,299960.0,77.0,True,9awd53s3nymgaya2yc2uivk4m,2026-06-01T18:39:13Z,"hip hop,west coast hip hop",Schoolboy Q,0.825,0.573,11.0,-4.872,1.0,0.0638,0.0255,9.19e-06,0.205,0.66,153.956,4.0
spotify:track:3a1lNhkSLSkpJE4MSHpDu9,Congratulations,Stoney (Deluxe),Post Malone;Quavo,2016-12-09,220293.0,83.0,True,9awd53s3nymgaya2yc2uivk4m,2026-06-01T18:39:13Z,,Mercury Records/Republic Owned,0.63,0.804,6.0,-4.183,1.0,0.0364,0.215,0.0,0.253,0.492,123.146,4.0
spotify:track:3JWh19WsndEFg0UFRFeTiU,Minute,Perfect Timing,NAV;Metro Boomin;Playboi Carti;Offset,2017-07-21,265373.0,59.0,True,9awd53s3nymgaya2yc2uivk4m,2026-06-01T18:39:13Z,"melodic rap,rage rap",Republic/XO/MB,0.68,0.549,5.0,-8.277,0.0,0.244,0.0919,7.14e-05,0.548,0.29,162.874,4.0
spotify:track:4tB6ApBRk7JEBKet5mRFF3,Tampa,Bonfidential Files,Cico P,2021-01-08,176160.0,1.0,True,9awd53s3nymgaya2yc2uivk4m,2026-06-01T18:39:13Z,,DawgTies Ent.,0.888,0.407,8.0,-10.158,0.0,0.487,0.157,0.0,0.0914,0.751,77.031,4.0
spotify:track:4lH6nENd1y81jp7Yt9lTBX,Solo,HNDRXX,Future,2017-07-27,265996.0,82.0,True,9awd53s3nymgaya2yc2uivk4m,2026-06-01T18:39:13Z,rap,Epic/Freebandz/A1,0.784,0.486,5.0,-6.497,0.0,0.0475,0.0538,0.497,0.101,0.0894,110.964,4.0
spotify:track:0lEjxUUlKqjqXrVlIHFduD,P power (feat. Drake),DS4EVER,Gunna;Drake,2022-01-13,193346.0,79.0,True,9awd53s3nymgaya2yc2uivk4m,2026-06-01T18:39:13Z,"melodic rap,rap",300 Entertainment,0.828,0.591,1.0,-6.217,1.0,0.109,0.0199,0.000323,0.361,0.202,119.251,4.0
spotify:track:65kp3OFn7JXbCvkm3m2Ui2,Two®,Luv Is Rage 2,Lil Uzi Vert,2017-08-25,185276.0,64.0,True,9awd53s3nymgaya2yc2uivk4m,2026-06-01T18:39:13Z,"melodic rap,rage rap",Generation Now/Atlantic,0.266,0.642,7.0,-5.133,1.0,0.0694,0.424,0.0,0.0943,0.0371,75.022,4.0
spotify:track:3wn8nOygkHLUQ9dlXM1rKW,Poppin,2 Alivë,Yeat,2022-02-18,167186.0,66.0,True,9awd53s3nymgaya2yc2uivk4m,2026-06-01T18:39:13Z,rage rap,Field Trip Recordings/Geffen Records,0.705,0.613,7.0,-7.441,1.0,0.123,0.262,6.97e-06,0.198,0.259,74.521,4.0
spotify:track:5yJzkdwbrQCwua2dIC3K6A,White Girl,Young Jefe,Shy Glizzy,2014-02-17,236760.0,2.0,True,9awd53s3nymgaya2yc2uivk4m,2026-06-01T18:39:13Z,,Glizzy Gang,0.698,0.793,1.0,-5.332,0.0,0.105,0.123,0.0,0.0805,0.454,129.948,4.0
spotify:track:5bL7HLmyNk13WfSp2sELSw,,,,0000,0.0,0.0,True,9awd53s3nymgaya2yc2uivk4m,2026-06-01T18:39:13Z,,,0.712,0.398,1.0,-9.851,1.0,0.0693,0.178,0.0,0.364,0.207,108.919,4.0
spotify:track:1dp8aQANyTRKssDeAYPiZe,Scrape It Off (feat. Lil Uzi Vert & Don Toliver),It's Almost Dry,Pusha T;Lil Uzi Vert;Don Toliver,2022-04-22,152612.0,55.0,True,9awd53s3nymgaya2yc2uivk4m,2026-06-01T18:39:13Z,"melodic rap,rage rap",Getting Out Our Dreams Inc. (G.O.O.D.) Music / IDJ,0.594,0.679,7.0,-3.702,1.0,0.345,0.484,7.83e-06,0.114,0.66,106.726,5.0
spotify:track:6OrTKLtcF7EBayOV2QqkSK,Hold That Heat (feat. Travis Scott),Hold That Heat (feat. Travis Scott),Southside;Future;Travis Scott,2022-04-22,221538.0,62.0,True,9awd53s3nymgaya2yc2uivk4m,2026-06-01T18:39:13Z,"chicago drill,rap",Epic,0.744,0.608,2.0,-6.386,1.0,0.0442,0.0295,0.0,0.397,0.0692,130.045,4.0
spotify:track:0mehSdTadpXbHAWTrnrIXO,Richer (feat. Polo G),SoulFly,Rod Wave;Polo G,2021-03-26,190458.0,59.0,True,9awd53s3nymgaya2yc2uivk4m,2026-06-01T18:39:13Z,,Alamo,0.726,0.411,1.0,-12.929,1.0,0.0671,0.438,0.0,0.087,0.734,137.905,3.0
spotify:track:0mCiEhtdRn5YYhefLXcxI7,Narrow Road (feat. Lil Baby),Top Shotta,NLE Choppa;Lil Baby,2020-08-07,240297.0,57.0,True,9awd53s3nymgaya2yc2uivk4m,2026-06-01T18:39:13Z,,Warner Records,0.614,0.553,7.0,-8.225,1.0,0.169,0.0306,0.0,0.203,0.161,159.999,4.0
spotify:track:021lWIHJrURZrmvYQ1xcM8,All Bad (feat. Lil Uzi Vert),High Off Life,Future;Lil Uzi Vert,2020-05-15,207738.0,57.0,True,9awd53s3nymgaya2yc2uivk4m,2026-06-01T18:39:13Z,"rap,melodic rap,rage rap",Epic/Freebandz,0.931,0.667,6.0,-7.043,0.0,0.318,0.0144,0.0,0.15,0.667,142.039,4.0
spotify:track:6FiySur7YZL0Kff2YVGsEB,Right Foot Creep,Top,YoungBoy Never Broke Again,2020-09-11,159085.0,60.0,True,9awd53s3nymgaya2yc2uivk4m,2026-06-01T18:39:13Z,,"Never Broke Again, LLC",0.725,0.79,3.0,-4.773,0.0,0.327,0.346,0.0,0.195,0.815,157.99,4.0
spotify:track:2U5WueTLIK5WJLD7mvDODv,Wishing Well,Legends Never Die,Juice WRLD,2020-07-10,194621.0,78.0,True,9awd53s3nymgaya2yc2uivk4m,2026-06-01T18:39:13Z,"melodic rap,emo rap",Grade A Productions/Interscope Records,0.65,0.613,9.0,-6.13,0.0,0.128,0.00336,0.0,0.267,0.0804,149.972,4.0
spotify:track:5de7ci7TFqbQ1PFgKAD7MR,"Horses (with PnB Rock, Kodak Black & A Boogie Wit da Hoodie)","Horses (with PnB Rock, Kodak Black & A Boogie Wit da Hoodie)",PnB Rock;Kodak Black;A Boogie Wit da Hoodie,2017-03-30,249240.0,61.0,True,9awd53s3nymgaya2yc2uivk4m,2026-06-01T18:39:13Z,melodic rap,Artist Partner,0.703,0.661,6.0,-3.885,1.0,0.0539,0.0517,0.0,0.34,0.495,149.906,4.0
spotify:track:40yJGQyEaBbIkXpwMFkXip,One Night,Lil Boat,Lil Yachty,2016-07-05,243269.0,65.0,True,9awd53s3nymgaya2yc2uivk4m,2026-06-01T18:39:16Z,,"Quality Control Music, LLC",0.764,0.475,0.0,-12.618,1.0,0.114,0.345,0.0,0.14,0.34,129.974,4.0
spotify:track:6aHoPULNO7pSL2ZfUY0bU8,Knock Knock,Angelic 7,SoFaygo,2020-01-10,139728.0,69.0,True,9awd53s3nymgaya2yc2uivk4m,2026-06-01T18:39:16Z,rage rap,Cactus Jack,0.669,0.629,1.0,-6.032,0.0,0.0657,0.0485,0.0,0.346,0.683,125.935,4.0
spotify:track:42VsgItocQwOQC3XWZ8JNA,FE!N (feat. Playboi Carti),UTOPIA,Travis Scott;Playboi Carti,2023-07-28,191700.0,86.0,True,9awd53s3nymgaya2yc2uivk4m,2026-06-01T18:39:16Z,"rap,rage rap",Cactus Jack/Epic,0.569,0.882,3.0,-2.777,0.0,0.06,0.0316,0.0,0.142,0.201,148.038,4.0
spotify:track:6wsqVwoiVH2kde4k4KKAFU,I KNOW ?,UTOPIA,Travis Scott,2023-07-28,211582.0,81.0,True,9awd53s3nymgaya2yc2uivk4m,2026-06-01T18:39:16Z,rap,Cactus Jack/Epic,0.927,0.619,5.0,-4.441,0.0,0.0539,0.0186,0.0,0.104,0.817,117.995,4.0
spotify:track:4kjI1gwQZRKNDkw1nI475M,MY EYES,UTOPIA,Travis Scott,2023-07-28,251249.0,81.0,True,9awd53s3nymgaya2yc2uivk4m,2026-06-01T18:39:16Z,rap,Cactus Jack/Epic,0.455,0.621,0.0,-7.694,0.0,0.0517,0.651,2.59e-06,0.123,0.28,119.043,4.0
spotify:track:2Hc1LaV6bzFil3dE71eORA,Aye (feat. Travis Scott),Pink Tape,Lil Uzi Vert;Travis Scott,2023-06-30,207835.0,63.0,True,9awd53s3nymgaya2yc2uivk4m,2026-06-01T18:39:16Z,"melodic rap,rage rap,rap",Generation Now/Atlantic,0.777,0.604,9.0,-4.452,0.0,0.0397,0.000713,5.64e-05,0.151,0.121,111.998,4.0
spotify:track:6ZthdsKjWtiCxnxbhs74vF,Drip or Drown,Drip or Drown,Gunna,2017-11-30,126168.0,74.0,True,9awd53s3nymgaya2yc2uivk4m,2026-06-01T18:39:16Z,melodic rap,300 Entertainment,0.952,0.478,5.0,-8.52,0.0,0.361,0.774,0.0,0.112,0.568,118.008,4.0
spotify:track:27a1mYSG5tYg7dmEjWBcmL,CAN'T SAY,ASTROWORLD,Travis Scott,2018-08-03,198408.0,77.0,True,9awd53s3nymgaya2yc2uivk4m,2026-06-01T18:39:16Z,rap,Cactus Jack / Epic,0.702,0.708,10.0,-5.366,0.0,0.0547,0.201,0.0,0.118,0.713,147.98,4.0
spotify:track:0hPLZrnDgtKxrym1BHjDhd,can't leave without it,i am > i was,21 Savage,2018-12-21,205351.0,71.0,True,9awd53s3nymgaya2yc2uivk4m,2026-06-01T18:39:16Z,,"Slaughter Gang, LLC/Epic Records",0.872,0.591,6.0,-6.952,0.0,0.359,0.111,0.0,0.144,0.696,131.982,4.0
spotify:track:3azJifCSqg9fRij2yKIbWz,The Color Violet,Alone At Prom,Tory Lanez,2021-12-10,226466.0,88.0,False,9awd53s3nymgaya2yc2uivk4m,2026-06-01T18:39:16Z,,One Umbrella Records,0.645,0.534,6.0,-10.8,0.0,0.0479,0.157,0.0,0.0863,0.463,105.02,4.0
spotify:track:0AYt6NMyyLd0rLuvr0UkMH,Slime You Out (feat. SZA),For All The Dogs,Drake;SZA,2023-10-06,310490.0,70.0,True,9awd53s3nymgaya2yc2uivk4m,2026-06-01T18:39:16Z,"rap,r&b",OVO/Republic,0.483,0.408,5.0,-9.243,0.0,0.0502,0.508,0.0,0.259,0.105,88.88,3.0
spotify:track:03rwnftfgpYVO6QDWOZcG6,Drew A Picasso,For All The Dogs,Drake,2023-10-06,262768.0,69.0,True,9awd53s3nymgaya2yc2uivk4m,2026-06-01T18:39:16Z,rap,OVO/Republic,0.709,0.377,7.0,-11.327,1.0,0.219,0.334,0.0,0.176,0.147,127.921,4.0
spotify:track:2YSzYUF3jWqb9YP9VXmpjE,IDGAF (feat. Yeat),For All The Dogs,Drake;Yeat,2023-10-06,260111.0,76.0,True,9awd53s3nymgaya2yc2uivk4m,2026-06-01T18:39:16Z,"rap,rage rap",OVO/Republic,0.673,0.672,8.0,-8.577,1.0,0.224,0.0466,0.000284,0.193,0.14,136.902,4.0
spotify:track:7aqfrAY2p9BUSiupwk3svU,First Person Shooter (feat. J. Cole),For All The Dogs,Drake;J. Cole,2023-10-06,247444.0,75.0,True,9awd53s3nymgaya2yc2uivk4m,2026-06-01T18:39:16Z,rap,OVO/Republic,0.475,0.655,11.0,-7.342,0.0,0.33,0.0306,0.0,0.375,0.245,163.997,4.0
spotify:track:1DAibqbopEYULPEtE8WHTE,What Would Pluto Do,For All The Dogs,Drake,2023-10-06,182998.0,65.0,True,9awd53s3nymgaya2yc2uivk4m,2026-06-01T18:39:16Z,rap,OVO/Republic,0.832,0.555,10.0,-7.766,0.0,0.116,0.0506,0.0,0.213,0.473,95.618,4.0
spotify:track:0lSZh5W0wDeurkGzLYY6hf,Turks (feat. Travis Scott),Turks,NAV;Gunna;Travis Scott,2020-03-27,161377.0,61.0,True,9awd53s3nymgaya2yc2uivk4m,2026-06-01T18:39:16Z,"melodic rap,rap",Republic Records,0.893,0.618,7.0,-4.425,0.0,0.112,0.0827,0.0,0.542,0.389,119.099,4.0
spotify:track:2Hh3ETdQKrmSI3QS0hme7g,Too Many Nights (feat. Don Toliver & with Future),HEROES & VILLAINS,Metro Boomin;Future;Don Toliver,2022-12-02,199920.0,85.0,True,9awd53s3nymgaya2yc2uivk4m,2026-06-01T18:39:16Z,rap,Republic Records,0.573,0.668,7.0,-4.356,0.0,0.0467,0.189,4.01e-05,0.109,0.145,87.973,4.0
spotify:track:5wG3HvLhF6Y5KTGlK0IW3J,Trance (with Travis Scott & Young Thug),HEROES & VILLAINS,Metro Boomin;Travis Scott;Young Thug,2022-12-02,194786.0,84.0,True,9awd53s3nymgaya2yc2uivk4m,2026-06-01T18:39:16Z,"rap,melodic rap,trap",Republic Records,0.765,0.552,1.0,-7.524,0.0,0.309,0.175,0.0,0.193,0.492,119.476,4.0
spotify:track:4gh0ZnHzaTMT1sDga7Ek0N,sdp interlude,Birds In The Trap Sing McKnight,Travis Scott,2016-09-16,191622.0,81.0,True,9awd53s3nymgaya2yc2uivk4m,2026-06-01T18:39:16Z,rap,Cactus Jack / Epic,0.507,0.586,0.0,-8.15,0.0,0.0586,0.599,0.0544,0.118,0.588,108.164,4.0
spotify:track:4WuOWVnAqvEQxgSRrspBgt,Niagara Falls (Foot or 2) [with Travis Scott & 21 Savage],HEROES & VILLAINS,Metro Boomin;Travis Scott;21 Savage,2022-12-02,207306.0,74.0,True,9awd53s3nymgaya2yc2uivk4m,2026-06-01T18:39:16Z,rap,Republic Records,0.667,0.648,2.0,-5.117,1.0,0.284,0.175,0.000155,0.147,0.254,87.975,4.0
spotify:track:1pacwLXyRO47ka0v6LTIiY,Raindrops (Insane) [with Travis Scott],HEROES & VILLAINS,Metro Boomin;Travis Scott,2022-12-02,188586.0,72.0,True,9awd53s3nymgaya2yc2uivk4m,2026-06-01T18:39:16Z,rap,Republic Records,0.804,0.539,7.0,-5.949,0.0,0.0391,0.0972,0.0,0.347,0.12,111.975,4.0
spotify:track:52NGJPcLUzQq5w7uv4e5gf,Private Landing (feat. Justin Bieber & Future),Love Sick,Don Toliver;Justin Bieber;Future,2023-02-24,238253.0,81.0,True,9awd53s3nymgaya2yc2uivk4m,2026-06-01T18:39:16Z,rap,Cactus Jack / Atlantic,0.858,0.641,1.0,-4.31,0.0,0.0954,0.111,2.12e-05,0.109,0.445,136.991,4.0
spotify:track:4Ls53fBNVfaXTROBi6X8Hw,Just Wanna Rock,Pink Tape,Lil Uzi Vert,2023-06-30,123890.0,74.0,True,9awd53s3nymgaya2yc2uivk4m,2026-06-01T18:39:16Z,"melodic rap,rage rap",Generation Now/Atlantic,0.485,0.545,11.0,-7.924,1.0,0.0336,0.0651,0.00547,0.0642,0.0385,150.185,4.0
spotify:track:6rjuKpPydT2SxN15TZpV7r,500lbs,TEC,Lil Tecca,2023-09-22,144390.0,79.0,True,9awd53s3nymgaya2yc2uivk4m,2026-06-01T18:39:16Z,"melodic rap,rap",Galactic Records/Lil Tecca,0.724,0.779,7.0,-5.412,0.0,0.0807,0.098,0.0,0.127,0.53,123.013,4.0
spotify:track:6Kj17Afjo1OKJYpf5VzCeo,Pain 1993 (with Playboi Carti),Dark Lane Demo Tapes,Drake;Playboi Carti,2020-05-01,149077.0,74.0,True,9awd53s3nymgaya2yc2uivk4m,2026-06-01T18:39:16Z,"rap,rage rap",OVO,0.825,0.373,5.0,-5.532,0.0,0.108,0.163,0.0,0.368,0.12,77.271,4.0
spotify:track:1RUTIdTnFs8lHSc0Zr4UJB,Up Up & Away,Man On The Moon: The End Of Day (Deluxe),Kid Cudi,2009-01-01,227346.0,65.0,True,9awd53s3nymgaya2yc2uivk4m,2026-06-01T18:39:16Z,,Kid Cudi/Universal Records,0.66,0.881,10.0,-6.119,0.0,0.0849,0.0722,3.43e-05,0.362,0.586,120.018,4.0
spotify:track:2yUzr8Sr6ldG8vmHhZwTnz,née-nah,american dream,21 Savage;Travis Scott;Metro Boomin,2024-01-12,220584.0,71.0,True,9awd53s3nymgaya2yc2uivk4m,2026-06-01T18:39:16Z,rap,"Slaughter Gang, LLC/Epic Records",0.681,0.758,1.0,-6.524,1.0,0.188,0.00465,0.0,0.555,0.331,165.409,4.0
spotify:track:52eIcoLUM25zbQupAZYoFh,redrum,american dream,21 Savage,2024-01-12,270697.0,81.0,True,9awd53s3nymgaya2yc2uivk4m,2026-06-01T18:39:16Z,,"Slaughter Gang, LLC/Epic Records",0.625,0.733,2.0,-8.757,1.0,0.0488,0.00598,0.000983,0.375,0.244,172.09,4.0
spotify:track:0ESJlaM8CE1jRWaNtwSNj8,beibs in the trap,Birds In The Trap Sing McKnight,Travis Scott,2016-09-16,213863.0,68.0,True,9awd53s3nymgaya2yc2uivk4m,2026-06-01T18:39:16Z,rap,Cactus Jack / Epic,0.743,0.571,7.0,-6.054,0.0,0.145,0.24,0.0,0.291,0.495,119.054,4.0
spotify:track:6gxKUmycQX7uyMwJcweFjp,We Paid (feat. 42 Dugg),My Turn (Deluxe),Lil Baby;42 Dugg,2020-05-01,181929.0,75.0,True,9awd53s3nymgaya2yc2uivk4m,2026-06-01T18:39:16Z,,Quality Control/Motown Records,0.926,0.542,1.0,-5.064,1.0,0.293,0.135,0.0,0.0877,0.564,135.14,4.0
spotify:track:51EC3I1nQXpec4gDk0mQyP,90210 (feat. Kacy Hill),Rodeo,Travis Scott;Kacy Hill,2015-09-04,339066.0,82.0,True,9awd53s3nymgaya2yc2uivk4m,2026-06-01T18:39:16Z,rap,Cactus Jack / Epic,0.402,0.527,9.0,-6.737,0.0,0.0917,0.113,8.48e-06,0.105,0.31,81.42,4.0
spotify:track:3yk7PJnryiJ8mAPqsrujzf,Location,Playboi Carti,Playboi Carti,2017-04-14,168783.0,80.0,True,9awd53s3nymgaya2yc2uivk4m,2026-06-01T18:39:16Z,rage rap,AWGE Label,0.717,0.79,11.0,-4.213,1.0,0.2,0.33,0.000125,0.518,0.371,125.985,4.0
spotify:track:2WxUIiq06XXPYWl9YcRJnD,Our Time,Virgo World,Lil Tecca,2020-09-18,98413.0,71.0,True,9awd53s3nymgaya2yc2uivk4m,2026-06-01T18:39:16Z,"melodic rap,rap",Republic Records,0.895,0.439,5.0,-12.142,0.0,0.319,0.199,0.0,0.0683,0.633,109.988,4.0
spotify:track:0kUQWMs1bRlwFNKA4Dce3f,AT THE PARTY (feat. Pharrell Williams & Travis Scott),INSANO,Kid Cudi;Pharrell Williams;Travis Scott,2024-01-12,238026.0,1.0,True,9awd53s3nymgaya2yc2uivk4m,2026-06-01T18:39:16Z,rap,Republic Records,0.867,0.675,6.0,-6.982,0.0,0.0979,0.103,0.0189,0.105,0.578,103.021,4.0
spotify:track:7sTyAjxDXq9afwfSQy6D0s,BANDIT,Bandit,Don Toliver,2024-02-01,147746.0,67.0,True,9awd53s3nymgaya2yc2uivk4m,2026-06-01T18:39:16Z,,Cactus Jack / Atlantic,0.686,0.733,2.0,-5.268,1.0,0.0576,0.00567,0.0,0.246,0.141,130.095,4.0
spotify:track:3w0w2T288dec0mgeZZqoNN,CARNIVAL,VULTURES 1,¥$;Kanye West;Ty Dolla $ign;Rich The Kid;Playboi Carti,2024-02-09,264324.0,10.0,True,9awd53s3nymgaya2yc2uivk4m,2026-06-01T18:39:16Z,"rap,trap soul,trap,rage rap",Ye,0.594,0.811,1.0,-5.746,1.0,0.159,0.189,0.0,0.339,0.311,148.144,4.0
spotify:track:57wp7VFnV8X0pSVnYArGeJ,Whatever She Wants,Whatever She Wants,Bryson Tiller,2024-02-13,161342.0,78.0,True,9awd53s3nymgaya2yc2uivk4m,2026-06-01T18:39:16Z,"trap soul,r&b",TrapSoul/RCA Records,0.803,0.512,9.0,-6.871,0.0,0.066,0.128,0.0,0.0928,0.435,96.02,4.0
spotify:track:28drn6tQo95MRvO0jQEo5C,Type Shit,WE DON'T TRUST YOU,Future;Metro Boomin;Travis Scott;Playboi Carti,2024-03-22,228266.0,81.0,True,9awd53s3nymgaya2yc2uivk4m,2026-06-01T18:39:16Z,"rap,rage rap",Wilburn Holding Co./Boominati/Epic/Republic,0.64,0.552,2.0,-5.679,1.0,0.129,0.0215,0.0,0.119,0.112,144.941,4.0
spotify:track:2tudvzsrR56uom6smgOcSf,Like That,WE DON'T TRUST YOU,Future;Metro Boomin;Kendrick Lamar,2024-03-22,267706.0,84.0,True,9awd53s3nymgaya2yc2uivk4m,2026-06-01T18:39:16Z,"rap,hip hop,west coast hip hop",Wilburn Holding Co./Boominati/Epic/Republic,0.814,0.676,11.0,-4.67,0.0,0.231,0.00709,1.28e-05,0.119,0.312,162.012,4.0
spotify:track:0hKtu53OlIFXVuYkZwcn3o,Cinderella,WE DON'T TRUST YOU,Future;Metro Boomin;Travis Scott,2024-03-22,169840.0,74.0,True,9awd53s3nymgaya2yc2uivk4m,2026-06-01T18:39:16Z,rap,Wilburn Holding Co./Boominati/Epic/Republic,0.876,0.412,5.0,-7.74,0.0,0.0748,0.431,0.0,0.101,0.15,130.052,4.0
spotify:track:1yfKakY4rvI17lk20ekuRA,Crocodile Tearz,Might Delete Later,J. Cole,2024-04-05,229186.0,66.0,True,9awd53s3nymgaya2yc2uivk4m,2026-06-01T18:39:16Z,rap,"Cole World, Inc. under exclusive license to Interscope Records",0.793,0.492,9.0,-8.583,0.0,0.0772,0.0527,0.0,0.0646,0.198,86.978,4.0
spotify:track:2mhdhTWqT8RhkTlN2yWZZi,7 Minute Drill,Might Delete Later,J. Cole,2024-04-05,212213.0,0.0,True,9awd53s3nymgaya2yc2uivk4m,2026-06-01T18:39:16Z,rap,"Cole World, Inc. under exclusive license to Interscope Records",0.643,0.791,10.0,-5.106,0.0,0.237,0.0365,0.0,0.0993,0.741,85.434,4.0
spotify:track:7sVbKoBdhXtYCEOO6qC1SN,We Still Don't Trust You,WE STILL DON'T TRUST YOU,Future;Metro Boomin;The Weeknd,2024-04-12,252920.0,75.0,True,9awd53s3nymgaya2yc2uivk4m,2026-06-01T18:39:16Z,rap,Wilburn Holding Co./Boominati/Epic/Republic,0.717,0.586,0.0,-6.15,0.0,0.0273,0.0314,0.26,0.426,0.429,109.993,4.0
spotify:track:4Dx4e0X5dR6TW85dtFU42x,Red Leather,WE STILL DON'T TRUST YOU,Future;Metro Boomin;J. Cole,2024-04-12,414893.0,68.0,True,9awd53s3nymgaya2yc2uivk4m,2026-06-01T18:39:16Z,rap,Wilburn Holding Co./Boominati/Epic/Republic,0.676,0.607,6.0,-4.792,1.0,0.372,0.51,0.00143,0.12,0.601,170.047,4.0
spotify:track:0OA00aPt3BV10qeMIs3meW,Big Dawgs,Big Dawgs,Hanumankind;Kalmi,2024-07-09,190666.0,77.0,True,9awd53s3nymgaya2yc2uivk4m,2026-06-01T18:39:16Z,"malayalam hip hop,desi hip hop",Universal Music India Pvt Ltd.,0.464,0.745,4.0,-3.202,0.0,0.161,0.0235,0.0,0.363,0.262,180.098,4.0
spotify:track:2jnezASa7o0lP6aif6VrIf,TEFLON DON,MIXTAPE PLUTO,Future,2024-09-20,159893.0,63.0,True,9awd53s3nymgaya2yc2uivk4m,2026-06-01T18:39:16Z,rap,Wilburn Holding Co./Epic,0.916,0.578,11.0,-6.275,1.0,0.124,0.00349,0.00402,0.113,0.192,124.005,4.0
spotify:track:2cZOYofOX4d6g0OXxkaIjA,ALL RED,ALL RED,Playboi Carti,2024-09-13,148053.0,69.0,True,9awd53s3nymgaya2yc2uivk4m,2026-06-01T18:39:16Z,rage rap,AWGE/Interscope Records,0.76,0.663,9.0,-4.763,0.0,0.0551,0.109,0.0,0.305,0.209,143.082,4.0
spotify:track:6AI3ezQ4o3HUoP6Dhudph3,Not Like Us,Not Like Us,Kendrick Lamar,2024-05-04,274192.0,88.0,True,9awd53s3nymgaya2yc2uivk4m,2026-06-01T18:39:16Z,"hip hop,west coast hip hop","Kendrick Lamar, under exclusive license to Interscope Records",0.898,0.472,1.0,-7.001,1.0,0.0776,0.0107,0.0,0.141,0.214,101.061,4.0
spotify:track:7iabz12vAuVQYyekFIWJxD,BAND4BAND (feat. Lil Baby),BAND4BAND (feat. Lil Baby),Central Cee;Lil Baby,2024-05-23,140733.0,73.0,True,9awd53s3nymgaya2yc2uivk4m,2026-06-01T18:39:16Z,"uk drill,drill,uk grime",Columbia,0.882,0.764,11.0,-5.241,1.0,0.204,0.359,0.0,0.119,0.886,140.113,4.0
spotify:track:4OssqCixV2Xsxd43wMIQyS,CARNIVAL,VULTURES 1,¥$;Kanye West;Ty Dolla $ign,2024-02-09,264324.0,9.0,True,9awd53s3nymgaya2yc2uivk4m,2026-06-01T18:39:16Z,"rap,trap soul",Ye,0.594,0.811,1.0,-5.746,1.0,0.159,0.189,0.0,0.339,0.311,148.144,4.0
spotify:track:6KmmJzLareQcfi5kiepi3m,PURPLE RAIN (FEAT. FUTURE & METRO BOOMIN),HARDSTONE PSYCHO,Don Toliver;Future;Metro Boomin,2024-06-25,207586.0,54.0,True,9awd53s3nymgaya2yc2uivk4m,2026-06-01T18:39:16Z,rap,Cactus Jack / Atlantic,0.391,0.583,7.0,-4.929,0.0,0.0899,0.288,3.98e-06,0.277,0.277,170.109,4.0
spotify:track:1Es7AUAhQvapIcoh3qMKDL,Timeless (feat. Playboi Carti),Timeless,The Weeknd;Playboi Carti,2024-09-27,256000.0,16.0,True,9awd53s3nymgaya2yc2uivk4m,2026-06-01T18:39:16Z,rage rap,XO / Republic Records,0.769,0.722,11.0,-5.485,0.0,0.0507,0.0584,2.56e-06,0.111,0.57,119.973,4.0
spotify:track:1560osUcXrnov6yuOjXvc1,No Face,No Face,Drake,2024-08-31,137142.0,76.0,True,9awd53s3nymgaya2yc2uivk4m,2026-06-01T18:39:16Z,rap,OVO,0.853,0.69,10.0,-5.858,1.0,0.0647,0.0771,0.0,0.0835,0.471,125.951,4.0
spotify:track:1YMkMHDrAxKqNN00JhvCjr,Pridji,Pridji,Relja Torinno,2022-02-24,176000.0,0.0,False,31nwxo5pfhmcaqlyieatw4ut7xta,2024-10-19T18:18:02Z,,Generacija Zed,0.614,0.5,8.0,-10.095,1.0,0.28,0.184,0.0,0.122,0.277,179.903,4.0
spotify:track:7azJotAwVpmdMyznAG8VTP,Balkan(feat. Dado Polumenta & Zuti),Balkan(feat. Dado Polumenta & Zuti),Rasta;Zuti;Dado Polumenta,2015-09-22,207640.0,46.0,True,31nwxo5pfhmcaqlyieatw4ut7xta,2024-10-25T16:55:19Z,,Balkaton,0.526,0.738,8.0,-5.862,1.0,0.0873,0.11,0.0,0.24,0.297,88.844,4.0
spotify:track:2fKa61z9HZbhn2Rn8NiumP,Sija grad,Sija grad,Nikolija,2019-09-26,165500.0,32.0,False,31nwxo5pfhmcaqlyieatw4ut7xta,2024-10-25T16:59:03Z,,IDJTunes,0.808,0.518,0.0,-4.187,0.0,0.0623,0.00896,0.0,0.072,0.821,144.083,4.0
spotify:track:0OktJ3mwmVwlDkwn3sm7Q1,Nikom Nije Noćas Kao Meni,Nikom Nije Noćas Kao Meni,THCF;Coby,2015-11-30,243692.0,48.0,False,31nwxo5pfhmcaqlyieatw4ut7xta,2024-10-25T17:06:45Z,,IDJTunes,0.736,0.728,1.0,-5.306,1.0,0.038,0.00186,0.000359,0.318,0.44,130.038,3.0
spotify:track:4iK41uPHBQsA50gWMGJvM1,U Dimu,23,Corona;Rimski,2021-12-01,169371.0,32.0,False,31nwxo5pfhmcaqlyieatw4ut7xta,2024-10-25T15:16:12Z,,KDM Exclusive,0.57,0.614,7.0,-6.285,1.0,0.0955,0.246,0.0,0.102,0.413,169.952,4.0
spotify:track:0na1EchGzRnmaI6banljOw,Deja Vu,23,Corona,2021-12-01,158769.0,39.0,False,31nwxo5pfhmcaqlyieatw4ut7xta,2024-10-25T15:27:31Z,,KDM Exclusive,0.811,0.583,10.0,-7.184,0.0,0.0609,0.128,0.00673,0.093,0.382,93.98,4.0
spotify:track:5Tm3MpwU4ZsM9R5ULl1rWc,Aman,Rasta & Zvezde Grada,Rasta;Voyage,2023-03-17,190500.0,47.0,False,31nwxo5pfhmcaqlyieatw4ut7xta,2024-10-25T16:57:52Z,,Balkaton,0.452,0.716,5.0,-5.056,0.0,0.0884,0.302,0.0,0.115,0.638,164.828,5.0
spotify:track:1wtfP7JmhycmlSrkArrGtY,Valentina,Plava Krv,Devito;Corona,2023-05-23,168292.0,39.0,False,31nwxo5pfhmcaqlyieatw4ut7xta,2024-10-25T15:58:21Z,,Devito,0.787,0.596,10.0,-6.563,1.0,0.297,0.305,3.18e-06,0.197,0.51,82.002,4.0
spotify:track:72OdzvsNFKRGqGUhLUWxHL,Hawanae,Hawanae,Nucci,2020-11-27,142758.0,0.0,False,31nwxo5pfhmcaqlyieatw4ut7xta,2024-10-25T15:36:42Z,,Generacija Zed,0.829,0.734,2.0,-5.465,1.0,0.0679,0.204,0.0,0.258,0.443,115.985,4.0
spotify:track:4wYhJvMFzjHr4aQuzznYHZ,Skinite Nam Fore,Skinite Nam Fore,Coby,2018-02-09,132387.0,52.0,False,31nwxo5pfhmcaqlyieatw4ut7xta,2024-10-25T15:38:59Z,,IDJTunes,0.76,0.756,1.0,-2.939,1.0,0.0348,0.111,0.0,0.333,0.615,128.073,4.0
spotify:track:1IrCkh1FiWi9NdjNG1a7bx,Ne bi izdala me nikada,Ne bi izdala me nikada,Corona,2019-12-19,160500.0,44.0,False,31nwxo5pfhmcaqlyieatw4ut7xta,2024-10-19T18:15:01Z,,KDM Exclusive,0.758,0.644,0.0,-6.629,0.0,0.0553,0.184,0.000198,0.135,0.409,99.947,4.0
spotify:track:5yZZH1ziTBqw0IPzPClDVY,Milion dolara,Milion dolara,Ana Nikolić;Nikolija,2013,181146.0,54.0,False,31nwxo5pfhmcaqlyieatw4ut7xta,2024-10-19T18:10:38Z,,City Records,0.538,0.891,1.0,-1.918,0.0,0.148,0.0461,0.0,0.192,0.53,176.109,4.0
spotify:track:3Y7eoFxTXBG1rfMwBJtaAm,Čikago,Paket Angažman,Indigo Kristal;Crni Cerak,2023-03-26,225807.0,14.0,True,31nwxo5pfhmcaqlyieatw4ut7xta,2024-10-19T18:10:12Z,,Crni Cerak,0.362,0.625,2.0,-5.064,1.0,0.0809,0.0786,1.45e-06,0.0673,0.063,86.593,5.0
spotify:track:7CcOCWFoLZo7vNNHxWWJ9a,Gad,Gad,Rimski;Corona,2017-12-26,260307.0,45.0,False,31nwxo5pfhmcaqlyieatw4ut7xta,2024-10-19T18:15:23Z,,IDJTunes,0.644,0.863,10.0,-4.458,0.0,0.0389,0.0863,1.96e-05,0.0772,0.583,130.039,4.0
spotify:track:2rNpINMsfyHmi0wuSPTyrK,Beograd,Guns N Roses,Voyage,2024-06-14,144000.0,44.0,False,31nwxo5pfhmcaqlyieatw4ut7xta,2024-10-19T18:10:21Z,,IDJTunes,0.886,0.938,6.0,-5.661,0.0,0.216,0.117,3.72e-06,0.342,0.469,140.048,4.0
spotify:track:4r4NfMPGtKSDXTEfoSBN2R,Namere,Namere,Brzo Trči Ljanmi,2022-09-01,153000.0,52.0,False,31nwxo5pfhmcaqlyieatw4ut7xta,2024-10-19T18:10:30Z,,Bassivity Digital,0.917,0.778,2.0,-4.372,1.0,0.043,0.129,0.0642,0.295,0.881,120.031,4.0
spotify:track:409oY9RlNg5Qp6Za1SFdcF,Crni Džip,Crni Džip,Rimski;Corona,2018-03-26,220500.0,35.0,False,31nwxo5pfhmcaqlyieatw4ut7xta,2024-10-19T18:17:14Z,,KDM Exclusive,0.83,0.866,0.0,-4.363,1.0,0.0786,0.0527,0.013,0.294,0.34,119.99,4.0
spotify:track:6ic9Dk5L50Zyuc583CGAfY,Voli Voli,23,Corona,2021-12-01,137608.0,41.0,False,31nwxo5pfhmcaqlyieatw4ut7xta,2024-10-19T18:17:34Z,,KDM Exclusive,0.725,0.7,10.0,-6.887,0.0,0.0889,0.159,0.0,0.149,0.47,99.995,4.0
spotify:track:6vNKOten1fkF8TIn3Hjqso,Dan & Noc,Geto Sport Mixtape,Rasta;Link,2021-12-24,186000.0,54.0,False,31nwxo5pfhmcaqlyieatw4ut7xta,2024-10-19T18:10:45Z,,Balkaton,0.741,0.612,3.0,-7.186,0.0,0.0918,0.497,1.48e-06,0.0793,0.295,105.076,4.0
spotify:track:6xaKNh3jpD9trkvvNWAxlO,Muhamed,Muhamed,Biba,2024-04-20,157915.0,17.0,True,31nwxo5pfhmcaqlyieatw4ut7xta,2024-10-19T18:10:16Z,,Crni Cerak,0.713,0.655,1.0,-5.491,1.0,0.0622,0.0678,0.0,0.413,0.423,152.082,4.0
spotify:track:5srNMZG46fYommD6YK9HH8,Periferija,Periferija,Voyage;Nucci,2023-11-28,138000.0,51.0,False,31nwxo5pfhmcaqlyieatw4ut7xta,2024-10-19T18:10:53Z,,IDJTunes,0.847,0.822,6.0,-6.713,0.0,0.121,0.0341,0.0,0.0455,0.583,142.991,4.0
spotify:track:5XLyfM7A73e2Md5O8SoSCc,Madrina,Madrina,INAS,2023-06-16,138941.0,50.0,False,31nwxo5pfhmcaqlyieatw4ut7xta,2024-10-19T18:10:58Z,,INAS by EMDC Network,0.799,0.744,0.0,-7.527,1.0,0.176,0.159,0.0,0.345,0.734,136.947,4.0
spotify:track:6Q3ZV3ZkYzgS1mEOUPHIg4,Havana,Havana,Alen Sakić;Mili,2021-10-22,186666.0,53.0,True,31nwxo5pfhmcaqlyieatw4ut7xta,2024-10-19T18:11:03Z,,Balkaton,0.595,0.72,6.0,-7.278,0.0,0.0489,0.249,0.0417,0.0988,0.756,180.004,4.0
spotify:track:0uAL0BS2rHCH9BwqYVnhp3,Odakle Sam Ja,Odakle Sam Ja,Coby;Rimski,2021-08-25,193500.0,53.0,True,31nwxo5pfhmcaqlyieatw4ut7xta,2024-10-19T18:11:11Z,,Bassivity Digital,0.751,0.592,2.0,-6.337,0.0,0.0759,0.147,0.0,0.288,0.276,101.927,4.0
spotify:track:1UsRjqLxDIK5OtjIMYsmhS,Na minut do mora,Sam u kući,Surreal,2018-02-14,228941.0,39.0,True,31nwxo5pfhmcaqlyieatw4ut7xta,2024-10-19T18:11:20Z,,Bassivity Digital,0.774,0.79,11.0,-4.409,0.0,0.157,0.402,0.000216,0.166,0.69,136.469,4.0
spotify:track:08TVc6bQJM9GCfEz39pmqr,Lokacija,422,Biba;Rasta,2022-04-29,172445.0,20.0,True,31nwxo5pfhmcaqlyieatw4ut7xta,2024-10-19T18:11:25Z,,Crni Cerak,0.667,0.539,10.0,-9.312,0.0,0.434,0.223,0.0,0.116,0.478,102.985,4.0
spotify:track:5YmbLKtc8XIwdZ3H4Bcgqs,Januar I Jun,Guns N Roses,Voyage,2024-06-14,134909.0,46.0,False,31nwxo5pfhmcaqlyieatw4ut7xta,2024-10-19T18:11:36Z,,IDJTunes,0.712,0.663,0.0,-4.996,0.0,0.239,0.122,0.0,0.178,0.479,164.735,4.0
spotify:track:7fC1ha9tVWlo1wiI14T91t,YANKAUSKAS,Demon Tapes,INAS,2024-02-10,110624.0,0.0,False,31nwxo5pfhmcaqlyieatw4ut7xta,2024-10-19T18:13:03Z,,INAS by EMDC Network,0.811,0.708,1.0,-6.427,1.0,0.0488,0.000443,0.0278,0.0686,0.419,124.096,4.0
spotify:track:4xQ1DPOz1Zi1h8lMRoajd5,Balkan,Balkan,Voyage;Nucci,2021-07-29,144000.0,54.0,False,31nwxo5pfhmcaqlyieatw4ut7xta,2024-10-19T18:13:12Z,,IDJTunes,0.572,0.734,8.0,-5.318,0.0,0.111,0.0286,0.0,0.0623,0.287,159.945,4.0
spotify:track:0CchPefzfQ0WydbKq8CnG9,Auslander,Auslander,Gazda Paja;THCF,2019-10-19,169511.0,0.0,False,31nwxo5pfhmcaqlyieatw4ut7xta,2024-10-19T18:13:21Z,,Gazdarski Records,0.678,0.782,8.0,-5.294,0.0,0.103,0.0384,0.0,0.123,0.772,159.905,4.0
spotify:track:7seFzMYUviHTwErsdGqPxK,Gde padaju zvezde,Gde padaju zvezde,Relja Torinno,2021-09-24,184000.0,0.0,True,31nwxo5pfhmcaqlyieatw4ut7xta,2024-10-19T18:13:25Z,,Generacija Zed,0.724,0.607,10.0,-5.707,1.0,0.0478,0.115,0.0,0.0972,0.486,149.935,4.0
spotify:track:6RdE1fqOMbCo3tOIRfdbIO,Trosi Pare,Trosi Pare,Indodjija,2024-03-08,127692.0,39.0,False,31nwxo5pfhmcaqlyieatw4ut7xta,2024-10-19T18:13:48Z,,Generacija Zed,0.798,0.872,7.0,-2.21,0.0,0.0422,0.0943,0.0,0.0517,0.768,155.913,4.0
spotify:track:30xFdeEHrJw4bpOVkUa8jM,Dizel,Dizel,Gazda Paja;Marlon Brutal,2020-04-04,144617.0,43.0,False,31nwxo5pfhmcaqlyieatw4ut7xta,2024-10-19T18:14:04Z,,Two Louder,0.813,0.702,1.0,-4.376,1.0,0.0607,0.249,7.5e-05,0.135,0.679,77.505,4.0
spotify:track:4Q664IuqC4LoEwmXeXB5EK,London,London,Voyage;Elena,2022-10-14,125106.0,50.0,False,31nwxo5pfhmcaqlyieatw4ut7xta,2024-10-19T18:14:13Z,,IDJTunes,0.865,0.394,8.0,-9.536,0.0,0.27,0.0971,5.43e-06,0.117,0.677,94.006,4.0
spotify:track:5RrvHW63oioSgSxgY1N8wF,Pismo,3211,Rasta,2023-11-16,152000.0,43.0,False,31nwxo5pfhmcaqlyieatw4ut7xta,2024-10-19T18:14:18Z,,Balkaton,0.766,0.557,5.0,-6.483,0.0,0.0952,0.537,0.0,0.0813,0.454,92.021,4.0
spotify:track:5omLDYPI2xyhPuDNEgTIcL,Nju Bi' Da Ljubim,Stari Radio,Buba Corelli,2016-11-01,250868.0,0.0,False,31nwxo5pfhmcaqlyieatw4ut7xta,2024-10-19T18:14:24Z,,"Imperia, by Yellowcake, Inc.",0.718,0.865,11.0,-4.644,1.0,0.0982,0.148,0.000804,0.178,0.716,115.03,4.0
spotify:track:0NmvYHD1IbCjtxuPeksuqt,Crne Kiše,Supernova,Rimski;Corona,2018-12-03,166500.0,52.0,False,31nwxo5pfhmcaqlyieatw4ut7xta,2024-10-19T18:14:42Z,,KDM Exclusive,0.625,0.72,2.0,-5.293,0.0,0.11,0.023,0.0,0.128,0.746,163.903,4.0
spotify:track:2AGOrQYuku8CriGdvbgavU,Crni Mercedes,Air Max Reggae,Balkaton Gang;Rasta;Corona,2019-10-26,169000.0,49.0,True,31nwxo5pfhmcaqlyieatw4ut7xta,2024-10-19T18:14:48Z,,Balkaton,0.815,0.726,6.0,-5.146,0.0,0.0436,0.418,0.0,0.0756,0.38,103.97,4.0
spotify:track:34f3B2mJ8BnL4EVfwV5xlL,High Ko Zmaj,High Ko Zmaj,Ognjen;INAS,2020-01-05,102500.0,0.0,True,31nwxo5pfhmcaqlyieatw4ut7xta,2024-10-19T18:15:37Z,,"Imperia, by Yellowcake, Inc.",0.776,0.761,2.0,-4.211,1.0,0.0428,0.0625,8.57e-06,0.124,0.465,102.084,4.0
spotify:track:1WIiYBvS8rOyB14sx9pCc7,Sicilija,Supernova,Rimski;Corona,2018-12-03,177208.0,50.0,False,31nwxo5pfhmcaqlyieatw4ut7xta,2024-10-19T18:15:43Z,,KDM Exclusive,0.689,0.753,9.0,-6.063,0.0,0.0581,0.24,0.0,0.112,0.519,109.975,4.0
spotify:track:5PtKD54m1b72Sqrqb9PqXP,Mrak,Mrak,Rasta;Link,2019-01-08,192500.0,48.0,False,31nwxo5pfhmcaqlyieatw4ut7xta,2024-10-19T18:15:53Z,,Balkaton,0.784,0.719,4.0,-6.367,0.0,0.0629,0.339,0.0,0.3,0.493,97.983,4.0
spotify:track:0a4etAWu9DOkuQAy2fXaUm,Mi Amor,Mi Amor,Relja,2018-12-14,186621.0,49.0,False,31nwxo5pfhmcaqlyieatw4ut7xta,2024-10-19T18:16:14Z,,IDJTunes,0.752,0.635,3.0,-6.292,0.0,0.0746,0.146,0.0,0.131,0.805,159.899,4.0
spotify:track:5l3WMvb9pKDQM6R9DLdp8R,Mala Plava,Mala Plava,Natasa Bekvalac;Coby,2018-10-07,194500.0,50.0,False,31nwxo5pfhmcaqlyieatw4ut7xta,2024-10-19T18:16:25Z,,IDJTunes,0.683,0.811,8.0,-4.415,0.0,0.128,0.4,0.0018,0.26,0.56,175.909,4.0
spotify:track:3BfyWHDncIm7zb24PPqJGt,Prsten,Prsten,Emina Jahović;Corona;Rimski,2018-11-20,214500.0,42.0,False,31nwxo5pfhmcaqlyieatw4ut7xta,2024-10-19T18:16:29Z,turkish pop,IDJTunes,0.693,0.825,3.0,-4.979,0.0,0.0494,0.125,0.0,0.18,0.766,88.994,4.0
spotify:track:4dMZRyk9HvdvoMIZ6GB1by,Lutam,Lutam,Brzo Trči Ljanmi,2021-12-13,165156.0,44.0,False,31nwxo5pfhmcaqlyieatw4ut7xta,2024-10-19T18:16:36Z,,Bassivity Digital,0.781,0.659,5.0,-8.489,0.0,0.0768,0.452,0.000764,0.293,0.742,132.021,4.0
spotify:track:7f8pN9ldPuaQN1BJOgYd2L,Elixir,Elixir,Caneras,2019-03-03,188339.0,44.0,False,31nwxo5pfhmcaqlyieatw4ut7xta,2024-10-19T18:16:45Z,,Leona,0.75,0.797,0.0,-5.499,0.0,0.0592,0.0693,4.98e-06,0.107,0.665,93.977,4.0
spotify:track:1Wj8E0fXGnjKNureTogXKE,Moja ekipa,Moja ekipa,Rimski,2019-10-17,179538.0,36.0,False,31nwxo5pfhmcaqlyieatw4ut7xta,2024-10-19T18:16:52Z,,KDM Exclusive,0.837,0.666,6.0,-6.732,0.0,0.0429,0.0185,0.0,0.106,0.727,129.897,4.0
spotify:track:7f1KLbepqmhSllSEaQJFEf,Droga Roterdam,Geto Varijante,Seksi;Cunami Flo,2024-02-01,135483.0,17.0,True,31nwxo5pfhmcaqlyieatw4ut7xta,2024-10-19T18:17:01Z,,Crni Cerak,0.865,0.781,7.0,-7.31,1.0,0.223,0.109,0.0,0.114,0.558,123.933,4.0
spotify:track:1XnKlgdyMTYI4h8wQ6m2q6,Miki Miki,Miki Miki,Popov,2022-09-16,149068.0,0.0,False,31nwxo5pfhmcaqlyieatw4ut7xta,2024-10-19T18:17:08Z,,Generacija Zed,0.715,0.775,1.0,-4.432,1.0,0.0786,0.27,0.0,0.137,0.789,160.874,4.0
spotify:track:6GgOqG4tNbFD3GhlEvXTYd,Turira,Turira,Relja;Rasta,2023-06-16,162000.0,52.0,False,31nwxo5pfhmcaqlyieatw4ut7xta,2024-10-19T18:17:17Z,,Made In BLKN,0.835,0.79,1.0,-4.731,1.0,0.0817,0.0807,0.0,0.0748,0.565,110.093,4.0
spotify:track:2tYe6VPtQN1RIEGsK1ue1E,Laga laga,Laga laga,Tanja Savic;Corona,2019-07-02,167000.0,47.0,False,31nwxo5pfhmcaqlyieatw4ut7xta,2024-10-19T18:17:40Z,,KDM Exclusive,0.662,0.891,1.0,-4.283,0.0,0.053,0.0343,1.3e-05,0.086,0.926,176.044,4.0
spotify:track:3IZVTfAo7kNxiHtslqZ1St,Krimi rad,Diva,Jelena Karleusa;Teca,2012-06-06,242213.0,47.0,False,31nwxo5pfhmcaqlyieatw4ut7xta,2024-10-20T18:07:51Z,,City Records,0.439,0.828,10.0,-3.098,0.0,0.157,0.0231,0.0,0.109,0.503,167.721,4.0
spotify:track:0r4Kz7Osvzwb2LVhQyG3FU,Stranac,23,Corona,2021-12-01,211200.0,38.0,False,31nwxo5pfhmcaqlyieatw4ut7xta,2024-10-24T13:03:17Z,,KDM Exclusive,0.832,0.47,0.0,-7.498,0.0,0.07,0.204,1.63e-05,0.115,0.263,99.998,4.0
spotify:track:4M9T1wNeJRWx3EcNuOtjSx,Ultimatum,Alfa & Omega,Jala Brat;Buba Corelli,2019-01-01,193859.0,0.0,False,31nwxo5pfhmcaqlyieatw4ut7xta,2024-10-24T13:03:20Z,,"Imperia, by Yellowcake, Inc.",0.634,0.832,9.0,-5.139,0.0,0.0463,0.44,1.38e-06,0.374,0.52,91.017,4.0
spotify:track:6x5g5bNlk7XnNbFYHiUsrL,Mama,Don Reggaeton,Rasta,2018-05-24,191500.0,50.0,True,31nwxo5pfhmcaqlyieatw4ut7xta,2024-10-24T13:03:30Z,,Balkaton,0.691,0.704,1.0,-5.604,0.0,0.0366,0.254,0.0,0.127,0.672,77.004,4.0
spotify:track:12No4VifJ7ovEvsidyEU0F,Daytona,Plava Krv,Devito;Nucci,2023-05-23,147226.0,44.0,False,31nwxo5pfhmcaqlyieatw4ut7xta,2024-10-24T13:03:37Z,,Devito,0.82,0.649,10.0,-4.776,0.0,0.042,0.186,5.54e-06,0.23,0.606,119.088,4.0
spotify:track:0hSqLNHvhr6FKJynlF2gqd,Vodi Me,Plava Krv,Devito;Teodora,2023-05-23,140688.0,41.0,False,31nwxo5pfhmcaqlyieatw4ut7xta,2024-10-24T17:39:32Z,"folk pop,retro pop",Devito,0.682,0.624,6.0,-6.88,1.0,0.13,0.683,0.0,0.0838,0.51,144.684,4.0
spotify:track:2tGPtpZUMSmPU7Ababqqby,Mame mi,Mame mi,Devito,2021-03-23,177230.0,45.0,False,31nwxo5pfhmcaqlyieatw4ut7xta,2024-10-25T15:29:35Z,,Devito,0.658,0.687,4.0,-5.488,0.0,0.18,0.463,0.0,0.117,0.79,86.582,5.0
spotify:track:6O53cS9XntM1kWBuvTNvaf,Kristijan Grej,Kristijan Grej,Teodora,2017-07-12,196652.0,53.0,False,31nwxo5pfhmcaqlyieatw4ut7xta,2024-10-25T15:54:51Z,,IDJTunes,0.711,0.823,11.0,-3.877,0.0,0.0477,0.0811,0.0,0.264,0.54,128.041,4.0
spotify:track:6idJCmLD3HTaZyq5OJyU5R,Paralele,Paralele,Corona,2022-05-13,196449.0,43.0,False,31nwxo5pfhmcaqlyieatw4ut7xta,2024-10-25T16:02:20Z,,KDM Exclusive,0.692,0.584,9.0,-7.642,0.0,0.249,0.349,0.000167,0.1,0.376,159.83,4.0
spotify:track:0RH7zwd6qdLnQp4nbtNo7w,Gringo,Aurora,Nikolija,2022-12-04,151278.0,28.0,False,31nwxo5pfhmcaqlyieatw4ut7xta,2024-10-25T17:04:06Z,,Made In BLKN,0.765,0.64,11.0,-6.072,1.0,0.0681,0.234,0.0,0.109,0.525,144.006,4.0
spotify:track:5ORMtD5Pxq21oxTfWkZ2Fe,Cataleya,Goat Season (Part Two),Jala Brat;Buba Corelli,2024-06-29,177103.0,0.0,False,31nwxo5pfhmcaqlyieatw4ut7xta,2024-10-25T17:29:42Z,,"Imperia, by Yellowcake, Inc.",0.88,0.826,11.0,-3.523,0.0,0.0535,0.184,0.0,0.0861,0.546,145.031,4.0
spotify:track:1fiKF8JIJfqhOSZmY8d8ey,High Life,High Life,Nikolija,2020-09-24,161500.0,37.0,False,31nwxo5pfhmcaqlyieatw4ut7xta,2024-10-26T12:18:52Z,,Made In BLKN,0.739,0.808,1.0,-3.955,1.0,0.038,0.0376,0.0,0.0858,0.534,100.037,4.0
spotify:track:2eIPJKmxjH6w7z7VMhp9vM,Koji Kralj,Plava Krv,Devito;Coby,2023-05-23,156562.0,40.0,False,31nwxo5pfhmcaqlyieatw4ut7xta,2024-10-27T18:16:54Z,,Devito,0.853,0.716,4.0,-4.274,0.0,0.0739,0.264,1e-05,0.0933,0.881,128.006,4.0
spotify:track:4RttvrC9RYOxunRvkl9ttJ,HI HI - HA HA,HI HI - HA HA,Nucci;Biba;Devito,2024-10-10,195624.0,45.0,False,31nwxo5pfhmcaqlyieatw4ut7xta,2024-10-27T18:18:22Z,,Generacija Zed,0.897,0.685,4.0,-4.207,0.0,0.086,0.0921,6.37e-05,0.0961,0.333,96.02,4.0
spotify:track:1Hks72cFKhKDc6tHFgyrRe,ONE VOLE MENE,ONE VOLE MENE,Ukic,2022-07-14,149397.0,34.0,True,31nwxo5pfhmcaqlyieatw4ut7xta,2024-10-28T00:19:48Z,,Ukic by EMDC Network,0.64,0.552,1.0,-12.001,1.0,0.135,0.0592,0.0,0.152,0.508,119.874,5.0
spotify:track:5cvhK13ebDlqKpz19JkYed,Nina 2.0,Plava Krv,Devito,2023-05-23,139780.0,41.0,False,31nwxo5pfhmcaqlyieatw4ut7xta,2024-10-28T00:19:58Z,,Devito,0.674,0.79,1.0,-2.798,1.0,0.0758,0.156,0.00801,0.107,0.828,181.777,4.0
spotify:track:7cBg898ZXAOUACIChkByHp,Koka,Koka,Devito,2020-02-23,164000.0,0.0,False,31nwxo5pfhmcaqlyieatw4ut7xta,2024-10-28T00:20:45Z,,IDJTunes,0.831,0.902,8.0,-4.943,0.0,0.14,0.182,0.0986,0.111,0.726,139.926,4.0
spotify:track:5xypiIRm7ILzbz0kze92u6,Fantasia,Fantasia,Olexesh;Devito,2024-07-25,140200.0,42.0,True,31nwxo5pfhmcaqlyieatw4ut7xta,2024-10-28T00:21:38Z,german hip hop,385ideal,0.547,0.647,1.0,-7.896,0.0,0.37,0.0977,0.0,0.0785,0.674,191.909,4.0
spotify:track:7iQi1a6W5HpNbxoARHvUai,Tuga iz Porschea,Tuga iz Porschea,Relja,2019-06-28,222082.0,53.0,False,31nwxo5pfhmcaqlyieatw4ut7xta,2024-10-28T00:36:21Z,,IDJTunes,0.448,0.693,10.0,-4.93,0.0,0.38,0.629,0.0,0.108,0.254,172.029,4.0
spotify:track:10a31JXHNEtLDcBCZ4u027,Hoću s tobom da se smuvam,Sam u kući,Surreal,2018-02-14,191084.0,40.0,True,31nwxo5pfhmcaqlyieatw4ut7xta,2024-10-28T00:39:20Z,,Bassivity Digital,0.825,0.642,11.0,-11.64,1.0,0.146,0.0187,0.00824,0.11,0.546,135.993,5.0
spotify:track:2kZgYDOBZHG8wBYjde6gn6,Rambo,Rambo,Coby,2018-03-27,208343.0,50.0,False,31nwxo5pfhmcaqlyieatw4ut7xta,2024-10-28T00:42:42Z,,IDJTunes,0.635,0.738,5.0,-5.561,1.0,0.0867,0.00155,2.31e-05,0.298,0.444,83.941,4.0
spotify:track:3jWBctSF0Hl5ZuPsdn0GrV,Naslovna,Naslovna,Amna;Biba,2024-01-26,120000.0,48.0,False,31nwxo5pfhmcaqlyieatw4ut7xta,2024-10-28T00:42:47Z,,IDJTunes,0.877,0.702,5.0,-7.046,0.0,0.0881,0.0422,2.04e-05,0.18,0.609,102.005,4.0
spotify:track:6s53Ayo0yzScGG7yUjgODX,Svemir,Plava Krv,Devito;INAS,2023-05-23,165818.0,59.0,False,31nwxo5pfhmcaqlyieatw4ut7xta,2024-10-28T00:43:01Z,,Devito,0.692,0.798,8.0,-6.091,0.0,0.0476,0.191,0.0,0.171,0.691,109.976,4.0
spotify:track:0zGN3BwTxVLZa6s0Ue05LE,VUTRA,VUTRA,Ukic,2022-12-08,169770.0,31.0,True,31nwxo5pfhmcaqlyieatw4ut7xta,2024-10-28T00:43:30Z,,Ukic by EMDC Network,0.719,0.511,6.0,-12.614,0.0,0.344,0.498,0.0,0.166,0.835,126.404,5.0
spotify:track:0OwJ56jbmcBwZJTaP17Jfv,Plava Krv,Plava Krv,Devito,2023-05-23,190285.0,46.0,False,31nwxo5pfhmcaqlyieatw4ut7xta,2024-10-28T00:43:41Z,,Devito,0.599,0.712,10.0,-4.428,1.0,0.168,0.226,0.0,0.0731,0.242,104.92,4.0
spotify:track:1UysavvXLTnOVY56rZorpw,BUSY,BUSY,Petrov,2022-03-15,161153.0,29.0,True,31nwxo5pfhmcaqlyieatw4ut7xta,2024-10-28T00:43:48Z,,3326237 Records DK,0.72,0.514,8.0,-9.98,1.0,0.34,0.822,0.0,0.367,0.885,143.024,4.0
spotify:track:0fB3ZWRh9FEQqDP7712iMi,Highlife,Platinum,Grše,2021-03-07,156631.0,50.0,False,31nwxo5pfhmcaqlyieatw4ut7xta,2024-10-28T00:43:57Z,,yem,0.803,0.679,4.0,-4.887,1.0,0.0793,0.00538,0.0131,0.097,0.315,95.027,4.0
spotify:track:4v3xKgV7H4gAG8GzgbYllC,KOCKE LEDA 2,KOCKE LEDA 2,Fox;Grca,2024-07-13,136912.0,13.0,False,31nwxo5pfhmcaqlyieatw4ut7xta,2024-10-28T00:45:13Z,,KOCKE LEDA,0.777,0.827,11.0,-6.92,1.0,0.295,0.476,0.000281,0.334,0.504,149.07,4.0
spotify:track:6reg8Ex0CZTdtOQdNPGZoj,Acrobatico,Plava Krv,Devito,2023-05-23,171894.0,46.0,False,31nwxo5pfhmcaqlyieatw4ut7xta,2024-10-28T00:45:39Z,,Devito,0.815,0.873,6.0,-5.496,1.0,0.0831,0.0554,1.05e-06,0.169,0.892,95.006,4.0
spotify:track:6mwYtsIoFvx9nA42vofSpj,Premiata,Premiata,Petrov,2024-03-09,124838.0,36.0,False,31nwxo5pfhmcaqlyieatw4ut7xta,2024-10-28T00:46:27Z,,AQUILLA by EMDC Network,0.86,0.707,5.0,-6.228,1.0,0.24,0.263,0.0,0.299,0.645,93.014,4.0
spotify:track:6UaVbBmkMaptGvqOQkJHip,PSH PSH,PSH PSH,Elena,2020-10-14,133333.0,0.0,True,31nwxo5pfhmcaqlyieatw4ut7xta,2024-10-28T00:47:04Z,,Elena Kitic,0.782,0.635,1.0,-6.74,1.0,0.252,0.0467,0.0,0.0839,0.768,153.089,4.0
spotify:track:1MKasDFeF5CiRedfT5Urlb,Rari,Rari,Petrov,2023-09-08,141951.0,42.0,True,31nwxo5pfhmcaqlyieatw4ut7xta,2024-10-28T00:47:39Z,,Aquilla by EMDC Network,0.651,0.708,6.0,-5.503,1.0,0.131,0.411,0.000317,0.085,0.582,164.08,4.0
spotify:track:1hOmbhl53UMCEAo56J9n43,Petrov,Petrov,Petrov,2023-12-23,139315.0,45.0,False,31nwxo5pfhmcaqlyieatw4ut7xta,2024-10-28T00:49:02Z,,AQUILLA by EMDC Network,0.832,0.564,7.0,-7.125,1.0,0.0759,0.193,0.0,0.125,0.791,145.99,4.0
spotify:track:5ontsTg6iONIEDdLYPo8L5,22,Pakt sa đavolom,Jala;Buba Corelli,2017-02-01,257369.0,52.0,False,31nwxo5pfhmcaqlyieatw4ut7xta,2024-10-28T00:49:33Z,,Tempo Production,0.607,0.896,11.0,-5.513,0.0,0.225,0.402,0.0,0.37,0.318,149.819,4.0
spotify:track:4OHfpUUAOCnL9O2QnRuNcF,Mama nemoj pitati,Mama nemoj pitati,Popov;Henny,2022-04-29,153333.0,39.0,False,31nwxo5pfhmcaqlyieatw4ut7xta,2024-10-28T00:52:02Z,,Generacija Zed,0.743,0.663,5.0,-4.857,0.0,0.269,0.209,0.0,0.088,0.76,144.012,4.0
spotify:track:2VinRRllMLr2z2VkqKRxrD,Tuckavacc,Tuckavacc,Desingerica;Pljugica,2022-11-10,165642.0,44.0,True,31nwxo5pfhmcaqlyieatw4ut7xta,2024-10-28T00:52:21Z,,Desingerica,0.856,0.773,2.0,-4.315,1.0,0.22,0.0772,0.0,0.22,0.718,142.016,4.0
spotify:track:3n883ttVZ8a5vhNn0dEBDZ,Aligatori,Aligatori,Devito,2019-11-02,188564.0,37.0,False,31nwxo5pfhmcaqlyieatw4ut7xta,2024-10-28T00:52:32Z,,Devito,0.802,0.725,1.0,-5.266,1.0,0.286,0.294,0.0,0.106,0.923,139.991,4.0
spotify:track:0ADmEl6nKUy6hr3FZ7xkdG,Ja sam u gasu,Sam u kući,Surreal;Fox,2018-02-14,243266.0,25.0,True,31nwxo5pfhmcaqlyieatw4ut7xta,2024-10-28T00:52:51Z,,Bassivity Digital,0.94,0.561,2.0,-6.642,1.0,0.101,0.0919,0.000122,0.129,0.389,126.979,4.0
spotify:track:6trT0C4L2fvxbhd19QDzNZ,Balerina,Balerina,Henny;Relja Torinno,2019-08-08,130063.0,0.0,False,31nwxo5pfhmcaqlyieatw4ut7xta,2024-10-28T00:54:26Z,,Generacija Zed,0.692,0.752,7.0,-4.367,0.0,0.0999,0.335,0.0,0.108,0.666,155.072,4.0
spotify:track:7tXbhlVxeEsjJH81KpUGOO,DRIFT,DRIFT,Petrov,2022-05-03,143045.0,26.0,True,31nwxo5pfhmcaqlyieatw4ut7xta,2024-10-28T00:55:35Z,,3326237 Records DK,0.721,0.578,9.0,-8.321,1.0,0.194,0.741,0.0,0.136,0.56,94.061,4.0
spotify:track:4GKPzENAV2XHh9jFtQB9Nc,Kurvanje,Kurvanje,Surreal;ELLA,2022-07-07,151836.0,40.0,True,31nwxo5pfhmcaqlyieatw4ut7xta,2024-10-28T00:56:49Z,,FYD,0.872,0.478,7.0,-8.306,1.0,0.101,0.254,0.0012,0.078,0.639,98.031,4.0
spotify:track:204oI3BmCyZDUkLELC1xI6,Dalmatino,Dalmatino,Grše,2024-04-16,173400.0,45.0,False,31nwxo5pfhmcaqlyieatw4ut7xta,2024-10-28T00:56:54Z,,yem,0.931,0.647,1.0,-4.621,1.0,0.251,0.142,0.000704,0.077,0.419,99.992,4.0
spotify:track:218oEy308d0GlZbvF2rqcm,TAXI,TAXI,Petrov,2023-01-30,130302.0,25.0,True,31nwxo5pfhmcaqlyieatw4ut7xta,2024-10-28T00:57:31Z,,Aquilla,0.702,0.455,1.0,-15.278,1.0,0.119,0.138,9.34e-06,0.242,0.23,104.032,4.0
spotify:track:04x59vZGPdBubgR8RflPQ9,Tesko Je Biti Fin,Tesko Je Biti Fin,KoZmaj,2024-08-30,209142.0,10.0,True,31nwxo5pfhmcaqlyieatw4ut7xta,2024-10-28T10:41:38Z,,KoZmaj,0.609,0.798,6.0,-8.949,1.0,0.161,0.405,0.0,0.777,0.946,161.142,4.0
spotify:track:7g77PE6mCjNWe2nyvmpU9R,Bez Tebe,Pakt sa đavolom,Jala;Buba Corelli,2017-02-01,184552.0,51.0,False,31nwxo5pfhmcaqlyieatw4ut7xta,2024-10-29T00:15:06Z,,Tempo Production,0.64,0.744,9.0,-5.977,0.0,0.0509,0.218,9.91e-05,0.369,0.308,130.11,4.0
spotify:track:1eoyzLH7q2JCQ7JVRqpdAF,Letnji Randevu,Letnji Randevu (Air Max Reggae 2),Rasta;Link;PAVILLION,2024-08-23,164444.0,0.0,False,31nwxo5pfhmcaqlyieatw4ut7xta,2024-10-30T16:00:59Z,,Balkaton,0.86,0.614,9.0,-5.493,0.0,0.0588,0.739,3.99e-06,0.0998,0.58,108.022,4.0
spotify:track:6tN88ttXRw1DvV3cZ2NXic,Top,Plava Krv,Devito;Šolaja,2023-05-23,133125.0,43.0,False,31nwxo5pfhmcaqlyieatw4ut7xta,2024-10-31T14:22:23Z,,Devito,0.786,0.748,9.0,-5.27,0.0,0.0746,0.204,0.0,0.037,0.866,128.025,4.0
spotify:track:0Mr8coHqvqMOJIdgAyM3Od,Pop Ikona,Pop Ikona,Corona,2022-07-03,143156.0,42.0,False,31nwxo5pfhmcaqlyieatw4ut7xta,2024-10-31T14:25:07Z,,KDM Exclusive,0.969,0.734,9.0,-4.076,0.0,0.135,0.448,0.0332,0.0718,0.674,129.965,4.0
spotify:track:6pFRO8svNK6FWycvQdzhdn,Razbojnik,Razbojnik,Fox;Grca,2024-05-26,151250.0,37.0,False,31nwxo5pfhmcaqlyieatw4ut7xta,2024-11-08T14:32:30Z,,Kocke leda by EMDC Network,0.733,0.616,7.0,-5.251,1.0,0.111,0.441,7.81e-05,0.409,0.54,96.011,4.0
spotify:track:1oygRFBxvPHjDPhx8yzDnv,Šta si čula?,Šta si čula?,Drmex,2023-11-10,194183.0,40.0,True,31nwxo5pfhmcaqlyieatw4ut7xta,2024-11-08T14:33:57Z,,Lirika,0.586,0.484,8.0,-14.072,1.0,0.338,0.788,7.47e-05,0.132,0.0463,87.771,4.0
spotify:track:6ioTbje0vdytcj7mGztpCD,Gori,Gori,Tyzee,2019-05-19,187719.0,21.0,False,31nwxo5pfhmcaqlyieatw4ut7xta,2024-11-08T14:34:00Z,,Balkaton,0.657,0.835,11.0,-7.357,0.0,0.045,0.0829,0.0,0.141,0.827,159.979,4.0
spotify:track:34a9HTYO8azsJXmO71KUTJ,Lud,Pre Noći,Klinac;Kei,2018-10-06,145674.0,0.0,False,31nwxo5pfhmcaqlyieatw4ut7xta,2024-11-08T14:34:07Z,,Bassivity Digital,0.694,0.799,7.0,-8.357,1.0,0.286,0.383,0.000312,0.169,0.776,149.694,4.0
spotify:track:6GIacGTtFfNq3TntzAalfM,Samo Na Noć,Samo Na Noć,Henny,2021-06-30,169142.0,0.0,False,31nwxo5pfhmcaqlyieatw4ut7xta,2024-11-11T23:46:42Z,,Generacija Zed,0.781,0.718,9.0,-7.072,0.0,0.157,0.541,0.0,0.324,0.648,104.968,4.0
spotify:track:6yzqTTBY4356qKTT4Pcva2,Magla,Magla,Henny;Edita,2022-03-07,217752.0,0.0,False,31nwxo5pfhmcaqlyieatw4ut7xta,2024-11-11T23:49:56Z,,Generacija Zed,0.644,0.784,2.0,-4.482,0.0,0.112,0.444,0.0,0.102,0.352,88.991,4.0
spotify:track:6SrXGcWQeGan3GPtSvOtDx,Takvi Kao Ti,Guns N Roses,Voyage,2024-06-14,141714.0,48.0,False,31nwxo5pfhmcaqlyieatw4ut7xta,2024-11-16T12:05:34Z,,IDJTunes,0.625,0.564,1.0,-6.982,1.0,0.284,0.0798,0.0,0.0755,0.597,88.879,3.0
spotify:track:1DIZ2tvO6rL85EWzHsII6D,Indigo,Indigo,Rasta,2017-02-22,206666.0,54.0,False,31nwxo5pfhmcaqlyieatw4ut7xta,2024-11-16T19:19:44Z,,Balkaton,0.542,0.583,6.0,-6.847,1.0,0.184,0.676,0.0,0.133,0.326,120.175,5.0
spotify:track:4YzjRffNSegoeCtmvP0iSp,Roze Zlato,Beogradsko Najfinije,THCF,2021-06-15,230000.0,51.0,False,31wxwjk3y7lmwmbyxnhexb23vrea,2024-11-21T15:26:55Z,,IDJTunes,0.555,0.679,6.0,-7.127,0.0,0.101,0.0351,0.000282,0.107,0.0811,96.017,4.0
spotify:track:1zndHQ3j1fMrcwvQW2jL1y,Shakira,Shakira,Popov,2023-12-16,131625.0,38.0,False,31wxwjk3y7lmwmbyxnhexb23vrea,2024-11-21T15:26:57Z,,Generacija Zed,0.786,0.777,2.0,-5.907,1.0,0.148,0.0578,1.13e-06,0.0786,0.601,99.974,4.0
spotify:track:1LKZiioh3A2me8pAYMsF37,Aurora,Aurora,Nikolija;Amna,2022-12-04,172653.0,35.0,False,31wxwjk3y7lmwmbyxnhexb23vrea,2024-11-21T15:26:59Z,,Made In BLKN,0.851,0.838,8.0,-5.663,1.0,0.0774,0.0433,3.54e-05,0.15,0.369,106.041,4.0
spotify:track:6VJnSzS7lo3Jr6hAmUbRvh,Prođi Sa Mnom Bosnom,Prođi Sa Mnom Bosnom,Amna;Albino,2022-10-23,171432.0,40.0,False,31wxwjk3y7lmwmbyxnhexb23vrea,2024-11-21T15:27:05Z,,IDJTunes,0.654,0.663,5.0,-7.095,1.0,0.0456,0.0695,7.53e-06,0.343,0.496,139.986,4.0
spotify:track:3DU9emlzFLjirxZ76sV51h,Shake It,Shake It,Devito;Jala Brat,2022-12-12,147551.0,48.0,False,31wxwjk3y7lmwmbyxnhexb23vrea,2024-11-21T15:27:09Z,,Devito,0.808,0.744,2.0,-5.543,1.0,0.153,0.178,0.0,0.0594,0.463,98.007,4.0
spotify:track:7gSnyyOKI9ovzcxWnKlxF4,Ceo Svet,ZAMENA ZA BOL,Nucci;Rasta,2024-10-24,133285.0,55.0,False,31wxwjk3y7lmwmbyxnhexb23vrea,2024-11-21T15:27:16Z,,Generacija Zed,0.815,0.786,8.0,-4.77,0.0,0.0561,0.143,0.0,0.106,0.861,140.036,4.0
spotify:track:2GNyzATJg1w34nxRhpqbIh,Voice,ZAMENA ZA BOL,Nucci,2024-10-24,148629.0,59.0,False,31wxwjk3y7lmwmbyxnhexb23vrea,2024-11-21T15:27:22Z,,Generacija Zed,0.685,0.769,5.0,-4.78,0.0,0.165,0.112,2.4e-06,0.144,0.797,172.077,4.0
spotify:track:4QgqHdmMu3joZXRAl93Kg9,Koji Je Dan Danas,ZAMENA ZA BOL,Nucci,2024-10-24,137076.0,42.0,False,31wxwjk3y7lmwmbyxnhexb23vrea,2024-11-21T15:27:26Z,,Generacija Zed,0.877,0.696,0.0,-5.126,0.0,0.0892,0.0829,0.0,0.291,0.669,129.969,4.0
spotify:track:01P7EnjDbl6cQCwbFsB7Ts,Smoke Tour,Smoke Tour,Seksi;Bandra,2024-06-20,136000.0,16.0,True,31wxwjk3y7lmwmbyxnhexb23vrea,2024-11-21T15:29:17Z,,Crni Cerak,0.874,0.656,8.0,-7.301,1.0,0.194,0.0128,1.03e-05,0.0841,0.155,119.971,4.0
spotify:track:4s1h28Ys84dRMNWfdGkZCK,Prada,Guns N Roses,Voyage,2024-06-14,110400.0,40.0,False,31wxwjk3y7lmwmbyxnhexb23vrea,2024-11-21T15:29:36Z,,IDJTunes,0.905,0.879,4.0,-4.464,1.0,0.241,0.194,0.0,0.22,0.826,99.966,4.0
spotify:track:5TjeX0LhJy6dEs2dInnMOc,Bonnie & Clyde,"Hvala, Doviđenja",Ana Nikolić,2024-06-27,137059.0,46.0,False,31wxwjk3y7lmwmbyxnhexb23vrea,2024-11-21T15:30:09Z,,Ana Nikolić,0.735,0.769,10.0,-5.373,1.0,0.0887,0.0844,0.0,0.134,0.575,130.085,4.0
spotify:track:46MJdsgIVV56bZ7yEp6j3c,SOS,Air Max Reggae,Balkaton Gang;Rasta;Sandra Afrika,2019-10-26,188500.0,45.0,True,31wxwjk3y7lmwmbyxnhexb23vrea,2024-11-21T16:50:01Z,,Balkaton,0.791,0.73,0.0,-5.391,0.0,0.256,0.266,0.0,0.104,0.642,82.989,4.0
spotify:track:6ZWzuWNtPk8FM7dY1ayC1d,Vidi Je,Vidi Je,Vojke;Big Palk,2024-08-30,119085.0,0.0,False,31wxwjk3y7lmwmbyxnhexb23vrea,2024-11-21T17:18:55Z,,Get Low Music,0.601,0.958,1.0,-2.501,1.0,0.0893,0.00177,0.00377,0.18,0.785,163.999,4.0
spotify:track:0vb0AbgRuXrrtjCPceQi6r,Los Primer,Guns N Roses,Voyage,2024-06-14,137684.0,42.0,False,31wxwjk3y7lmwmbyxnhexb23vrea,2024-11-21T17:29:21Z,,IDJTunes,0.673,0.554,7.0,-5.706,0.0,0.0623,0.057,0.0,0.0566,0.714,95.025,4.0
spotify:track:0EYgeEmEAeCc3RypoKVs3Q,Šta Sam Kriv vam Ja,Suđenja i Iskušenja,THCF,2023-04-04,195217.0,46.0,True,31wxwjk3y7lmwmbyxnhexb23vrea,2024-11-21T22:57:36Z,,IDJTunes,0.76,0.777,5.0,-6.638,1.0,0.0601,0.121,0.0,0.176,0.52,137.77,4.0
spotify:track:1ESRe2fPlS2JP4zo4T2e3b,Dom,Stari Radio,Jala Brat,2016-11-01,291363.0,0.0,False,31wxwjk3y7lmwmbyxnhexb23vrea,2024-12-02T12:07:28Z,,IMPERIA by EMDC Network,0.547,0.772,9.0,-4.553,0.0,0.0931,0.631,2.3e-06,0.558,0.394,150.141,4.0
spotify:track:3pDQNT5v3jZFamjG8y8Mcl,Aisha,GoodFellas,Jala Brat;Buba Corelli,2023-07-21,110400.0,0.0,False,31wxwjk3y7lmwmbyxnhexb23vrea,2024-12-09T16:37:25Z,,"Imperia, by Yellowcake, Inc.",0.849,0.835,8.0,-5.794,0.0,0.0735,0.0323,0.0373,0.0695,0.291,99.983,4.0
spotify:track:4UCTNxz3oM9rOIoAzVJ80X,Gianni,Stari Radio,Jala Brat,2016-11-01,208097.0,0.0,False,31wxwjk3y7lmwmbyxnhexb23vrea,2024-12-09T16:37:39Z,,"Imperia, by Yellowcake, Inc.",0.788,0.747,4.0,-6.835,0.0,0.242,0.0954,0.0,0.0877,0.241,98.998,4.0
spotify:track:3h36nvDv3zCfHdwQGQdUut,Predsednicka pratnja,Predsednicka pratnja,Corona,2020-07-29,163124.0,46.0,False,31wxwjk3y7lmwmbyxnhexb23vrea,2024-12-09T16:37:44Z,,KDM Exclusive,0.71,0.802,8.0,-8.074,0.0,0.0818,0.468,0.0,0.146,0.75,88.007,4.0
spotify:track:2NnfvPdK1wyev9ko1SEgmo,Patek,99,Jala Brat,2019-09-09,144117.0,0.0,False,31wxwjk3y7lmwmbyxnhexb23vrea,2024-12-09T16:38:06Z,,"Imperia, by Yellowcake, Inc.",0.61,0.667,11.0,-5.597,0.0,0.157,0.229,0.0,0.0898,0.665,101.956,4.0
spotify:track:6EamRRF2KNEUk6w0A8T9Ua,Konkretno,Labilna,Ana Nikolić;Rasta,2016-12-05,182022.0,55.0,True,31wxwjk3y7lmwmbyxnhexb23vrea,2024-12-09T16:38:08Z,,Balkaton,0.563,0.688,0.0,-3.013,1.0,0.149,0.171,0.0,0.169,0.642,89.03,4.0
spotify:track:0HNL42gLGeR1rOApSont0x,Kavez,3211,Rasta,2023-11-16,197000.0,38.0,False,31wxwjk3y7lmwmbyxnhexb23vrea,2024-12-09T16:38:09Z,,Balkaton,0.52,0.742,6.0,-5.601,0.0,0.0484,0.664,0.0168,0.129,0.718,98.418,4.0
spotify:track:3MR2YMaDvdZ4jrSr5ECXo6,NEMAČKA,NEMAČKA,Petrov,2023-06-28,136666.0,44.0,True,31wxwjk3y7lmwmbyxnhexb23vrea,2024-12-09T16:38:12Z,,Aquilla,0.616,0.561,0.0,-6.798,0.0,0.306,0.337,0.0,0.136,0.89,179.949,4.0
spotify:track:5kdzjjKvkIkT70V9sdUiUt,Oci Zelene,Oci Zelene,Henny,2023-08-21,150696.0,46.0,False,31wxwjk3y7lmwmbyxnhexb23vrea,2024-12-09T16:38:39Z,,Generacija Zed,0.724,0.881,6.0,-3.372,1.0,0.0978,0.0739,0.0,0.0307,0.683,137.999,4.0
spotify:track:5aOL8FlCnIHemnOe6VRA67,Chigirigi,Chigirigi,Nucci,2023-09-30,129867.0,39.0,False,31wxwjk3y7lmwmbyxnhexb23vrea,2024-12-09T16:38:41Z,,Generacija Zed,0.77,0.819,1.0,-5.522,0.0,0.196,0.0101,0.0,0.077,0.825,90.022,4.0
spotify:track:6rwKs1seUEKhWUGaqagn0z,Glamur,Glamur,Jala Brat,2017-06-16,191242.0,0.0,False,31wxwjk3y7lmwmbyxnhexb23vrea,2024-12-09T16:38:45Z,,"Imperia, by Yellowcake, Inc.",0.672,0.812,1.0,-3.394,0.0,0.0691,0.0138,1.71e-06,0.0707,0.182,156.923,4.0
spotify:track:1vhWg0zYdRMqbTpTd6X91Z,Trinidad i Tobago,Pakt sa đavolom,Jala;Buba Corelli,2017-02-01,186200.0,56.0,False,31wxwjk3y7lmwmbyxnhexb23vrea,2024-12-09T16:38:50Z,,Tempo Production,0.668,0.802,9.0,-5.431,1.0,0.0844,0.271,2.05e-05,0.365,0.186,94.954,4.0
spotify:track:3zJTrkQ7rXAmgGBOeVzd6h,Sloboda,Paket Angažman,Crni Cerak,2023-03-26,166118.0,15.0,True,31wxwjk3y7lmwmbyxnhexb23vrea,2024-12-09T16:38:59Z,,Crni Cerak,0.443,0.477,10.0,-6.446,1.0,0.095,0.611,0.00204,0.204,0.0994,81.032,4.0
spotify:track:2s8VuTfG7JEEvwuzRPBxv8,Droga Amsterdam,Droga Amsterdam,Cunami Flo,2023-11-27,148292.0,41.0,True,31wxwjk3y7lmwmbyxnhexb23vrea,2024-12-09T16:39:16Z,,CunamiFlo,0.769,0.987,8.0,-6.333,1.0,0.0721,0.279,0.0719,0.0983,0.623,123.008,4.0
spotify:track:1Gr9iquKVyu0RS4w7EqXSH,Folira,Folira,Elena;Jala Brat,2017,178102.0,51.0,False,31wxwjk3y7lmwmbyxnhexb23vrea,2024-12-09T16:39:34Z,,Elena Kitic,0.512,0.673,0.0,-4.216,0.0,0.0735,0.14,0.0,0.103,0.533,141.9,4.0
spotify:track:11NEcDdyoR4Di71zufoqke,Polumesec,Polumesec,Teodora,2023-05-22,172857.0,48.0,False,31wxwjk3y7lmwmbyxnhexb23vrea,2024-12-09T16:39:39Z,,SevenSky by EMDC Network,0.467,0.644,2.0,-5.575,0.0,0.125,0.231,0.0,0.0774,0.76,83.811,4.0
spotify:track:0jpAylxZP6sv4LohwMByiP,Crna mecka,Crna mecka,Traker;Tasko,2019-12-06,204047.0,17.0,False,31wxwjk3y7lmwmbyxnhexb23vrea,2024-12-09T16:39:50Z,,Urban Records,0.785,0.628,1.0,-6.409,1.0,0.237,0.038,0.0,0.0911,0.695,125.793,4.0
spotify:track:5Cok8eSKmVLwK7nMEJds1v,4 Strane Sveta,4 Strane Sveta,Coby;Senidah,2018-09-09,164000.0,53.0,False,31wxwjk3y7lmwmbyxnhexb23vrea,2024-12-09T16:40:05Z,,Bassivity Digital,0.746,0.663,11.0,-6.293,0.0,0.0798,0.0436,0.0,0.311,0.777,135.983,4.0
spotify:track:0HmPTpue8wf7EsL7BvZmHs,Kocka,Kocka,Sloba Radanovic,2018-12-11,206500.0,39.0,False,31wxwjk3y7lmwmbyxnhexb23vrea,2024-12-09T16:40:06Z,,Infinity Production,0.662,0.678,10.0,-5.022,0.0,0.0356,0.115,0.0,0.336,0.235,100.092,4.0
spotify:track:2O0LxiH1uiVL8SuKtDaSyG,Puklo Nebo,Goat Season (Part One),Jala Brat;Medi;Elena,2024-02-16,162666.0,0.0,False,31wxwjk3y7lmwmbyxnhexb23vrea,2024-12-09T16:40:32Z,,"Imperia, by Yellowcake, Inc.",0.84,0.742,8.0,-5.785,1.0,0.0425,0.12,5e-05,0.106,0.658,90.007,4.0
spotify:track:2cr3rABwRxoNwe8mHrYc97,Capcarap,Capcarap,Cunami Flo,2023-06-15,196000.0,48.0,True,31wxwjk3y7lmwmbyxnhexb23vrea,2024-12-09T16:40:51Z,,CunamiFlo,0.848,0.688,1.0,-10.03,1.0,0.112,0.0523,0.000743,0.395,0.506,119.979,4.0
spotify:track:4xcRuthybm5q5ajNKJBPsf,Budala,Budala,THCF;Coby,2016-07-08,206396.0,45.0,False,31wxwjk3y7lmwmbyxnhexb23vrea,2024-12-09T16:40:55Z,,IDJTunes,0.534,0.751,11.0,-8.166,0.0,0.0413,0.123,0.00143,0.426,0.323,116.019,4.0
spotify:track:5fzx1nbbqJKjaOYjORIUQ8,Fortnite,Fortnite,Crni Cerak,2023-11-22,204286.0,18.0,True,31wxwjk3y7lmwmbyxnhexb23vrea,2024-12-09T16:40:59Z,,Crni Cerak,0.695,0.678,2.0,-4.194,1.0,0.272,0.127,0.0,0.325,0.525,169.999,4.0
spotify:track:0k4lH1JHpIeMpRgyB2l3dA,Nove pare,Nove pare,Krisko;Coby,2021-11-03,208370.0,40.0,True,31wxwjk3y7lmwmbyxnhexb23vrea,2024-12-09T16:41:07Z,folk pop,Bassivity Digital,0.708,0.862,11.0,-4.998,1.0,0.112,0.18,0.0,0.128,0.681,154.942,4.0
spotify:track:0z1aGLhDIL3UVy1vVreuST,Djene Djene,Remek-Delo,Sanja Vucic,2023-10-31,140250.0,0.0,False,31wxwjk3y7lmwmbyxnhexb23vrea,2024-12-09T16:41:10Z,,Lil Wolf,0.801,0.766,1.0,-5.672,0.0,0.0385,0.262,1.83e-05,0.0756,0.899,144.934,4.0
spotify:track:0bXN1FtnOILe206ozrA1wd,Zore Pijane,Momentum,Alen Sakić;THCF,2020-12-14,241000.0,41.0,True,31wxwjk3y7lmwmbyxnhexb23vrea,2024-12-09T16:41:13Z,,Balkaton,0.811,0.879,11.0,-4.218,0.0,0.0688,0.257,0.0,0.332,0.779,130.997,4.0
spotify:track:3zTH3mfustAqP0ONsaI5S5,Alalvera,Svi Zajedno,Beogradski Sindikat,2005-01-13,256268.0,0.0,False,31wxwjk3y7lmwmbyxnhexb23vrea,2024-12-09T16:50:19Z,,Jadran Records,0.554,0.941,6.0,-3.959,1.0,0.254,0.487,0.0,0.256,0.751,95.201,4.0
spotify:track:6D6Hc8JZTwvsNfYwpQpD3y,Maroko,Air Max Reggae,Balkaton Gang;Rasta;Alen Sakić,2019-10-26,183000.0,47.0,True,31wxwjk3y7lmwmbyxnhexb23vrea,2024-12-11T09:40:43Z,,Balkaton,0.809,0.662,0.0,-7.368,0.0,0.0944,0.117,0.0,0.114,0.375,98.999,4.0
spotify:track:3z5DonqIG6hvZyIlfhfUPO,VRATI JE TATI,Goat Season: Final Chapter,Jala Brat;Buba Corelli,2024-12-14,129000.0,0.0,False,31wxwjk3y7lmwmbyxnhexb23vrea,2024-12-14T12:15:11Z,,"Imperia, by Yellowcake, Inc.",0.897,0.792,5.0,-5.742,1.0,0.0489,0.241,1.41e-05,0.0763,0.792,100.041,4.0
spotify:track:4SlgXc6xf8hrl8YSiIrRdu,7 Noći,23,Corona,2021-12-01,185684.0,31.0,False,31wxwjk3y7lmwmbyxnhexb23vrea,2024-12-14T17:31:26Z,,KDM Exclusive,0.622,0.683,8.0,-6.033,0.0,0.192,0.161,1.4e-05,0.186,0.502,96.157,4.0
spotify:track:0CfXNYz5UxvzupfivgPj0U,Odana,Air Max Reggae,Balkaton Gang;Rasta;Alen Sakić,2019-10-26,184000.0,37.0,True,31wxwjk3y7lmwmbyxnhexb23vrea,2024-12-15T11:45:00Z,,Balkaton,0.788,0.878,3.0,-4.602,0.0,0.0564,0.523,0.0,0.0729,0.925,159.951,4.0
spotify:track:5xFoHT01mfWuuQUAfaU5dr,Dlan,Ko je Crni Cerak?,Crni Cerak,2024-11-29,180017.0,14.0,True,31wxwjk3y7lmwmbyxnhexb23vrea,2024-12-15T18:47:14Z,,Crni Cerak,0.704,0.803,0.0,-1.934,1.0,0.152,0.209,0.0,0.779,0.75,140.034,4.0
spotify:track:3wFLjbUTdML15Lf1uiOjlb,Bor,Beogradsko Najfinije,THCF,2021-06-15,179318.0,51.0,False,31wxwjk3y7lmwmbyxnhexb23vrea,2024-12-20T13:42:37Z,,IDJTunes,0.685,0.618,3.0,-6.118,0.0,0.0382,0.14,0.0,0.357,0.498,132.037,4.0
spotify:track:14wgVJW69iODwhtT4z9cuE,Bolje Vreme,Bolje Vreme,Cya,2015-06-22,241986.0,24.0,True,31wxwjk3y7lmwmbyxnhexb23vrea,2024-12-20T13:48:47Z,,IDJTunes,0.653,0.864,4.0,-5.314,0.0,0.238,0.136,0.0,0.229,0.694,190.026,4.0
spotify:track:0bDvNstrmmijIfniWKmoYB,Harakiri,Harakiri,Elena,2020-07-17,150404.0,0.0,False,31wxwjk3y7lmwmbyxnhexb23vrea,2024-12-22T11:56:55Z,,Elena Kitic,0.617,0.814,11.0,-4.732,0.0,0.0347,0.00707,0.000111,0.0733,0.469,144.055,4.0
spotify:track:4Y1bFkNNu9ywTZ2Wpwl1eq,315,315,Lacku,2021-10-08,157440.0,0.0,True,31wxwjk3y7lmwmbyxnhexb23vrea,2024-12-22T15:42:13Z,,Full House Ent.,0.735,0.907,2.0,-5.144,1.0,0.0447,0.0404,3.21e-06,0.0786,0.146,125.04,4.0
spotify:track:4ZZSdxYVPqlXHPdNXS90N1,BLAKA BLAKA,Goat Season: Final Chapter,Jala Brat;Buba Corelli;Elena,2024-12-14,128780.0,0.0,False,31wxwjk3y7lmwmbyxnhexb23vrea,2024-12-22T17:00:23Z,,"Imperia, by Yellowcake, Inc.",0.785,0.861,8.0,-7.863,0.0,0.432,0.505,0.0,0.158,0.765,81.923,4.0
spotify:track:3guFEyRAZQmd8RNuXQhUd5,Tik Tak,Frka U Svemiru,Mimi Mercedez;Mili,2023-02-17,160941.0,26.0,True,31wxwjk3y7lmwmbyxnhexb23vrea,2024-12-22T17:01:43Z,,Universal Music Serbia,0.895,0.52,7.0,-8.966,1.0,0.311,0.066,2.89e-05,0.119,0.518,85.017,4.0
spotify:track:5iESpeV4nsaDSYHUgMsDNd,OMB,OMB,Relja;Nucci,2024-05-22,153333.0,54.0,False,31wxwjk3y7lmwmbyxnhexb23vrea,2024-12-22T17:18:20Z,,Made In BLKN,0.83,0.606,8.0,-5.479,1.0,0.167,0.154,3.49e-06,0.0986,0.672,89.992,4.0
spotify:track:4Dh7x7tg8W2J9tQWbRJZfj,Mamma Mia,Mamma Mia,Grše,2023-04-14,162727.0,54.0,False,31wxwjk3y7lmwmbyxnhexb23vrea,2024-12-22T17:21:40Z,,yem,0.884,0.829,9.0,-4.673,1.0,0.0697,0.0388,1.12e-05,0.069,0.902,132.048,4.0
spotify:track:6LTIAQb3zdUyX9zByaQaw1,La Muria,GoodFellas,Jala Brat;Buba Corelli;Baby Gang;Higashi,2023-07-21,177142.0,0.0,True,31wxwjk3y7lmwmbyxnhexb23vrea,2024-12-24T16:25:43Z,italian trap,"Imperia, by Yellowcake, Inc.",0.777,0.729,1.0,-6.773,0.0,0.0509,0.0181,0.00313,0.0861,0.413,126.002,4.0
spotify:track:0Q5614EKhGfCMqKniwriCA,Da Li Bi,Guns N Roses,Voyage,2024-06-14,130000.0,44.0,False,31wxwjk3y7lmwmbyxnhexb23vrea,2024-12-27T11:25:53Z,,IDJTunes,0.774,0.909,6.0,-5.232,1.0,0.177,0.262,0.0,0.24,0.576,169.97,4.0
spotify:track:7DDDBXBuSmIkiN8ibuCyBl,Monte Carlo,Monte Carlo,Voyage,2024-12-27,125901.0,0.0,False,31wxwjk3y7lmwmbyxnhexb23vrea,2024-12-28T13:40:38Z,,IDJTunes,0.918,0.718,5.0,-5.98,0.0,0.0611,0.108,0.0,0.407,0.96,122.115,4.0
spotify:track:5qwLOdFihn8rbD6ZnMoUyf,Sreća,Indigo,Rasta;Coby,2017-02-22,200314.0,45.0,True,31wxwjk3y7lmwmbyxnhexb23vrea,2024-12-31T09:03:56Z,,Balkaton,0.574,0.5,7.0,-7.461,1.0,0.0897,0.0245,0.0,0.607,0.423,127.104,4.0
spotify:track:3def2uL8lhtJmlgMLP5x1L,Frigidna,Labilna,Ana Nikolić;Rasta,2016-12-05,186875.0,48.0,True,31wxwjk3y7lmwmbyxnhexb23vrea,2025-01-08T10:13:46Z,,Balkaton,0.688,0.901,1.0,-2.484,0.0,0.176,0.207,0.0,0.132,0.943,95.988,4.0
spotify:track:5Grn3Fko6Zwsw4Fljcgkcc,Samo nju,Samo nju,Djexon,2024-07-23,125877.0,48.0,False,31wxwjk3y7lmwmbyxnhexb23vrea,2025-01-13T13:22:20Z,,Malahit Digital,0.754,0.917,8.0,-3.121,0.0,0.0598,0.576,0.0,0.28,0.809,123.966,4.0
spotify:track:0WonwgEa7IW5ehFHySHCv5,bailerina,Recycle Bin,Klinac,2025-01-06,70153.0,30.0,True,31wxwjk3y7lmwmbyxnhexb23vrea,2025-01-23T15:52:54Z,,Bassivity Digital,0.827,0.633,1.0,-5.258,1.0,0.0427,0.255,4.54e-06,0.0996,0.649,129.95,4.0
spotify:track:5DzI19IhXE4LWDnihOoFZk,Noći Nemirne,Indigo,Rasta,2017-02-22,186466.0,55.0,False,31wxwjk3y7lmwmbyxnhexb23vrea,2025-01-28T17:32:30Z,,Balkaton,0.677,0.922,10.0,-3.986,0.0,0.29,0.13,0.0,0.0663,0.589,100.014,4.0
spotify:track:0d9f4lTF1ogtrYXkDTyKEy,Zmijsko tijelo,Zmijsko tijelo,INAS,2018-08-09,167716.0,53.0,False,31wxwjk3y7lmwmbyxnhexb23vrea,2025-02-14T19:08:38Z,,INAS by EMDC Network,0.724,0.831,10.0,-4.859,0.0,0.0394,0.0637,1.26e-06,0.0936,0.6,127.036,4.0
spotify:track:42U7tPjZxZUeqlgbOtIQPi,Only Fans,Ko je Crni Cerak?,Crni Cerak,2024-11-29,144781.0,20.0,True,31wxwjk3y7lmwmbyxnhexb23vrea,2025-02-19T13:11:41Z,,Crni Cerak,0.753,0.647,2.0,-4.984,1.0,0.317,0.183,0.0,0.24,0.285,99.988,4.0
spotify:track:6VSNFC4oPbtPWEEcsSlALT,Da li si me,Da li si me,Jala Brat;Buba Corelli,2023-04-22,126879.0,10.0,False,31wxwjk3y7lmwmbyxnhexb23vrea,2025-02-22T06:35:55Z,,"Imperia, by Yellowcake, Inc.",0.797,0.661,7.0,-9.788,1.0,0.379,0.365,0.0,0.176,0.649,151.945,4.0
spotify:track:4SCqqYGt6tQ0OR5kHESKZK,SEXDRIVE,Goat Season: Final Chapter,Jala Brat;Buba Corelli,2024-12-14,161679.0,25.0,False,31wxwjk3y7lmwmbyxnhexb23vrea,2025-02-22T06:38:03Z,,Imperia,0.896,0.628,9.0,-5.326,0.0,0.0919,0.215,3.64e-05,0.104,0.708,130.967,4.0
spotify:track:0LrrNeacvEsNV67HEtKuqe,Бел Джип,MOM4ETO & B.N.R. CLASSICS,MOMO RECORDS;2bona;Bandata Na Ruba;Kapo Verde,2023-11-27,255605.0,31.0,False,31wxwjk3y7lmwmbyxnhexb23vrea,2025-02-24T20:25:41Z,,Momo Records,0.81,0.759,1.0,-6.297,1.0,0.0786,0.474,0.0,0.106,0.8,142.999,4.0
spotify:track:4iyrxXPiEx0E0VzdH3HzLN,Babi Flow,Babi Flow,INAS,2020-08-12,186000.0,43.0,False,31wxwjk3y7lmwmbyxnhexb23vrea,2025-03-01T21:46:37Z,,INAS by EMDC Network,0.737,0.761,0.0,-6.79,0.0,0.0526,0.153,0.0,0.0865,0.523,86.52,4.0
spotify:track:74KhFVUIGF3v3xDvzuY0yY,Takvi kao ja,Takvi kao ja,Relja,2019-06-23,217682.0,52.0,False,31wxwjk3y7lmwmbyxnhexb23vrea,2025-03-01T21:47:43Z,,IDJTunes,0.781,0.663,7.0,-6.13,0.0,0.122,0.0168,0.0,0.125,0.527,116.958,4.0
spotify:track:7dqGvXaf1IWQiG9Jo2iIWO,McLaren,Mandela Effect,Hiljson Mandela;Rasta,2022-05-16,135724.0,38.0,True,31wxwjk3y7lmwmbyxnhexb23vrea,2025-03-01T21:47:49Z,,Hiljson Mandela,0.787,0.667,8.0,-4.887,1.0,0.0811,0.076,4.91e-06,0.14,0.536,144.931,4.0
spotify:track:0UqWjLu3z6CIdhkGezAudl,Yugozapad,Yugozapad,Nucci,2021-10-16,163200.0,40.0,False,31wxwjk3y7lmwmbyxnhexb23vrea,2025-03-01T21:48:06Z,,Režim & Južni Vetar,0.783,0.803,8.0,-5.785,1.0,0.35,0.331,0.0,0.0723,0.591,100.046,4.0
spotify:track:1W07DqS9R9NweASSZBApqp,Stikle na noge,Stikle na noge,Djexon,2022-07-13,120868.0,46.0,False,31wxwjk3y7lmwmbyxnhexb23vrea,2025-03-01T21:48:18Z,,Malahit Digital,0.842,0.836,7.0,-2.826,1.0,0.0668,0.176,0.0,0.0592,0.7,145.094,4.0
spotify:track:5QtadOFJ80C2o6DcIGXyyk,Colombiana,Colombiana,Elena;2bona,2019-04-15,205247.0,46.0,False,31wxwjk3y7lmwmbyxnhexb23vrea,2025-03-01T21:48:24Z,,Elena Kitic,0.673,0.551,3.0,-8.233,0.0,0.0614,0.338,0.0,0.105,0.25,159.9,4.0
spotify:track:6y80PlRJNCvGnZDp5BIQDY,Idemo Do Nje,Idemo Do Nje,Buba Corelli;Nedura;Chi,2013-01-13,240024.0,14.0,False,31wxwjk3y7lmwmbyxnhexb23vrea,2025-03-01T21:48:31Z,,"Imperia, by Yellowcake, Inc.",0.667,0.664,10.0,-6.162,0.0,0.269,0.035,0.0,0.125,0.596,152.017,4.0
spotify:track:34NLD6K6BNqq4OgjqwKvFO,"Duni, Duni","Duni, Duni",Nucci,2024-05-31,153399.0,43.0,False,31wxwjk3y7lmwmbyxnhexb23vrea,2025-03-01T21:48:39Z,,Generacija Zed,0.776,0.912,11.0,-3.674,0.0,0.0531,0.0776,0.0,0.0641,0.731,153.008,4.0
spotify:track:6Hzx9beGu0JTeYE0GOl8YC,Arapski Kaskader,Arapski Kaskader,Martin;LeFlow,2024-10-10,153600.0,0.0,False,31wxwjk3y7lmwmbyxnhexb23vrea,2025-03-01T21:48:42Z,,Martin,0.647,0.839,6.0,-7.211,1.0,0.165,0.0621,0.000455,0.348,0.812,99.918,4.0
spotify:track:0c05gCfCrrnR3xc8F7Fbgi,Elena,Elena,Elena,2024-12-02,180642.0,25.0,False,31wxwjk3y7lmwmbyxnhexb23vrea,2025-03-01T21:49:08Z,,Elena Kitic,0.484,0.676,4.0,-5.394,0.0,0.0494,0.102,0.0,0.236,0.457,103.826,3.0
spotify:track:4LuwjpJBHEJe7Ni90C5E35,Bela Nok,Bela Nok,2bona,2019-03-22,158119.0,44.0,False,31wxwjk3y7lmwmbyxnhexb23vrea,2025-03-01T21:49:27Z,,Gme Publishing,0.661,0.739,10.0,-5.461,0.0,0.0619,0.0715,0.0,0.0996,0.192,81.936,4.0
spotify:track:59P8n99lLlCZytFSgRM8x6,Moet,2bona,2bona;Tasko,2020-03-01,240352.0,32.0,False,31wxwjk3y7lmwmbyxnhexb23vrea,2025-03-01T21:49:38Z,,Urban Records,0.78,0.593,4.0,-9.404,0.0,0.0604,0.32,0.0,0.0971,0.0583,119.973,4.0
spotify:track:3bVgVusRcRF8XjyPF98Cg4,Nema Laga,Nema Laga,Strajk,2023-11-06,183637.0,29.0,False,31wxwjk3y7lmwmbyxnhexb23vrea,2025-03-01T21:49:58Z,,Bootlegs Basement Lab,0.708,0.737,10.0,-8.192,0.0,0.412,0.698,2.05e-05,0.153,0.789,91.297,4.0
spotify:track:4WaJKRsNVSwiMUiSyyI5qy,Zbog Tebe,Zbog Tebe,Edita;Rimski,2024-02-06,161142.0,48.0,False,31wxwjk3y7lmwmbyxnhexb23vrea,2025-03-02T14:07:31Z,,IDJTunes,0.839,0.833,4.0,-3.912,0.0,0.0606,0.294,0.0,0.125,0.923,139.967,4.0
spotify:track:0ENbUB8nORr4zaWbSHPiDl,Neće k***C,Mandela effect,Hiljson Mandela;Grše,2022-05-16,135505.0,18.0,True,31wxwjk3y7lmwmbyxnhexb23vrea,2025-03-02T20:17:55Z,,Hiljson Mandela,0.795,0.538,9.0,-4.678,1.0,0.334,0.0941,0.000353,0.142,0.581,177.842,4.0
spotify:track:79tRtxTXA2RFGsACkyEYRy,Stani Zoro,Stani Zoro,THCF;Marko Rokvic,2017-05-30,211875.0,41.0,False,31wxwjk3y7lmwmbyxnhexb23vrea,2025-03-07T14:08:38Z,,IDJTunes,0.628,0.535,6.0,-6.495,0.0,0.0331,0.158,0.0,0.321,0.424,122.988,4.0
spotify:track:5PGUfZsXtA3vSheA6tWNup,Sheitan,Starboy,Petrov,2025-03-08,134634.0,0.0,False,31wxwjk3y7lmwmbyxnhexb23vrea,2025-03-08T11:26:42Z,,Petrov by EMDC Network,0.768,0.857,8.0,-5.707,1.0,0.047,0.316,1.54e-05,0.316,0.774,163.925,4.0
spotify:track:1FePHABFTUZj1pNNH5FBvV,Vagabundo,ZAMENA ZA BOL,Nucci;Sanja Vucic,2024-10-24,160000.0,49.0,False,31wxwjk3y7lmwmbyxnhexb23vrea,2025-03-31T13:12:33Z,,Generacija Zed,0.655,0.879,4.0,-4.098,0.0,0.0735,0.132,0.0,0.307,0.851,161.032,4.0
spotify:track:6BGkgW0cef38cO5SHThJHt,Naša Stvar,Naša Stvar,Rimski;Corona,2025-03-09,142000.0,50.0,False,31wxwjk3y7lmwmbyxnhexb23vrea,2025-03-31T13:14:13Z,,KDM Exclusive,0.748,0.724,4.0,-5.302,0.0,0.157,0.104,0.0,0.0708,0.793,154.043,4.0
spotify:track:3keJydPdOhuhSoSeZc4n45,Ili Ili,Geto Varijante,Seksi;Cunami Flo,2024-02-01,150753.0,10.0,True,31wxwjk3y7lmwmbyxnhexb23vrea,2025-04-05T19:41:15Z,,Crni Cerak,0.686,0.709,1.0,-4.347,0.0,0.358,0.218,0.0,0.524,0.636,96.609,4.0
spotify:track:4UFOvkWQltmc8NbvdpMiYH,Ganga i Rera,Fortuna,Peki;Vojko V,2024-04-12,173142.0,55.0,False,31wxwjk3y7lmwmbyxnhexb23vrea,2025-04-07T13:16:30Z,,Fallo Da Solo,0.926,0.76,9.0,-3.459,1.0,0.158,0.0319,1.29e-06,0.175,0.752,139.99,4.0
spotify:track:51oT6N6dMwTnBfhpmIAsb1,Mangio Pasta,Fortuna,Peki;Grše,2024-04-12,170909.0,57.0,False,31wxwjk3y7lmwmbyxnhexb23vrea,2025-04-10T10:34:57Z,,Fallo Da Solo,0.902,0.637,11.0,-2.859,0.0,0.0774,0.0341,0.0032,0.0342,0.883,132.001,4.0
spotify:track:5gkqhBxc4ENEPrODrPNr0r,Muhamed OG,Muhamed OG,Vucko,2025-02-02,126525.0,36.0,True,31wxwjk3y7lmwmbyxnhexb23vrea,2025-04-20T22:44:54Z,,VUXON,0.889,0.344,4.0,-15.578,0.0,0.495,0.707,9.36e-06,0.249,0.73,98.999,4.0
spotify:track:0vjhL1znwcmSM9K6bJEFY2,Bio Sam Sve (Coby x THCF),Bio Sam Sve (Coby x THCF),Vucko,2025-01-05,137833.0,35.0,True,31wxwjk3y7lmwmbyxnhexb23vrea,2025-04-20T22:46:23Z,,VUXON,0.459,0.916,4.0,-4.331,1.0,0.0808,0.00842,0.527,0.356,0.205,105.135,4.0
spotify:track:5aQOwoSYca1zvAhjH90Z3A,Struggle everydayo,Rep Kaki Volem,BIGru i Paja Kratak;Vuk,2018,192000.0,23.0,True,31wxwjk3y7lmwmbyxnhexb23vrea,2025-04-20T22:46:37Z,,Bigru i Paja Kratak Label,0.667,0.87,2.0,-5.517,1.0,0.142,0.146,0.0,0.349,0.783,79.959,4.0
spotify:track:5ivgI9NJRXureW2av6zuMk,Paviljoni,Naša Stvar,Rimski;Biba,2025-03-09,196000.0,39.0,False,31wxwjk3y7lmwmbyxnhexb23vrea,2025-04-24T17:15:39Z,,KDM Exclusive,0.807,0.455,6.0,-6.048,0.0,0.149,0.144,5.44e-05,0.0982,0.756,140.009,4.0
spotify:track:0LIokRUuLSj8ENoXCVqpGc,Burberry Bag,Karamela,Biba,2025-04-04,189090.0,13.0,True,31wxwjk3y7lmwmbyxnhexb23vrea,2025-05-07T10:24:05Z,,Crni Cerak,0.662,0.375,8.0,-9.708,1.0,0.561,0.118,0.00568,0.114,0.343,110.006,5.0
spotify:track:6szGfXSXFOmU5wN0xF0tXD,Opasan,Dara Bubamara 2017,Dara Bubamara,2017,194000.0,57.0,False,31wxwjk3y7lmwmbyxnhexb23vrea,2025-05-16T13:36:13Z,,City Records,0.409,0.686,10.0,-4.202,1.0,0.145,0.107,0.0,0.0343,0.643,170.247,3.0
spotify:track:69H22n224JgtLDtmjA0rme,200/100,Labilna,Ana Nikolić,2016-12-05,220001.0,40.0,True,31wxwjk3y7lmwmbyxnhexb23vrea,2025-05-19T16:00:51Z,,Balkaton,0.601,0.883,5.0,-2.733,0.0,0.0651,0.00689,0.0,0.126,0.457,125.985,4.0
spotify:track:5AizOTSKOXyvt3VQGszxx3,Dzukelo,Mafia Caffe,Ana Nikolić,2010-01-01,217051.0,0.0,False,31wxwjk3y7lmwmbyxnhexb23vrea,2025-05-19T16:06:06Z,,Music Edition,0.639,0.845,8.0,-3.63,1.0,0.086,0.0815,0.0,0.0533,0.683,89.98,4.0
spotify:track:2qztPHA0xuc4pPRYJFDTIP,Avantura,Avantura,Rasta,2025-04-25,183000.0,50.0,False,31wxwjk3y7lmwmbyxnhexb23vrea,2025-05-21T19:04:09Z,,Balkaton,0.738,0.65,4.0,-6.077,0.0,0.0881,0.223,4.29e-06,0.0647,0.541,160.003,4.0
spotify:track:19xhESkLSzaOvtDgBxLVaY,1312,Air Max Reggae,Balkaton Gang;Rasta;Alen Sakić,2019-10-26,184000.0,44.0,True,31wxwjk3y7lmwmbyxnhexb23vrea,2025-05-21T19:07:19Z,,Balkaton,0.912,0.683,9.0,-5.881,0.0,0.136,0.0656,0.0,0.101,0.947,139.98,4.0
spotify:track:4JUZYGbLtU739OAyRA13wc,Kabriolet,18++,z++,2019-09-13,206307.0,43.0,True,31wxwjk3y7lmwmbyxnhexb23vrea,2025-05-22T13:42:36Z,,yem,0.586,0.666,0.0,-7.96,0.0,0.0462,0.18,0.000176,0.164,0.296,172.042,4.0
spotify:track:0zawcIFlsGKIy6IBzfLf5c,Seks zdravlje pravoslavlje,Seks zdravlje pravoslavlje,Surreal,2020-01-13,171428.0,32.0,True,31wxwjk3y7lmwmbyxnhexb23vrea,2025-05-22T16:57:03Z,,Bassivity Digital,0.816,0.664,9.0,-5.261,1.0,0.341,0.358,0.0,0.234,0.263,133.047,4.0
spotify:track:6ldXAGuwVCA1F8gMbzGLOO,Tajland,Tajland,Rasta,2025-03-28,173157.0,59.0,True,31wxwjk3y7lmwmbyxnhexb23vrea,2025-05-23T15:26:48Z,,Balkaton,0.867,0.738,11.0,-7.264,0.0,0.0438,0.521,0.0,0.628,0.708,114.024,4.0
spotify:track:1nlG04QBPHFDhl8RMutelQ,Ceo Fazon,Karamela,Biba;Nucci,2025-04-04,139808.0,26.0,True,31wxwjk3y7lmwmbyxnhexb23vrea,2025-05-24T12:53:11Z,,Crni Cerak,0.791,0.691,8.0,-6.152,1.0,0.353,0.397,0.0,0.0924,0.812,93.166,4.0
spotify:track:055ulzwdndg65gBfOoUwk7,Monika,99,Jala Brat,2019-09-09,160315.0,10.0,False,31wxwjk3y7lmwmbyxnhexb23vrea,2025-05-24T12:59:39Z,,"Imperia, by Yellowcake, Inc.",0.758,0.787,8.0,-7.84,1.0,0.0481,0.365,0.0198,0.0945,0.748,128.056,4.0
spotify:track:6j1pCohYyDycXrw5uGOG1f,Marija,ZAMENA ZA BOL,Nucci,2024-10-24,147111.0,54.0,False,31wxwjk3y7lmwmbyxnhexb23vrea,2025-05-24T13:01:18Z,,Generacija Zed,0.759,0.814,0.0,-4.752,0.0,0.0638,0.0436,0.0,0.174,0.532,135.029,4.0
spotify:track:48VOBBuSuChKwYX4m3lpNK,Forza,Forza,Grše,2024-06-11,160000.0,59.0,False,31wxwjk3y7lmwmbyxnhexb23vrea,2025-05-24T13:09:32Z,,yem,0.846,0.956,0.0,-5.289,1.0,0.0912,0.234,0.0181,0.158,0.883,135.02,4.0
spotify:track:2SEE26IpH5sOkMrAizggux,Led feat. Sedž Matoruga,Pakt sa đavolom,Jala;Buba Corelli,2017-02-01,242764.0,49.0,False,31wxwjk3y7lmwmbyxnhexb23vrea,2025-06-18T10:54:05Z,,Tempo Production,0.586,0.88,10.0,-5.67,0.0,0.0832,0.225,0.0,0.43,0.587,119.918,4.0
spotify:track:5swfNnxLjxbX1KKU6SlpC1,HILTON HOTEL BARÇA,TRILOGY,Nucci,2025-06-06,131336.0,63.0,False,31wxwjk3y7lmwmbyxnhexb23vrea,2025-06-18T14:24:02Z,,Generacija Zed,0.752,0.872,7.0,-3.683,0.0,0.0751,0.161,0.0,0.329,0.83,95.043,4.0
spotify:track:6y4Gmb2mU4AgJ5N1UkpJmJ,LECGOU,FORTUNA DELUXE,Peki,2025-02-01,167272.0,53.0,True,31wxwjk3y7lmwmbyxnhexb23vrea,2025-06-24T21:39:55Z,,yem,0.885,0.837,2.0,-2.969,1.0,0.0442,0.0115,6e-05,0.0452,0.955,132.056,4.0
spotify:track:5m3zSszFV7U6b4FfWDuC6c,Ulje Na Platnu,Karamela,Biba,2025-04-04,130235.0,16.0,True,31wxwjk3y7lmwmbyxnhexb23vrea,2025-07-07T10:07:05Z,,Crni Cerak,0.686,0.811,4.0,-6.317,0.0,0.194,0.729,7.59e-05,0.139,0.688,106.008,4.0
spotify:track:104ZLmkSJgth3LdUfSE70y,Nikolija,No 1,Nikolija,2016,206413.0,0.0,False,31wxwjk3y7lmwmbyxnhexb23vrea,2025-07-07T10:37:53Z,,City Records,0.568,0.68,1.0,-6.383,1.0,0.352,0.0861,0.0,0.389,0.622,87.117,4.0
spotify:track:4AhFu83CgYD62nt2lwGs9Y,35°C,NEMA SPAVANJA,Devito,2025-06-11,183529.0,58.0,False,31wxwjk3y7lmwmbyxnhexb23vrea,2025-07-07T12:06:17Z,,DA production,0.767,0.693,11.0,-7.753,0.0,0.189,0.115,0.0,0.149,0.65,136.0,4.0
spotify:track:39z4EF6dFDI2ovQYXCdYSe,Djuskavacc,Djuskavacc,Desingerica;Pljugica,2023-07-17,160909.0,50.0,True,31wxwjk3y7lmwmbyxnhexb23vrea,2025-07-10T11:06:12Z,,Desingerica,0.807,0.853,6.0,-3.966,0.0,0.0794,0.212,0.0,0.103,0.793,131.99,4.0
spotify:track:4FCm0ddfmJnekrjhtE9zGK,Još Ovu Noć,Mandela Effect,Hiljson Mandela;z++,2022-05-16,194042.0,41.0,True,31wxwjk3y7lmwmbyxnhexb23vrea,2025-07-10T17:58:03Z,,Hiljson Mandela,0.679,0.526,4.0,-7.675,0.0,0.0538,0.358,0.0,0.314,0.424,141.046,4.0
spotify:track:0WaeKmFLC9UGlDXO3PM9Ow,O tebi,O tebi,Sajfer;Filip Mitrovic,2025-05-09,131764.0,45.0,False,31wxwjk3y7lmwmbyxnhexb23vrea,2025-07-11T18:13:36Z,,Kodeks by EMDC Network,0.755,0.631,6.0,-6.618,0.0,0.236,0.701,0.0,0.228,0.392,101.96,4.0
spotify:track:5MLlyUSIYQyiT47IOwW1TC,Bas Ti Se Svidja,Hotel Jugoslavija,Relja;Nikolija,2025-05-30,187636.0,49.0,False,31wxwjk3y7lmwmbyxnhexb23vrea,2025-07-14T08:08:09Z,,Made In BLKN,0.816,0.525,3.0,-7.966,0.0,0.213,0.23,0.00055,0.0923,0.502,109.946,4.0
spotify:track:1P33JVeUb7UMaohMOByYgz,Dalmacija Maroko,Fortuna,Peki,2024-04-12,105405.0,37.0,False,31wxwjk3y7lmwmbyxnhexb23vrea,2025-07-16T11:36:14Z,,Fallo Da Solo,0.856,0.727,6.0,-5.634,0.0,0.1,0.136,0.0153,0.0671,0.96,148.079,4.0
spotify:track:7CDPMb51wQ5mwrfxZJJgho,Sve zbog tebe,Sve zbog tebe,Nucci;Kobrica,2019-07-03,124137.0,39.0,False,31wxwjk3y7lmwmbyxnhexb23vrea,2025-09-25T17:14:44Z,,Generacija Zed,0.613,0.702,11.0,-3.616,0.0,0.0559,0.027,0.0,0.104,0.302,173.979,4.0
spotify:track:0laPLK0YS7oGSef6Ibmm6z,Tika Taka,FORTUNA DELUXE,Peki;Miach,2025-02-01,168549.0,48.0,False,31wxwjk3y7lmwmbyxnhexb23vrea,2025-09-30T10:33:25Z,,yem,0.823,0.903,4.0,-2.744,0.0,0.0549,0.116,0.0,0.15,0.842,131.053,4.0
spotify:track:0YOF3UmmIKzg9kEgEbiLSx,Čim se pojavimo u gradu,Fortuna,Peki;Baks,2024-04-12,148965.0,42.0,False,31wxwjk3y7lmwmbyxnhexb23vrea,2025-10-01T17:56:14Z,,Fallo Da Solo,0.903,0.874,0.0,-5.519,0.0,0.0909,0.0698,0.000141,0.0804,0.609,145.008,4.0
spotify:track:5STdMlrBf6pqWiNE7WqxSi,Many Men (Wish Death),Get Rich Or Die Tryin',50 Cent,2003-02-06,256240.0,81.0,True,31wxwjk3y7lmwmbyxnhexb23vrea,2025-11-04T00:16:10Z,"old school hip hop,east coast hip hop",Shady Records,0.589,0.827,11.0,-2.938,1.0,0.384,0.0143,0.00151,0.14,0.386,161.978,4.0
spotify:track:2O1dH1kvqK0iVt41v3ShjA,Drip Drip,Drip Drip,Corona;Devito,2021-12-08,166014.0,34.0,False,31wxwjk3y7lmwmbyxnhexb23vrea,2025-11-12T12:06:33Z,,KDM Exclusive,0.76,0.592,3.0,-8.629,0.0,0.101,0.0779,0.0,0.213,0.527,120.017,4.0
spotify:track:2Ga09EY2qsFBsLupLAXaqA,Nemam Al' Kidam,THCF Je Vise Od Repa,THCF,2014-04-04,228965.0,31.0,False,31wxwjk3y7lmwmbyxnhexb23vrea,2025-11-14T07:45:14Z,,IDJTunes,0.607,0.571,0.0,-8.79,1.0,0.572,0.704,2.2e-05,0.173,0.437,84.662,4.0
spotify:track:17RTNxVaGTYuAHXYGpsz8b,Iznad Geta,Iznad Geta,Cunami Flo,2023-07-22,125952.0,41.0,True,31wxwjk3y7lmwmbyxnhexb23vrea,2025-12-03T20:25:41Z,,recordJet,0.78,0.489,0.0,-10.253,1.0,0.038,0.283,0.000997,0.106,0.546,126.003,4.0
spotify:track:3BwrJFFP1LluMZRxZpLBWw,30CC,300 SILVER,30Zona;Crni Cerak,2022-11-04,183488.0,44.0,False,31wxwjk3y7lmwmbyxnhexb23vrea,2025-12-03T20:43:01Z,,yem,0.6,0.676,7.0,-5.508,1.0,0.486,0.714,0.0,0.137,0.695,85.612,4.0
spotify:track:4RvS94Li3lohRtTSz5X3xZ,LaLaLa,Augen Husky,Olexesh;Jala Brat;Buba Corelli;DJ Katch,2019-09-12,199530.0,45.0,False,31wxwjk3y7lmwmbyxnhexb23vrea,2025-12-31T13:40:09Z,german hip hop,385ideal,0.75,0.694,2.0,-4.747,1.0,0.253,0.0838,4.13e-06,0.567,0.497,118.098,4.0
spotify:track:7FaCsfOteh4D3wyu7zeBff,Suza,Platinum,Grše,2021-03-07,250129.0,37.0,False,31wxwjk3y7lmwmbyxnhexb23vrea,2026-02-03T19:35:02Z,,yem,0.825,0.723,9.0,-4.987,0.0,0.116,0.0816,0.0,0.114,0.453,153.988,4.0
spotify:track:5ErGTCdT8lBjnk6sRKCnkV,Gucci bluze,Gucci bluze,Corona;Rimski,2020-10-01,178500.0,35.0,False,31wxwjk3y7lmwmbyxnhexb23vrea,2026-02-18T12:35:41Z,,KDM Exclusive,0.667,0.665,9.0,-4.153,0.0,0.18,0.273,7.85e-06,0.0891,0.677,199.957,4.0
spotify:track:1WVmWKYaopJdEEKB2SDKCp,Vecno mlad,Animal,Gazda Paja;Marlon Brutal,2026-02-06,131111.0,25.0,False,31wxwjk3y7lmwmbyxnhexb23vrea,2026-02-19T12:19:02Z,,Gazdarski Records,0.913,0.485,1.0,-7.722,1.0,0.0744,0.0799,0.0,0.335,0.846,135.016,4.0
spotify:track:5yD3t5aguW1FyExm7laY3g,Toplica i Vlasina,Toplica i Vlasina,Coby;Benzika,2025-12-30,163076.0,53.0,True,31wxwjk3y7lmwmbyxnhexb23vrea,2026-02-22T18:18:24Z,,Bassivity Digital,0.774,0.656,1.0,-6.906,1.0,0.257,0.212,0.0,0.343,0.844,156.066,4.0
spotify:track:1tWEgpXbqfjhrqyhe9qFUn,Otvori vrata,Smog City,ZEE;Young Dadi;Matej Foltz;Jocifer,2025-07-01,226086.0,31.0,True,31wxwjk3y7lmwmbyxnhexb23vrea,2026-02-24T21:45:13Z,,ZIMA ENT.,0.822,0.766,11.0,-5.153,0.0,0.173,0.0154,0.0,0.0995,0.709,137.928,4.0
spotify:track:3oeUrst3aDEkAMA6gjwJKH,Glavo Luda,Glavo Luda,2bona;Slatkaristika,2020-08-29,223931.0,33.0,False,31wxwjk3y7lmwmbyxnhexb23vrea,2026-03-06T11:24:20Z,,Two Louder,0.601,0.688,6.0,-6.996,1.0,0.104,0.16,0.0,0.493,0.764,151.974,4.0
spotify:track:2xV28hQvtYinmzubEUT9qG,Maka,Četvrti Čovek,Bandra,2025-06-01,145527.0,34.0,True,31wxwjk3y7lmwmbyxnhexb23vrea,2026-03-17T15:35:04Z,,"Crni Cerak, By Yellowcake Music Group Inc.",0.534,0.602,2.0,-4.113,1.0,0.261,0.183,0.0,0.167,0.178,106.609,5.0
spotify:track:3OFxFwXPvDduIqLDPl8M11,Aritmije,Goat Season (Part Two),Jala Brat;Buba Corelli;Severina,2024-06-29,148834.0,48.0,False,31wxwjk3y7lmwmbyxnhexb23vrea,2026-03-23T13:59:05Z,,"Imperia, by Yellowcake, Inc.",0.747,0.774,5.0,-6.073,0.0,0.13,0.278,3.08e-05,0.12,0.923,175.814,4.0
spotify:track:0qhpluBlslRYlkYOrB8pbh,Kako živim,Kako živim,Benzika,2026-01-12,140339.0,32.0,False,31wxwjk3y7lmwmbyxnhexb23vrea,2026-03-23T14:00:14Z,,Bassivity Digital,0.845,0.545,0.0,-7.825,0.0,0.1,0.0907,0.0,0.0752,0.34,117.989,4.0
spotify:track:6RDxOMrSVEYM0Eei6xG49F,Tik Tak,Tik Tak,Tasko,2025-11-13,124903.0,13.0,False,31wxwjk3y7lmwmbyxnhexb23vrea,2026-03-23T14:02:39Z,,Urban Records,0.745,0.575,2.0,-6.51,1.0,0.0515,0.358,0.0,0.206,0.47,103.029,4.0
spotify:track:44ijvIuobkJuCP70Er61Ju,666,Babayaga,INAS,2026-03-20,179368.0,59.0,False,31wxwjk3y7lmwmbyxnhexb23vrea,2026-03-23T14:04:53Z,,INAS by EMDC Network,0.75,0.595,5.0,-6.591,1.0,0.0595,0.00496,0.377,0.195,0.323,95.031,4.0
spotify:track:4Rul3kcQk0n5yy20MlYtdl,Blokada,Roze Suze,Jala Brat;Buba Corelli,2025-06-06,151603.0,64.0,False,31wxwjk3y7lmwmbyxnhexb23vrea,2026-04-07T06:55:27Z,,"Imperia, by Yellowcake Music Group",0.794,0.848,7.0,-6.295,1.0,0.116,0.0764,0.00011,0.0948,0.438,116.99,4.0
spotify:track:74PscCc1mFeDsQ9Jvc1Ity,Tuda Cu Proci,Tuda Cu Proci,Cunami Flo,2023-09-01,127567.0,34.0,True,31wxwjk3y7lmwmbyxnhexb23vrea,2026-04-12T18:05:15Z,,CunamiFlo,0.572,0.657,6.0,-10.1,0.0,0.195,0.259,0.000717,0.353,0.94,144.894,5.0
spotify:track:0KIrsfGPcfn7LmP3cg0jig,Geto Mentalitet,Geto Sport Mixtape,Rasta,2021-12-24,170000.0,35.0,True,31wxwjk3y7lmwmbyxnhexb23vrea,2026-04-30T13:06:18Z,,Balkaton,0.615,0.837,6.0,-6.025,0.0,0.0946,0.287,0.0,0.0952,0.59,170.089,4.0
spotify:track:2piq22TtRLY2HIWACOjlEz,RED BULL,Letnji Mix Hitova 3,Grand Production;Luna 011,2023-07-22,194000.0,38.0,False,31wxwjk3y7lmwmbyxnhexb23vrea,2026-05-04T19:54:17Z,folk pop,Grand Production,0.655,0.806,5.0,-2.513,1.0,0.0447,0.0375,0.0,0.058,0.735,140.011,4.0
spotify:track:2mSZcPYKjlZ8couLWzNC49,Ajkula,Ajkula,Jala Brat,2026-05-01,125624.0,68.0,False,31wxwjk3y7lmwmbyxnhexb23vrea,2026-05-04T19:59:24Z,,"Imperia, by Yellowcake Music Group, Inc.",0.792,0.723,10.0,-6.655,0.0,0.104,0.369,0.0,0.0694,0.328,96.011,4.0
spotify:track:0vjl3aedHlPx3hCOqA9uu6,Mili Mili,Mili Mili,Devito,2023-01-21,134285.0,42.0,False,31wxwjk3y7lmwmbyxnhexb23vrea,2026-05-07T11:19:23Z,,Devito,0.7,0.732,8.0,-5.355,1.0,0.0378,0.297,0.0,0.288,0.667,104.948,4.0
spotify:track:6rmMjp4ixwf8EoGA5Lq2MI,Carmen,Grande,Anary;Corona;Rasta,2026-03-08,147000.0,48.0,False,31wxwjk3y7lmwmbyxnhexb23vrea,2026-05-12T09:49:53Z,,KDM Exclusive,0.861,0.674,10.0,-3.691,0.0,0.413,0.591,3.09e-05,0.0986,0.61,93.881,4.0
spotify:track:2zNBsqEN2ulm1zuF5mXZPj,Sve je u redu,Naša Stvar,Rimski;Coby,2025-03-09,173571.0,50.0,False,31wxwjk3y7lmwmbyxnhexb23vrea,2026-05-13T18:25:48Z,,KDM Exclusive,0.716,0.799,1.0,-4.755,1.0,0.289,0.0819,0.0,0.0579,0.879,83.977,4.0
spotify:track:7ywnjXwx9pdVTaH2YSpJwe,Mlada i luda,Alfa & Omega,Jala Brat,2019-01-01,214491.0,55.0,False,31wxwjk3y7lmwmbyxnhexb23vrea,2026-05-14T10:43:07Z,,"Imperia, by Yellowcake, Inc.",0.761,0.691,5.0,-7.709,0.0,0.0292,0.159,0.0,0.127,0.774,122.015,4.0
spotify:track:600MHu1Sgig7WEgM2exx2v,Poslednji Boem,Poslednji Boem,In Vivo,2023-02-05,152336.0,41.0,False,31wxwjk3y7lmwmbyxnhexb23vrea,2026-05-16T18:39:06Z,,IDJTunes,0.587,0.683,5.0,-4.46,0.0,0.303,0.454,0.0,0.154,0.362,169.643,4.0
spotify:track:5s0csG5Zgu9FcjgKJ0e3Km,Gran Turismo,Gran Turismo,Tasko,2019-08-28,195692.0,15.0,False,31wxwjk3y7lmwmbyxnhexb23vrea,2026-05-16T20:20:59Z,,Urban Records,0.775,0.767,9.0,-4.891,0.0,0.0511,0.0868,6.85e-06,0.124,0.537,129.992,4.0
spotify:track:40ae4XBdwvCfsSjOW3dOMY,Od malena,Od malena,Coby;Rimski;Corona,2026-04-24,164000.0,51.0,True,31wxwjk3y7lmwmbyxnhexb23vrea,2026-05-31T17:13:37Z,,Bassivity Digital,0.61,0.57,9.0,-7.523,1.0,0.155,0.102,0.000553,0.142,0.472,180.033,4.0
spotify:track:4nUGTqmVL2z5Z6KHVU7pAx,Flashing Lights,Flashing Lights,Subjoi,2017-12-10,282733.0,46.0,False,csm12ef9yic18sqjhpx92z9do,2024-03-26T17:35:08Z,lo-fi house,Houses in Motion,0.721,0.868,7.0,-9.582,1.0,0.0907,0.424,0.0607,0.111,0.411,122.996,4.0
spotify:track:4FEcEwbE2vsqhxbTPtiNTL,Summer 91 (Looking Back),Summer 91 (Looking Back),Noizu,2021-01-15,180000.0,70.0,False,csm12ef9yic18sqjhpx92z9do,2024-03-26T17:35:22Z,"tech house,house",RCA Records Label,0.509,0.953,11.0,-4.954,0.0,0.0414,0.0159,3.3e-05,0.28,0.406,125.015,4.0
spotify:track:1M8t1j3Kv2qp97bdq5q4Vl,Rainfall (Praise You),Rainfall (Praise You),Tom Santa,2022-02-18,166569.0,73.0,False,csm12ef9yic18sqjhpx92z9do,2024-03-26T17:38:30Z,stutter house,Polydor Records,0.767,0.862,5.0,-5.464,0.0,0.0606,0.14,0.0092,0.252,0.509,128.039,4.0
spotify:track:23RoR84KodL5HWvUTneQ1w,(It Goes Like) Nanana - Edit,(It Goes Like) Nanana [Edit],Peggy Gou,2023-06-15,231545.0,78.0,False,csm12ef9yic18sqjhpx92z9do,2024-03-26T17:44:19Z,,XL Recordings,0.671,0.876,7.0,-5.681,0.0,0.0352,0.12,0.188,0.0823,0.964,129.998,4.0
spotify:track:7hYW4hKuPkfaLbzTpg9hQB,Bayside - Radio Edit,Bayside,Obskür,2020-11-09,197419.0,73.0,False,csm12ef9yic18sqjhpx92z9do,2024-03-26T17:44:30Z,"rally house,house",FFRR,0.688,0.903,1.0,-3.598,1.0,0.34,0.0281,2.12e-06,0.0855,0.711,123.292,4.0
spotify:track:1t0Jmqg1pKVBbxjQFZebeR,Marea (we’ve lost dancing),Marea (we’ve lost dancing),Fred again..;The Blessed Madonna,2021-02-22,285375.0,68.0,False,csm12ef9yic18sqjhpx92z9do,2024-03-26T17:44:42Z,"stutter house,house,edm",Atlantic Records UK,0.761,0.781,5.0,-6.778,0.0,0.141,0.0681,0.108,0.0607,0.473,123.023,4.0
spotify:track:7cnS0EPwBnP9ZIdGOAOY7c,Fake ID (Coke & Rum Remix),Fake ID (Coke & Rum Remix),Riton;Kah-Lo;GEE LEE,2022-12-15,126720.0,3.0,True,csm12ef9yic18sqjhpx92z9do,2024-03-26T17:45:18Z,"house,rally house",MNRK Music,0.861,0.484,9.0,-13.119,0.0,0.092,0.0107,0.00383,0.316,0.509,124.913,4.0
spotify:track:1HrMWH5GUdK6Yi94rbANJA,Cola,Cola,CamelPhat;Elderbrook,2017-06-16,223869.0,12.0,False,csm12ef9yic18sqjhpx92z9do,2024-03-26T17:45:28Z,"melodic techno,house,progressive house,melodic house,tech house",Defected Records,0.706,0.74,6.0,-7.904,1.0,0.0325,0.0245,0.512,0.135,0.444,122.007,3.0
spotify:track:5zuex7tbGFz0gSHlrMvQdu,COULD BE WRONG,COULD BE WRONG,LOSTBOYJAY,2022-12-02,186046.0,77.0,False,csm12ef9yic18sqjhpx92z9do,2024-03-26T17:45:33Z,"rally house,house",Polydor Records,0.875,0.772,0.0,-8.472,1.0,0.111,0.0233,0.0016,0.316,0.826,129.024,4.0
spotify:track:59NraMJsLaMCVtwXTSia8i,Prada,Prada,cassö;RAYE;D-Block Europe,2023-08-11,132359.0,83.0,True,csm12ef9yic18sqjhpx92z9do,2024-03-26T17:46:07Z,"hypertechno,grime,uk drill",Ministry of Sound Recordings,0.638,0.717,8.0,-5.804,1.0,0.0375,0.001,1.79e-06,0.113,0.422,141.904,4.0
spotify:track:49GpUfc9M09eGET6yBJUAj,Gorah,Gorah,Nitefreak;Emmanuel Jal,2023-11-03,246000.0,72.0,False,csm12ef9yic18sqjhpx92z9do,2024-03-26T17:52:22Z,"afro house,afro tech,house,tribal house",Higher Ground,0.597,0.755,1.0,-7.341,0.0,0.0336,0.000135,0.885,0.205,0.114,120.036,4.0
spotify:track:40MXr7BMh3ShPf2b9giSRt,"Moth To A Flame (with The Weeknd, Moojo) - Moojo Remix",Moth To A Flame (Moojo Remix),Swedish House Mafia;The Weeknd;Moojo,2022-01-04,436721.0,52.0,False,csm12ef9yic18sqjhpx92z9do,2024-03-26T17:53:03Z,"edm,afro house,afro tech,latin house,tribal house",Republic Records,0.681,0.915,0.0,-7.549,0.0,0.0423,0.00102,0.413,0.0731,0.109,121.996,4.0
spotify:track:3W2ZcrRsInZbjWylOi6KhZ,You & Me - Flume Remix,Settle (Special Edition),Disclosure;Eliza Doolittle;Flume,2013-06-03,282812.0,76.0,False,csm12ef9yic18sqjhpx92z9do,2024-03-26T17:53:16Z,"house,future bass",Universal-Island Records Ltd.,0.599,0.392,10.0,-6.869,0.0,0.0257,0.378,0.000107,0.131,0.26,75.066,4.0
spotify:track:200DiJQhDi69nkGXOrrJgn,The Rapture Pt.III,The Rapture Pt.III,&ME;Black Coffee;Keinemusik,2023-06-09,417812.0,75.0,False,csm12ef9yic18sqjhpx92z9do,2024-03-26T17:53:39Z,"afro house,afro tech,house,melodic house",Keinemusik,0.72,0.534,4.0,-11.949,0.0,0.0375,0.0223,0.86,0.11,0.0393,120.009,4.0
spotify:track:0QE33jkiMTzCI8momkDmQY,Sacrifice (Remix) (feat. Swedish House Mafia),Dawn FM (Alternate World),The Weeknd;Swedish House Mafia,2022-01-07,238032.0,42.0,True,csm12ef9yic18sqjhpx92z9do,2024-03-26T17:53:52Z,edm,XO / Republic Records,0.774,0.742,6.0,-7.391,0.0,0.0784,0.0312,5.03e-05,0.0907,0.677,122.028,4.0
spotify:track:6xp1u6ZEHXX8DxJIFFrVoP,Little Things x Gypsy Woman - L BEATS MASHUP,Little Things x Gypsy Woman (L BEATS MASHUP),Jorja Smith,2023-06-30,131000.0,67.0,False,csm12ef9yic18sqjhpx92z9do,2024-03-26T17:54:12Z,uk r&b,FAMM,0.644,0.879,6.0,-5.204,0.0,0.0761,0.00423,6.91e-06,0.286,0.808,126.935,4.0
spotify:track:0oiv4E896TUTTeQU0cmIui,Massive,"Honestly, Nevermind",Drake,2022-06-16,336924.0,74.0,False,csm12ef9yic18sqjhpx92z9do,2024-03-26T17:55:07Z,rap,OVO,0.499,0.671,4.0,-6.774,0.0,0.0561,0.114,0.0169,0.148,0.0557,124.994,3.0
spotify:track:1A8j067qyiNwQnZT0bzUpZ,This Girl (Kungs Vs. Cookin' On 3 Burners),Layers,Kungs;Cookin' On 3 Burners,2016-11-04,195546.0,82.0,False,csm12ef9yic18sqjhpx92z9do,2024-03-26T17:56:09Z,,Universal Music Division Polydor France,0.793,0.717,0.0,-4.759,0.0,0.0393,0.0927,3.6e-05,0.226,0.466,121.985,4.0
spotify:track:4zN21mbAuaD0WqtmaTZZeP,Ferrari,Ferrari,James Hype;Miggy Dela Rosa,2022-04-01,186661.0,79.0,False,csm12ef9yic18sqjhpx92z9do,2024-03-26T17:56:35Z,"house,tech house",Universal-Island Records Ltd.,0.847,0.69,1.0,-7.877,0.0,0.0493,0.0127,6e-05,0.0526,0.692,125.004,4.0
spotify:track:4N1MFKjziFHH4IS3RYYUrU,My Love,My Love,Route 94;Jess Glynne,2014-02-28,259933.0,82.0,False,csm12ef9yic18sqjhpx92z9do,2024-03-26T17:57:12Z,house,Rinse,0.813,0.616,8.0,-7.571,1.0,0.0495,0.000132,0.705,0.0658,0.744,119.977,4.0
spotify:track:54hA0ldJYyT1huGfSeOjdQ,On My Mind,Do You Dance?,Diplo;SIDEPIECE,2021-03-12,189268.0,66.0,False,csm12ef9yic18sqjhpx92z9do,2024-03-26T17:57:21Z,"moombahton,tech house,edm,house",Higher Ground,0.771,0.729,7.0,-6.577,1.0,0.0408,0.00161,0.672,0.217,0.63,123.027,4.0
spotify:track:22mek4IiqubGD9ctzxc69s,How Deep Is Your Love,How Deep Is Your Love,Calvin Harris;Disciples,2015-07-17,212495.0,80.0,False,csm12ef9yic18sqjhpx92z9do,2024-03-26T17:59:51Z,"edm,house",Columbia,0.738,0.868,11.0,-4.373,0.0,0.0731,0.0392,0.00169,0.388,0.336,122.003,4.0
spotify:track:2LGrLtvYEHrd3Nnot4Hxuw,Touch Me,Produced & Remixed,Rui Da Silva,2002-04-15,515173.0,65.0,False,csm12ef9yic18sqjhpx92z9do,2024-03-27T06:16:07Z,,Kismet Records Limited,0.78,0.925,4.0,-6.715,0.0,0.046,0.0598,0.36,0.129,0.564,127.968,4.0
spotify:track:6p8Q7wi1ke7v3ospD1YAVO,Be Together,Trust Issues,BCBC,2020-10-16,188000.0,46.0,False,csm12ef9yic18sqjhpx92z9do,2024-06-10T05:36:08Z,,WM Germany,0.724,0.726,5.0,-5.699,0.0,0.0867,0.0649,0.0102,0.142,0.41,120.006,4.0
spotify:track:66ydKEoF7uofQdlA9yVsKK,Pilsplaat,Pilsplaat,Bonkers,2022-03-02,185376.0,63.0,True,csm12ef9yic18sqjhpx92z9do,2024-06-11T05:48:58Z,"rally house,house",Buffel Productions,0.865,0.621,1.0,-12.804,0.0,0.0991,0.0413,0.499,0.39,0.344,125.013,4.0
spotify:track:1BJJbSX6muJVF2AK7uH1x4,Move,Move,Adam Port;Stryv;Keinemusik;Orso;Malachiii,2024-06-07,177598.0,85.0,False,csm12ef9yic18sqjhpx92z9do,2024-06-11T13:16:48Z,"afro house,house,melodic house,afro tech",Keinemusik,0.727,0.782,8.0,-8.529,0.0,0.042,0.0563,0.336,0.225,0.655,119.992,4.0
spotify:track:0CzJlMusD7CyBa7H9VyxC6,Show Me Love - Radio Edit,Show Me Love (Radio Edit),Doctor Y,2008,218702.0,61.0,False,csm12ef9yic18sqjhpx92z9do,2024-06-11T21:06:14Z,,SPRS,0.675,0.731,2.0,-4.663,0.0,0.0365,0.0339,0.000853,0.0954,0.201,127.952,4.0
spotify:track:1Oj4UgoSBQWUPaUVakr8sc,My Love for You (Yebba's Heartbreak),My Love for You (Yebba's Heartbreak),Marten Lou,2023-10-13,347704.0,65.0,False,csm12ef9yic18sqjhpx92z9do,2024-06-12T05:40:16Z,"afro house,melodic house,afro tech",SDM / Warner Music Central Europe,0.797,0.724,8.0,-5.049,0.0,0.0547,0.0408,0.875,0.0847,0.904,122.027,4.0
spotify:track:5OFVzqSeFxGpvDGyHvVeLj,It's Not Right But It's Okay,It's Not Right But It's Okay,Mr. Belt & Wezol,2024-02-23,152304.0,81.0,False,csm12ef9yic18sqjhpx92z9do,2024-06-13T07:41:43Z,"future house,house",Sony Music Entertainment,0.755,0.86,5.0,-4.811,0.0,0.0523,0.0144,7.47e-06,0.344,0.618,128.004,4.0
spotify:track:0RZmpy15J6VSzx3IPuNEmR,Friendly Pressure - Into The Sunshine Mix,Is This Real,Sunship;Jhelisa,1998-11-16,334760.0,0.0,False,csm12ef9yic18sqjhpx92z9do,2024-07-22T13:36:03Z,"uk garage,house,uk funky,acid jazz",Sunship Recordings,0.811,0.861,0.0,-3.762,0.0,0.168,0.05,0.00553,0.0203,0.979,126.876,4.0
spotify:track:7y6c07pgjZvtHI9kuMVqk1,Get It Together,More Life,Drake;Black Coffee;Jorja Smith,2017-03-18,250337.0,79.0,True,csm12ef9yic18sqjhpx92z9do,2024-09-26T05:25:12Z,"rap,afro house,afro tech,house,uk r&b",Cash Money Records/Young Money Ent./Universal Rec.,0.781,0.721,5.0,-9.133,0.0,0.0514,0.0945,0.391,0.104,0.849,123.011,4.0
spotify:track:20Y4EAmSXru3foatDg4OqN,LET'S GO,LET'S GO,Jaden Bojsen;Sami Brielle,2024-07-05,193091.0,76.0,True,csm12ef9yic18sqjhpx92z9do,2024-09-26T15:29:11Z,,ALT:Vision Records,0.8,0.715,1.0,-6.79,0.0,0.0861,0.016,0.545,0.122,0.597,128.997,4.0
spotify:track:6zq05JacHDDvVpnS4fSIat,Get It Together,More Life,Drake;Black Coffee;Jorja Smith,2017-03-18,250337.0,53.0,False,csm12ef9yic18sqjhpx92z9do,2024-10-21T05:29:55Z,"rap,afro house,afro tech,house,uk r&b",Cash Money Records/Young Money Ent./Universal Rec.,0.78,0.72,5.0,-9.131,0.0,0.0514,0.0989,0.399,0.104,0.841,122.993,4.0
spotify:track:6QMUjJ6U90lSwC6wjzH5jP,Dana Dana (ft. Rima),Dana Dana (ft. Rima),AVÖ;GUAPO (AO);Cheb Rayan,2024-03-01,184000.0,59.0,False,csm12ef9yic18sqjhpx92z9do,2024-10-21T15:38:10Z,"afro house,afro tech,raï",Deep Root Tribe,0.733,0.925,2.0,-4.723,1.0,0.0619,0.00155,0.00155,0.0517,0.211,119.981,4.0
spotify:track:0scd3nh27AYTNXo0KHRmsG,Move (feat. Camila Cabello & Malachiii),Move (feat. Camila Cabello & Malachiii),Stryv;Camila Cabello;Malachiii;Adam Port;Keinemusik;Orso,2024-10-11,180236.0,76.0,False,csm12ef9yic18sqjhpx92z9do,2024-10-21T15:49:02Z,"afro house,house,melodic house,afro tech",Keinemusik under exclusive license to Interscope Records,0.74,0.775,8.0,-7.626,0.0,0.0369,0.277,0.0073,0.0904,0.824,120.04,4.0
spotify:track:5Z8Dj3LtbyCMiwE86rhg2f,Marea (we’ve lost dancing),Actual Life (April 14 - December 17 2020),Fred again..;The Blessed Madonna,2021-04-15,285375.0,77.0,False,csm12ef9yic18sqjhpx92z9do,2024-10-31T16:22:13Z,"stutter house,house,edm",Atlantic Records UK,0.761,0.781,5.0,-6.778,0.0,0.141,0.0681,0.108,0.0607,0.473,123.023,4.0
spotify:track:5ObMLQkrprMky3fuOCnFmW,Who Loves The Sun feat. Jo.Ke - Edit,We Love The Sun (Edit),Nu;Jo.Ke,2011-07-12,256995.0,74.0,False,csm12ef9yic18sqjhpx92z9do,2024-10-31T16:35:48Z,organic house,Bar 25 Music,0.988,0.644,10.0,-10.245,0.0,0.072,0.118,0.462,0.244,0.499,120.003,4.0
spotify:track:7ntGyyoJNPBrRvYE4uERCe,Coraçao - Club Mix,Coraçao,Jerry Ropero;Denis the Menace;Sabor;Jaqueline,2005-08-05,415333.0,42.0,False,csm12ef9yic18sqjhpx92z9do,2024-11-15T07:34:20Z,"latin house,afro house,norsk rock",Vendetta Records,0.416,0.952,6.0,-5.076,0.0,0.0562,0.00675,0.176,0.667,0.653,128.095,4.0
spotify:track:6kTwzV93qpcovlRPmBOXmn,World Hold On (Children Of The Sky) - FISHER Rework,World Hold On (Children Of The Sky) [FISHER Rework],Bob Sinclar;FISHER;Steve Edwards,2022-07-08,178304.0,82.0,False,csm12ef9yic18sqjhpx92z9do,2024-12-02T07:04:48Z,"french house,disco house,tech house,house",Yellow Productions,0.771,0.883,1.0,-5.242,0.0,0.0584,0.00605,0.00579,0.135,0.894,127.008,4.0
spotify:track:2VuzBUB5V9AlpniCUhaszP,Fake ID (Coke & Rum Remix),Fake ID (Coke & Rum Remix),Riton;Kah-Lo;GEE LEE,2022-12-15,126720.0,72.0,True,csm12ef9yic18sqjhpx92z9do,2024-12-02T07:05:15Z,"house,rally house",MNRK Music,0.859,0.483,9.0,-13.12,0.0,0.0921,0.011,0.00481,0.316,0.544,124.931,4.0
spotify:track:6Qi0Wls2EaolwPMPMxfe5f,Sonnentanz - Sun Don't Shine,Netzwerk,Klangkarussell;Will Heard,2014-01-01,238120.0,76.0,False,csm12ef9yic18sqjhpx92z9do,2024-12-03T06:25:13Z,,Intercord,0.579,0.549,5.0,-8.262,0.0,0.0909,0.104,0.0202,0.0964,0.155,119.74,4.0
spotify:track:2GwsSbo6IbNDVvcm9rtmal,Say What,Say What,Rampa;Adam Port;&ME;chuala;Keinemusik,2024-10-25,181593.0,78.0,False,csm12ef9yic18sqjhpx92z9do,2024-12-11T06:49:25Z,"afro house,afro tech,house,melodic house",Keinemusik,0.756,0.721,7.0,-9.453,1.0,0.0405,0.0965,0.251,0.225,0.571,119.995,4.0
spotify:track:3jb6qb2BtrOeQP0UprQ67y,Tuesday (feat. Danelle Sandoval) - Radio Edit,Tuesday (feat. Danelle Sandoval) [Radio Edit],Burak Yeter;Danelle Sandoval,2016-10-07,193333.0,62.0,False,csm12ef9yic18sqjhpx92z9do,2024-12-11T06:53:47Z,,SBA Production,0.855,0.624,9.0,-6.149,0.0,0.0667,0.0222,0.00712,0.0749,0.702,98.995,4.0
spotify:track:4x6jx7AeSyE7PlQTdCjIJs,Thandaza,Thandaza,&ME;Rampa;Adam Port;Alan Dixon;Keinemusik;Arabic Piano,2024-03-15,361810.0,63.0,False,csm12ef9yic18sqjhpx92z9do,2024-12-18T07:30:45Z,"afro house,afro tech,house,melodic house",Keinemusik,0.684,0.725,6.0,-7.776,0.0,0.0339,0.0623,0.00673,0.104,0.125,122.979,4.0
spotify:track:5nPbKG04fhLkIAjcPFaZq7,I Adore You (feat. Daecolm),I Adore You (feat. Daecolm),HUGEL;Topic;Arash;Daecolm,2024-07-19,214000.0,87.0,False,csm12ef9yic18sqjhpx92z9do,2024-12-19T07:28:13Z,"latin house,afro house,techengue,house",Intercord,0.704,0.787,11.0,-6.751,0.0,0.0462,0.00926,0.00538,0.159,0.31,119.996,4.0
spotify:track:4W3eLpTRL18ulWgCXMFbNm,It's Not Right - Radio Edit,It's Not Right,Gianni Romano;Emanuele Esposito;Helen Tesfazghi,2022-09-23,195121.0,65.0,False,csm12ef9yic18sqjhpx92z9do,2024-12-19T16:40:14Z,"afro house,latin house,afro tech,tribal house",Ulu Records,0.7,0.726,1.0,-9.583,1.0,0.0358,0.132,0.046,0.115,0.122,122.978,4.0
spotify:track:34Y56mIfBmiqDjXVgyaSYV,Sete - Nitefreak Remix,Sete (Nitefreak Remix),BLOND:ISH;Francis Mercier;Amadou & Mariam;Nitefreak,2022-09-08,224640.0,57.0,False,csm12ef9yic18sqjhpx92z9do,2025-01-07T19:27:45Z,"afro house,techengue,latin house,afro tech,melodic house,house,tribal house,afropop",Insomniac Records,0.671,0.764,2.0,-6.041,1.0,0.0437,0.0133,0.46,0.323,0.223,125.014,4.0
spotify:track:0xoYZ45fgTfyQYREZPN7Sa,You & Me - Rivo Remix,You & Me (Rivo Remix),Disclosure;Rivo;Eliza Doolittle,2023-12-22,208524.0,82.0,False,csm12ef9yic18sqjhpx92z9do,2025-01-08T16:11:57Z,"house,afro house",UMC (Universal Music Catalogue),0.702,0.797,10.0,-6.635,0.0,0.0557,0.583,0.495,0.179,0.0356,122.011,4.0
spotify:track:72zBuma8aAT4UGTijcHQHx,Famax,Famax / Mala Fama / Yafama,RAFFA GUIDO,2024-01-05,335194.0,0.0,False,csm12ef9yic18sqjhpx92z9do,2025-01-31T20:38:32Z,"afro house,latin house",MoBlack Records,0.818,0.814,3.0,-8.228,0.0,0.0394,0.000564,0.914,0.113,0.33,120.99,4.0
spotify:track:5QwJtoSfJqEPHlNCm46uex,A Gira,A Gira,unfazed,2025-01-10,152325.0,73.0,False,csm12ef9yic18sqjhpx92z9do,2025-02-05T19:29:02Z,afro house,Spinnin' Deep,0.732,0.694,8.0,-5.147,0.0,0.0468,0.056,4.14e-06,0.2,0.721,122.013,4.0
spotify:track:63IgbFgnPSWCQWzyH3ipAs,You Are In My System - Club Mix,You Are In My System,Kerri Chandler;Dennis Quin;Troy Denari,2023-09-15,185742.0,72.0,False,csm12ef9yic18sqjhpx92z9do,2025-02-07T17:21:27Z,"house,chicago house,deep house",Kaoz Theory,0.735,0.853,3.0,-5.109,0.0,0.0391,0.0258,0.000289,0.0714,0.698,128.004,4.0
spotify:track:7Kid813yq5ev5IZ6cyjqXe,Kabe,Kabe,Francis Mercier;Salif Keita;Nomis (FR),2024-04-12,212000.0,50.0,False,csm12ef9yic18sqjhpx92z9do,2025-02-11T20:02:19Z,"afro house,afro tech,melodic house,house,tribal house,latin house,afropop,organic house",Universal Music Division Decca Records France,0.651,0.931,11.0,-7.084,0.0,0.0333,0.00373,0.24,0.137,0.0376,119.992,4.0
spotify:track:70ofkwt6aIb4bPQ51OQMQO,More Love - Rampa &ME Remix,More Love (Rampa &ME Remix),Moderat;Keinemusik;Rampa;&ME,2023-10-27,371897.0,66.0,False,csm12ef9yic18sqjhpx92z9do,2025-02-12T07:41:23Z,"electronica,idm,afro house,melodic house,house,afro tech",Keinemusik,0.646,0.779,4.0,-10.793,0.0,0.0423,0.000542,0.821,0.112,0.127,122.0,4.0
spotify:track:0ko0sZ5hNieT3LRq2lOGl3,Les Gout,Les Gout,Rampa;chuala;Keinemusik,2022-09-09,344000.0,66.0,False,csm12ef9yic18sqjhpx92z9do,2025-02-13T06:35:29Z,"afro house,afro tech,house,melodic house",Keinemusik,0.847,0.681,5.0,-8.785,0.0,0.0439,0.0888,0.225,0.125,0.544,120.004,4.0
spotify:track:23YknLzYKxnC0OpWu5x64Z,BAD FOR YOU,BAD FOR YOU,Lilya Mandre;Tommy Kimpton,2024-11-01,142131.0,45.0,True,csm12ef9yic18sqjhpx92z9do,2025-02-13T06:49:45Z,"afro house,afro tech",Mind of a Genius Records,0.729,0.753,6.0,-8.336,0.0,0.0434,0.000707,0.865,0.113,0.563,121.989,4.0
spotify:track:57e5ib2PnvuiaTvaI4jGDp,Premier Gaou - Nitefreak Remix,Premier Gaou (Nitefreak Remix),Francis Mercier;Magic System;Nitefreak,2021-11-05,222295.0,70.0,False,csm12ef9yic18sqjhpx92z9do,2025-02-13T07:06:42Z,"afro house,afro tech,melodic house,house,tribal house,latin house,coupé décalé",Spinnin' Deep,0.67,0.849,7.0,-4.806,0.0,0.0336,0.00117,0.0698,0.221,0.0374,122.005,4.0
spotify:track:60udDsJRykIoU3NEkIxQhR,More Amor Por Favor,More Amor Por Favor,Dylan Linde,2023-12-15,232320.0,60.0,False,csm12ef9yic18sqjhpx92z9do,2025-02-13T07:09:23Z,afro house,NITRON music,0.65,0.685,0.0,-8.837,0.0,0.0333,0.292,0.838,0.103,0.276,124.992,4.0
spotify:track:0r3nMF80NSIuPIxeod4aoG,Beso (Fruta Fresca),Beso (Fruta Fresca),Wakyin;Carlos Vives,2023-12-13,197694.0,77.0,False,csm12ef9yic18sqjhpx92z9do,2025-02-13T17:22:44Z,"afro house,latin house,colombian pop,vallenato,latin,latin pop",Astralwerks,0.787,0.723,10.0,-6.995,0.0,0.152,0.0509,0.00447,0.085,0.579,123.993,4.0
spotify:track:2xpeEb2moFy7dRinc7tUnz,Famax,Famax,RAFFA GUIDO,2024-02-23,335194.0,70.0,False,csm12ef9yic18sqjhpx92z9do,2025-02-14T07:30:16Z,"afro house,latin house",Three Six Zero Recordings,0.819,0.814,3.0,-8.229,0.0,0.0395,0.000563,0.919,0.113,0.325,120.99,4.0
spotify:track:7qrnsZLQIjYljtyWUkmZNa,Muhuuuuu,Muhuuuuu,Lazare;ADDAM (BE),2025-01-17,163195.0,71.0,False,csm12ef9yic18sqjhpx92z9do,2025-02-18T17:17:09Z,"afro house,afro tech",Spinnin' Deep,0.718,0.833,10.0,-5.742,1.0,0.0422,0.0847,0.017,0.123,0.124,120.957,4.0
spotify:track:2CiZeus6DrNLP2bGpqO2gM,Pull Me Up,Lights of Dawn,Andy Bros,2024-05-10,323290.0,12.0,False,csm12ef9yic18sqjhpx92z9do,2025-02-21T22:23:28Z,"indie dance,melodic house,melodic techno",Monaberry,0.718,0.856,0.0,-11.246,0.0,0.0423,0.000377,0.723,0.0743,0.49,120.014,4.0
spotify:track:3CU1qWV0h0PvWXQg71YUoo,HOUSE OF LUX,DLUX,DannyLux,2023-08-18,140735.0,69.0,False,csm12ef9yic18sqjhpx92z9do,2025-03-06T07:35:24Z,"sad sierreño,corridos tumbados,sierreño,corrido,música mexicana,electro corridos",WEA Latina,0.845,0.712,5.0,-7.777,0.0,0.0645,0.0794,0.077,0.0886,0.437,123.987,4.0
spotify:track:5ITV0zqzjOYfFWpW0xBmRa,Show Me Love,Show Me Love,WizTheMc;bees & honey,2025-02-07,176965.0,84.0,False,csm12ef9yic18sqjhpx92z9do,2025-03-06T17:13:28Z,,Bamboo Artists,0.714,0.691,1.0,-7.333,1.0,0.0434,0.0212,0.000292,0.111,0.155,107.15,4.0
spotify:track:5xKQBFQJ6WGXT3QEiEvVHK,Everyday,Everyday,&friends;Del Arte;Forrest,2024-01-12,220021.0,55.0,False,csm12ef9yic18sqjhpx92z9do,2025-03-10T06:27:50Z,"afro house,afro tech,melodic house",Hidden Hands,0.556,0.786,0.0,-9.583,0.0,0.0314,0.157,0.739,0.228,0.142,119.971,4.0
spotify:track:52cD7ejORx2GntrYzGwtNS,Poison,Poison,Kashovski,2022-06-03,348387.0,36.0,False,csm12ef9yic18sqjhpx92z9do,2025-03-10T06:40:46Z,"afro house,afro tech,tribal house,melodic house,melodic techno",Calamar Records,0.66,0.803,11.0,-10.094,1.0,0.039,0.00136,0.832,0.678,0.202,123.975,4.0
spotify:track:6ROCQzsL6vnmdrG3tG1Dxl,Ulelè,Ulelè,Moeaike;Samm;Ajna (BE),2025-01-03,226115.0,50.0,False,csm12ef9yic18sqjhpx92z9do,2025-03-14T16:20:29Z,"afro house,afro tech,melodic house,organic house",Madorasindahouse Records,0.68,0.715,10.0,-8.069,0.0,0.0365,0.0155,0.229,0.143,0.163,121.0,4.0
spotify:track:6LBNRWUS3dKeZxREy3WHTL,On My Mind,On My Mind,Ajna (BE),2023-02-24,260500.0,53.0,False,csm12ef9yic18sqjhpx92z9do,2025-03-18T16:28:37Z,"afro house,afro tech,melodic house,organic house",Magnifik Music,0.723,0.768,5.0,-9.626,0.0,0.0449,0.00555,0.873,0.0966,0.76,119.997,4.0
spotify:track:3DFuT29Zjg3UR2mXmim5Y9,Secret ID,Secret ID,Moojo;Da Capo,2023-07-07,415661.0,54.0,False,csm12ef9yic18sqjhpx92z9do,2025-03-19T19:23:44Z,"afro house,afro tech,latin house,tribal house,3 step,deep house",Calamar Records,0.674,0.733,1.0,-7.867,1.0,0.0389,0.0492,0.915,0.111,0.0306,119.97,4.0
spotify:track:14e2ob5d6fW1TTn5ZlXF5N,Si Ai - Marshmello & UKAY Remix,Si Ai (Marshmello & UKAY Remix),Tayna;Marshmello;UKAY,2024-08-02,183999.0,6.0,False,csm12ef9yic18sqjhpx92z9do,2025-03-20T06:38:56Z,"afro house,edm",PENDRAGON RECORDS,0.698,0.647,1.0,-7.088,0.0,0.134,0.007,1.88e-05,0.0836,0.432,119.942,4.0
spotify:track:3PpvhYXmJdfoxeXGWJmeas,What To Do - &ME Remix,What to Do (Remixes),Guy Gerber;&ME,2018-10-26,504590.0,60.0,False,csm12ef9yic18sqjhpx92z9do,2025-03-24T07:36:20Z,"melodic house,afro house,afro tech,house",Rumors,0.904,0.727,7.0,-9.992,0.0,0.0591,6.48e-05,0.861,0.0737,0.408,122.002,4.0
spotify:track:2DNO2h1Qsc0vPAyLGReDvN,Finder,Finder,Ninetoes,2013-05-16,349090.0,59.0,False,csm12ef9yic18sqjhpx92z9do,2025-03-30T12:30:20Z,"latin house,tech house,tribal house",Kling Klong Records,0.829,0.725,6.0,-8.48,1.0,0.0532,0.00367,0.858,0.0805,0.0752,121.008,4.0
spotify:track:48cPrTt0TLRsXQCLxQWwc7,Thandaza,Thandaza,&ME;Rampa;Adam Port;Alan Dixon;Keinemusik;Arabic Piano,2024-03-15,361810.0,55.0,False,csm12ef9yic18sqjhpx92z9do,2025-03-31T20:43:41Z,"afro house,afro tech,house,melodic house",Keinemusik,0.684,0.725,6.0,-7.776,0.0,0.0339,0.0623,0.00673,0.104,0.125,122.979,4.0
spotify:track:22OZbdiOvRdocdyafcGAgI,C'est beau la bourgeoisie - Radio Edit,C'est beau la bourgeoisie (Radio Edit),Discobitch,2008-08-18,211186.0,63.0,False,csm12ef9yic18sqjhpx92z9do,2025-03-31T20:44:18Z,,Sony Music Media,0.624,0.806,10.0,-6.404,1.0,0.0671,0.117,0.0,0.451,0.643,127.962,4.0
spotify:track:0bhn7py61O4FIAOzgjhmoV,Welcome to St. Tropez - DJ Antoine vs. Mad Mark Radio Edit,Welcome to DJ Antoine,DJ Antoine;Timati;Kalenna,2011-10-11,195192.0,36.0,True,csm12ef9yic18sqjhpx92z9do,2025-04-04T06:41:19Z,,Houseworks,0.775,0.76,0.0,-4.847,0.0,0.126,0.00573,0.0,0.341,0.766,124.977,4.0
spotify:track:4TecDPDV3AScUEoCmVaWBI,Wake up Sister,"Coco, Pt. 1",Parov Stelar;Max the Sax,2009-08-28,176373.0,2.0,False,csm12ef9yic18sqjhpx92z9do,2025-04-07T15:36:40Z,"electro swing,swing music,nu jazz",Etage Noir Recordings,0.671,0.575,6.0,-9.057,0.0,0.034,0.218,0.108,0.111,0.328,127.997,4.0
spotify:track:3N5JcXOMWU0J1lZcJrAVms,A Fire Inside Of Me,A Fire Inside Of Me,Lucas Dekker,2024-03-21,238080.0,72.0,False,csm12ef9yic18sqjhpx92z9do,2025-04-07T15:42:50Z,house,Big Top Amsterdam,0.739,0.393,3.0,-16.851,1.0,0.052,0.0379,0.218,0.0945,0.339,125.001,4.0
spotify:track:2JyZoO1lE1dPaZCZYRcNc4,The Boy Is Mine - Sasson Remix,The Boy Is Mine (Sasson Remix),James Mac;Vall;Sasson (FR);Rosalie,2023-10-20,216864.0,42.0,False,csm12ef9yic18sqjhpx92z9do,2025-04-21T11:21:44Z,"afro house,melodic house,afro tech",Sweat It Out,0.609,0.586,8.0,-10.047,0.0,0.027,0.00106,0.0548,0.11,0.148,122.984,4.0
,undefined,undefined,undefined,,,,,csm12ef9yic18sqjhpx92z9do,2025-04-23T08:48:13Z,,undefined,,,,,,,,,,,,
spotify:track:2mzR0mfrir2hC7S6JMJPRe,NUEVAYoL (Afro House),NUEVAYoL (Afro House),SANO,2025-02-17,227796.0,0.0,False,csm12ef9yic18sqjhpx92z9do,2025-05-07T18:11:49Z,,8742460 Records DK,0.803,0.732,9.0,-5.939,0.0,0.0462,0.114,0.00421,0.0948,0.485,117.975,4.0
spotify:track:1AcAba48ydJJjjxW4kXLHl,Hasta Siempre - Remix,Hasta Siempre,PalaisVert;Maeva Carter,2024-07-05,248000.0,0.0,False,csm12ef9yic18sqjhpx92z9do,2025-05-12T06:28:59Z,"afro house,big room",Pentagon MGMT,0.673,0.826,8.0,-6.626,0.0,0.0545,0.105,2.77e-05,0.082,0.352,120.001,4.0
spotify:track:5fT3GlT5euICyOukV6CjJb,Karibu,Armada Music Year Mix 2024,WITH U,2024-12-20,242500.0,8.0,False,csm12ef9yic18sqjhpx92z9do,2025-05-13T15:48:10Z,afro house,Armada Music Albums,0.702,0.809,5.0,-9.457,0.0,0.0398,0.244,0.264,0.108,0.261,120.021,4.0
spotify:track:38FWbKB13dMOGf2oJhSZ10,Karibu,Karibu,WITH U,2024-03-29,242500.0,59.0,False,csm12ef9yic18sqjhpx92z9do,2025-05-17T12:45:31Z,afro house,Armada BNL,0.702,0.809,5.0,-9.457,0.0,0.0398,0.244,0.264,0.108,0.261,120.021,4.0
spotify:track:0ENV8cY0bwun9qSQkh195f,Discoteca,Discoteca,&ME;Rampa;Adam Port;Sofie Royer,2021-03-26,385103.0,47.0,False,csm12ef9yic18sqjhpx92z9do,2025-05-18T19:41:37Z,"afro house,afro tech,house,melodic house",Keinemusik,0.772,0.485,11.0,-14.388,0.0,0.0611,0.000391,0.847,0.0913,0.156,120.0,4.0
spotify:track:4HDC7Mo6uLTujRvHymiXDf,Mwaki,Mwaki,Zerb;Sofiya Nzau,2023-11-10,208135.0,12.0,False,csm12ef9yic18sqjhpx92z9do,2025-05-25T14:48:21Z,afro house,TH3RD BRAIN,0.847,0.637,7.0,-8.751,0.0,0.0587,0.201,0.201,0.121,0.0509,120.033,4.0
spotify:track:5kXRX5mrnKulXnLZ61JcZ7,Fade Out Lines - Francis Mercier Remix,Fade Out Lines (Francis Mercier Remix),The Avener;Phoebe Killdeer;Francis Mercier,2024-09-12,236547.0,56.0,False,csm12ef9yic18sqjhpx92z9do,2025-05-25T15:15:52Z,"afro house,afro tech,melodic house,house,tribal house,latin house",Universal Music Division Capitol Music France,0.663,0.945,1.0,-5.129,0.0,0.0508,0.0382,0.0493,0.0989,0.321,123.051,4.0
spotify:track:10pfamFYvg5ftwq6rGJrWx,Can't Decide,Can't Decide,Max Dean;Luke Dean;Locky,2025-05-23,175384.0,74.0,False,csm12ef9yic18sqjhpx92z9do,2025-06-05T09:04:04Z,house,FFRR,0.797,0.722,1.0,-8.761,1.0,0.0599,0.0678,0.198,0.0869,0.55,129.941,4.0
spotify:track:75n9WHWZAzhB59xSjIHly4,WACUKA,WACUKA,AVAION;Sofiya Nzau,2025-01-10,190153.0,73.0,False,csm12ef9yic18sqjhpx92z9do,2025-06-13T16:12:59Z,"stutter house,deep house,afro house",RCA Local,0.833,0.65,0.0,-8.919,1.0,0.0565,0.177,0.0687,0.101,0.434,129.94,4.0
spotify:track:6CGMZijOAZvTXG21T8t6R0,Innerbloom,Bloom,RÜFÜS DU SOL,2016-01-22,578040.0,81.0,False,csm12ef9yic18sqjhpx92z9do,2025-07-01T11:11:57Z,,Sweat It Out,0.729,0.72,3.0,-6.692,1.0,0.037,0.126,0.347,0.178,0.0389,122.011,4.0
spotify:track:3nnStd7PMGgrN0tfmdhv3j,Positions,Positions,Stryv;Malachiii;Adam Port,2025-06-27,148000.0,75.0,False,csm12ef9yic18sqjhpx92z9do,2025-07-01T11:18:19Z,"afro house,house","Stryv, Malachiii/Electric Feel, Adam Port",0.756,0.709,8.0,-7.993,0.0,0.039,0.0224,0.484,0.122,0.714,121.988,4.0
spotify:track:01WFjqzUwrD4nfSQsHMVNm,Ma Tnsani (Yalla Habibi),Ma Tnsani (Yalla Habibi),Vanco;AYA,2025-04-04,220000.0,78.0,False,csm12ef9yic18sqjhpx92z9do,2025-07-31T15:19:44Z,"afro house,afro tech",Independent,0.718,0.826,11.0,-5.697,1.0,0.0364,0.0118,0.0306,0.072,0.168,120.014,4.0
spotify:track:7qC70bOUaH16OI6VXuiqGy,Juno Love,Juno Love,Nico Morano;Mewhy,2023-03-31,446585.0,56.0,False,csm12ef9yic18sqjhpx92z9do,2025-07-31T18:01:36Z,"afro house,melodic house,melodic techno",Ontourage Music,0.748,0.794,4.0,-8.804,0.0,0.0574,0.254,0.871,0.0961,0.167,120.0,4.0
spotify:track:3EQ4qswhvwvDKPytqWypaR,Disconnect,Forest Life,suki,2020-03-31,378749.0,44.0,False,csm12ef9yic18sqjhpx92z9do,2025-07-31T18:01:56Z,acid house,anyoneknowsuki,0.799,0.911,2.0,-8.938,1.0,0.0701,0.0235,0.923,0.0573,0.777,127.028,4.0
spotify:track:0NnBelDW04fpIqbC9vVrbU,D&C,D&C,JAYC;Christo,2023-09-15,240000.0,55.0,False,csm12ef9yic18sqjhpx92z9do,2025-07-31T18:02:38Z,"rally house,house",JAYC,0.834,0.475,0.0,-13.56,1.0,0.0925,0.14,0.041,0.101,0.372,130.002,4.0
spotify:track:2kKMxha1iB9SSosC7S3AXF,Paradise,Paradise,dentist,2024-12-27,123025.0,70.0,False,csm12ef9yic18sqjhpx92z9do,2025-07-31T18:03:09Z,"house,rally house",SUNDAY,0.787,0.448,11.0,-12.868,0.0,0.172,0.292,0.787,0.13,0.278,118.995,4.0
spotify:track:3J2NYvzoq3LEACpxyJv1iN,Warm The Room,Warm The Room EP,Vales,2024-01-12,198095.0,56.0,False,csm12ef9yic18sqjhpx92z9do,2025-07-31T18:03:17Z,"rally house,house",SUNDAY,0.827,0.917,7.0,-7.794,1.0,0.0732,0.00161,0.376,0.0603,0.853,126.044,4.0
spotify:track:3bB97PIqXf7WtkKeuYuXFS,Take My Mind,Take My Mind,WizTheMc;bees & honey,2025-07-04,171199.0,76.0,False,csm12ef9yic18sqjhpx92z9do,2025-08-27T09:56:54Z,,Bamboo Artists,0.613,0.727,1.0,-7.553,1.0,0.0479,0.0663,2.09e-05,0.424,0.195,114.13,4.0
spotify:track:6ow9Iwh3H3ud5cRREiEX53,Do To Me,Do To Me,Tim Sanders,2024-11-29,144609.0,78.0,False,csm12ef9yic18sqjhpx92z9do,2025-08-27T09:57:00Z,"rally house,house",Aurorian Records,0.82,0.811,7.0,-10.389,1.0,0.0494,0.0306,0.841,0.0817,0.667,127.965,4.0
spotify:track:2eVweHXq3I3UDr7HBswH1U,Back To The Beach (DJ Chappie Edit),Back To The Beach (DJ Chappie Edit),Shekhinah;Kyle Deutsch;DJ Chappie Official,2025-07-11,162324.0,53.0,False,csm12ef9yic18sqjhpx92z9do,2025-08-27T09:57:07Z,"afropop,afro soul,afro r&b",Disorder,0.801,0.669,3.0,-6.151,1.0,0.0893,0.164,0.0,0.0968,0.691,125.968,4.0
spotify:track:3cZajhyr8LmtPfHZ9296tj,No Broke Boys,No Broke Boys,Disco Lines;Tinashe,2025-06-06,163994.0,92.0,True,csm12ef9yic18sqjhpx92z9do,2025-08-27T09:57:14Z,"stutter house,alternative r&b",Nice Life/Atlantic,0.767,0.834,1.0,-7.415,0.0,0.0315,0.34,0.111,0.0901,0.962,130.999,4.0
spotify:track:1P9ZF3ZxRWNTDgJkZOgkI9,Famax - Edit,Famax,RAFFA GUIDO,2024-02-23,213768.0,71.0,False,csm12ef9yic18sqjhpx92z9do,2025-08-27T09:57:20Z,"afro house,latin house",Three Six Zero Recordings,0.808,0.83,1.0,-8.238,1.0,0.0356,0.00575,0.809,0.403,0.465,120.97,4.0
spotify:track:480j122Gpi252OIfy4SNzm,Yamore,Yamore,MoBlack;Salif Keita;Benja (NL);Franc Fala;Cesária Evora,2024-06-07,248000.0,81.0,False,csm12ef9yic18sqjhpx92z9do,2025-08-27T09:57:46Z,"afro house,afro tech,afropop,fado",Universal Music Division Decca Records France,0.795,0.577,1.0,-9.638,0.0,0.0648,0.00263,0.147,0.051,0.206,119.986,4.0
spotify:track:3VXJln5ZvlvzbsjJFhRhZE,Addicted (feat. TIMID.),Addicted (feat. TIMID.),Naarly;Daytona;LEWS;FIRSTCLASS;TIMID.,2025-07-04,134000.0,80.0,False,csm12ef9yic18sqjhpx92z9do,2025-09-01T12:03:15Z,"afro house,afro tech",BAKE Records,0.74,0.876,8.0,-6.908,0.0,0.0401,0.273,0.0937,0.11,0.839,120.038,4.0
spotify:track:35dt2bP4CcBzepyufQbvYZ,Fire Fire,Fire Fire,Shimza;AR/CO;Kasango,2025-06-13,150480.0,82.0,False,csm12ef9yic18sqjhpx92z9do,2025-09-03T04:18:25Z,"afro house,afro tech,3 step,gqom",Helix Records,0.683,0.822,7.0,-7.405,0.0,0.0366,0.0272,0.00406,0.292,0.262,124.944,4.0
spotify:track:0nZUQdt97RJ429I0FuAO2r,Crazy For It,Crazy For It,Rampa;Adam Port;&ME;Boys Noize;Vinson;Keinemusik,2025-05-30,250578.0,72.0,False,csm12ef9yic18sqjhpx92z9do,2025-09-06T16:41:25Z,"afro house,afro tech,house,melodic house,electro house",Keinemusik,0.691,0.729,1.0,-6.909,0.0,0.0366,0.227,0.008,0.58,0.219,120.017,4.0
spotify:track:6uJmoSievkPkXP3eP6xELn,No Lie,No Lie,Harry T,2025-08-01,168618.0,56.0,True,csm12ef9yic18sqjhpx92z9do,2025-09-11T19:06:11Z,,Hit & Hope Records under exclusive licence to APLCO/SoundOn,0.757,0.84,7.0,-5.531,1.0,0.194,0.186,0.838,0.175,0.618,128.02,4.0
spotify:track:4uX6khuTrF2QJ4Fw9egpe3,Nasty,Nasty,Bellerose,2024-12-31,174374.0,49.0,False,csm12ef9yic18sqjhpx92z9do,2025-09-17T05:32:08Z,"rally house,house",Bellerose,0.784,0.971,5.0,-4.788,0.0,0.085,0.013,0.0162,0.0658,0.744,127.966,4.0
spotify:track:3CNkoYG50jnt9VyM41ax31,Desire - Play & Win Radio Edit,Romania Loves the Minimal Beat,Morris,2009,212915.0,45.0,False,csm12ef9yic18sqjhpx92z9do,2025-09-21T14:48:10Z,europop,Roton Music,0.842,0.927,10.0,-6.019,0.0,0.157,0.126,0.00721,0.111,0.897,130.012,4.0
spotify:track:4A56h4B9xUuMMXoKuj18HT,Edge of Desire,Edge of Desire,Jonas Blue;Malive,2025-07-18,134905.0,86.0,False,csm12ef9yic18sqjhpx92z9do,2025-09-24T06:46:07Z,"tropical house,brazilian hip hop",Defected Records,0.779,0.787,0.0,-6.636,1.0,0.0459,0.139,0.827,0.0904,0.818,123.019,4.0
spotify:track:6PTgSuFz9JqQ1o0jTYOuvX,Dior (feat. Chrystal),Dior (feat. Chrystal),MK;Chrystal,2025-06-06,169159.0,78.0,False,csm12ef9yic18sqjhpx92z9do,2025-09-28T17:47:08Z,house,Columbia,0.831,0.802,0.0,-5.779,1.0,0.0807,0.00443,0.000124,0.368,0.403,128.085,4.0
spotify:track:5VnFXAOr6nLxbHuO3DjJBN,Do You Mind - Crazy Cousinz Remix,Do You Mind (Crazy Cousins Remix),Paleface;Crazy Cousins,2009-07-07,435000.0,24.0,False,csm12ef9yic18sqjhpx92z9do,2025-09-29T05:42:45Z,bassline,Ministry of Sound Recordings,0.372,0.97,10.0,-3.908,0.0,0.0582,0.0191,9.75e-05,0.0912,0.969,126.981,4.0
spotify:track:6Sf1pkm2m5Pe2mh6USmg72,So Many Times,We Love House - The Anthems,Gadjo;Alexandra Prince,2019-04-26,241860.0,68.0,False,csm12ef9yic18sqjhpx92z9do,2025-09-29T05:56:33Z,"house,nu disco",Armada Music Albums,0.615,0.837,9.0,-5.79,0.0,0.0769,0.0173,0.0171,0.173,0.744,129.05,4.0
spotify:track:5mg9TnSnfc89gcYStpOsVL,How You Feel (ft Leven Kali),On A Trip,ANOTR;Leven Kali;Erik Bandt,2025-01-31,197285.0,75.0,False,csm12ef9yic18sqjhpx92z9do,2025-09-29T19:07:23Z,house,No Art,0.717,0.71,6.0,-5.929,0.0,0.0362,0.134,0.0195,0.105,0.433,128.006,4.0
spotify:track:5EtJ3keh0umOlQ0kHXvNIS,Neverender - Rampa Remix,Neverender (Rampa Remix),Justice;Tame Impala;Rampa;Keinemusik,2024-09-26,384062.0,62.0,False,csm12ef9yic18sqjhpx92z9do,2025-10-14T15:17:38Z,"french house,new rave,neo-psychedelic,indie,afro house,afro tech,house,melodic house",Genesis,0.705,0.683,6.0,-5.357,0.0,0.0399,0.000258,0.398,0.0655,0.399,120.003,4.0
spotify:track:6AriBfTagIjKVUov3WEwOa,Jackie B,Jackie B,&friends;JOSEPH (CH);Brent Faiyaz,2025-05-16,217000.0,71.0,False,csm12ef9yic18sqjhpx92z9do,2025-10-14T15:46:20Z,"afro house,afro tech,melodic house,r&b",TH3RD BRAIN,0.627,0.729,5.0,-9.651,0.0,0.0375,0.00336,0.808,0.136,0.0452,119.991,4.0
spotify:track:1aRd5tMVhiRyMJLmSOg2IF,The Boy Is Mine,The Boy Is Mine,James Mac;Vall;Rosalie,2023-06-23,201713.0,70.0,False,csm12ef9yic18sqjhpx92z9do,2025-11-03T09:23:25Z,"afro house,melodic house",Sweat It Out,0.741,0.879,1.0,-6.132,0.0,0.0425,0.0841,0.0433,0.126,0.362,123.004,4.0
spotify:track:0gUe53zOzsnFwpDGYld3ke,I Run,I Run,HAVEN.;Kaitlin Aragon,2025-10-29,129565.0,3.0,False,csm12ef9yic18sqjhpx92z9do,2025-11-14T16:55:22Z,,Isekai / Broke / AAO,0.739,0.793,10.0,-3.918,0.0,0.0311,0.00282,0.0041,0.102,0.248,138.011,4.0
spotify:track:4PjAtEHN8MXgXFQwTxIWva,Contesto,Contesto,Massuma;DOSAMIS,2025-07-04,206829.0,64.0,False,csm12ef9yic18sqjhpx92z9do,2025-11-27T19:34:58Z,"afro house,afro tech,latin house,melodic house",VOD,0.677,0.896,5.0,-6.55,0.0,0.0366,0.00136,0.456,0.129,0.321,123.013,4.0
spotify:track:7sZTUNEKbTLMo07F43GzOK,Banho de Folhas - Maz Remix,Banho de Folhas (Maz Remix),Luedji Luna;Maz;Dawn Patrol,2022-04-06,215476.0,63.0,False,csm12ef9yic18sqjhpx92z9do,2025-12-02T19:58:59Z,"new mpb,afro house,melodic house,afro tech,latin house",Dawn Patrol Records,0.754,0.914,6.0,-8.151,0.0,0.0413,0.0275,0.764,0.0994,0.346,126.0,4.0
spotify:track:334RaRoiRG89vt0LCEZ6L0,Birthday Sex (feat. Jeremih) - Levi Mix,Birthday Sex (feat. Jeremih) [Levi Mix],Levi;Jeremih,2025-03-07,146973.0,68.0,False,csm12ef9yic18sqjhpx92z9do,2025-12-03T07:32:44Z,afro house,Get Together Records,0.666,0.852,5.0,-5.238,0.0,0.0278,0.109,0.000442,0.2,0.253,119.982,4.0
spotify:track:0dgdDB39uUoC8WICmTE2U8,No Bad Vibes,No Bad Vibes,Jazzy;KILIMANJARO,2024-10-18,162100.0,81.0,False,csm12ef9yic18sqjhpx92z9do,2025-12-14T18:01:32Z,afro house,Chaos,0.65,0.873,9.0,-5.078,0.0,0.0454,0.0125,0.0397,0.104,0.582,120.016,4.0
spotify:track:4euFtIeKzKQLI29fuGtPzq,Don't Wake Me Up - Shimza Remix,Don't Wake Me Up (Shimza Remix),James Hype;Shimza,2025-05-16,224145.0,45.0,False,csm12ef9yic18sqjhpx92z9do,2025-12-19T20:46:36Z,"house,tech house,afro house,afro tech,3 step,gqom",Universal-Island Records Ltd.,0.546,0.896,8.0,-6.253,1.0,0.0347,0.001,0.149,0.0661,0.399,119.906,4.0
spotify:track:1ExjoMeJQxAYtHFke6eW31,Jamaican (Bam Bam),Jamaican (Bam Bam),HUGEL;SOLTO (FR),2025-11-07,156393.0,57.0,False,csm12ef9yic18sqjhpx92z9do,2026-01-12T07:15:01Z,"latin house,afro house,techengue,house",MoBlack Records,0.872,0.945,9.0,-4.517,1.0,0.0654,0.403,0.235,0.0395,0.607,121.98,4.0
spotify:track:6pv5Ajnc2fp12ilnkD5Xrr,Like Dat - Ape Drums Remix,Like Dat (Ape Drums Remix),Danidane;MAAURA;Ape Drums,2025-03-14,255605.0,56.0,False,csm12ef9yic18sqjhpx92z9do,2026-02-28T13:29:05Z,"afro house,afro tech,moombahton",Klub Record Music LTD,0.78,0.729,9.0,-9.163,1.0,0.0469,0.00166,0.236,0.154,0.27,120.016,4.0
spotify:track:4sOLtnLeIFwO4YUUSV5DM5,Jolie Fille (feat. Layefa),Jolie Fille (feat. Layefa),Maz;Antdot;Ginton;Layefa,2024-07-26,194442.0,71.0,False,csm12ef9yic18sqjhpx92z9do,2026-02-28T13:32:44Z,"afro house,melodic house,afro tech,latin house,organic house,afro r&b",Woody Trees,0.775,0.799,3.0,-6.291,0.0,0.06,0.127,0.115,0.0714,0.804,120.997,4.0
spotify:track:0kl6Ozan3fuUdCl6TlB15v,Talk To You (ft. 54 Ultra),Talk To You (ft. 54 Ultra),ANOTR;54 Ultra,2026-03-06,191076.0,89.0,False,csm12ef9yic18sqjhpx92z9do,2026-03-10T07:28:59Z,"house,retro soul",No Art,0.702,0.83,0.0,-3.499,0.0,0.0426,0.0172,0.355,0.0567,0.672,131.996,4.0
spotify:track:5pBcAiIOgK12dxBSpKjulg,So Many Times,So Many Times,Gadjo;Alexandra Prince,2003-11-10,241928.0,74.0,False,csm12ef9yic18sqjhpx92z9do,2026-03-10T07:32:24Z,"house,nu disco",Altra Moda Music,0.603,0.694,9.0,-9.438,0.0,0.0567,0.0153,0.00128,0.159,0.715,128.964,4.0
spotify:track:0niU8VMrQzSNhrmsiLlmeS,Shinjuku,Shinjuku,Franky Rizardo,2026-03-20,167905.0,76.0,False,csm12ef9yic18sqjhpx92z9do,2026-04-14T11:33:28Z,"house,tech house",LTF Records,0.767,0.895,8.0,-7.663,0.0,0.0367,0.00114,0.942,0.13,0.752,128.996,4.0
spotify:track:0sTjyzgd2K5htQpU8ienNe,Swimming,Swimming,Flawed Mangoes,2024-01-10,188048.0,66.0,False,31udizgfi2h3meqkpgl7biswp3rq,2024-04-17T22:01:46Z,,its nbd,0.498,0.368,9.0,-13.158,1.0,0.0291,0.913,0.914,0.102,0.638,163.995,4.0
spotify:track:6slWUMiyoNNWcQGu6tkTlH,Leni (Crystal Castles vs GoodBooks),Control Freaks (The Remixes),GoodBooks;Crystal Castles,2021-11-18,256398.0,71.0,False,31udizgfi2h3meqkpgl7biswp3rq,2025-02-16T22:10:08Z,"witch house,electroclash,new rave,alternative dance",GoodBooks,0.642,0.641,6.0,-6.619,0.0,0.0312,0.0627,0.00289,0.0627,0.55,119.938,4.0
spotify:track:6HJxxqHWMdidwTVZmZWeHU,New Flesh,Wild Heart,Current Joys,2013-01-02,167986.0,2.0,False,31udizgfi2h3meqkpgl7biswp3rq,2024-04-17T22:05:55Z,lo-fi indie,Current Joys,0.62,0.594,9.0,-16.066,1.0,0.0383,0.887,0.5,0.0917,0.698,165.861,4.0
spotify:track:4z9KVNX4hmk672SJfhtQNz,F Song,F Song,Strawberry Guy,2018-08-09,224655.0,69.0,False,31udizgfi2h3meqkpgl7biswp3rq,2024-04-19T17:14:30Z,bedroom pop,Strawberry Guy,0.236,0.511,0.0,-10.788,0.0,0.0442,0.407,0.281,0.346,0.227,80.973,4.0
spotify:track:00RLNHc2jkEjUoCUlFgPVT,welcome and goodbye,welcome and goodbye,"Dream, Ivory",2018-03-31,140643.0,81.0,False,31udizgfi2h3meqkpgl7biswp3rq,2024-04-17T22:10:47Z,,"Dream, Ivory LLC",0.584,0.717,0.0,-5.175,0.0,0.0266,0.0194,0.756,0.0739,0.659,140.031,4.0
spotify:track:2klj0StczYde6WUHBJo5F6,Insomniac,Songs & Demos 2015-2017,Memo Boy;Chakra Efendi,2021-06-04,212307.0,76.0,False,31udizgfi2h3meqkpgl7biswp3rq,2024-04-17T22:04:34Z,,PLZ Make It Ruins,0.517,0.713,2.0,-8.508,1.0,0.0403,0.243,0.852,0.133,0.367,129.917,4.0
spotify:track:2R4AlwtrrkMaRKojcTIzmL,For the First Time,This Old Dog,Mac DeMarco,2017-05-05,182306.0,85.0,False,31udizgfi2h3meqkpgl7biswp3rq,2024-04-17T22:05:32Z,"indie,lo-fi indie",Captured Tracks,0.551,0.529,5.0,-10.469,0.0,0.0517,0.296,0.0093,0.178,0.521,75.515,4.0
spotify:track:1EryAkZ0VHstC6haIxVBiE,Sextape,Diamond Eyes,Deftones,2010-04-30,241533.0,82.0,False,31udizgfi2h3meqkpgl7biswp3rq,2024-04-17T22:07:59Z,"nu metal,alternative metal,rap metal,rock,shoegaze",Reprise,0.367,0.634,5.0,-6.475,1.0,0.027,0.000824,0.0759,0.116,0.0964,89.981,4.0
spotify:track:72cGBEqu7RitIOoACXYjfR,The Blonde,French Exit,TV Girl,2014-06-05,227760.0,82.0,False,31udizgfi2h3meqkpgl7biswp3rq,2024-04-17T21:59:44Z,,TV Girl,0.501,0.547,1.0,-7.961,0.0,0.0243,0.225,0.912,0.288,0.225,87.692,4.0
spotify:track:71BWZa1liIRyUiuJ3MB66o,I Know You,Faye Webster,Faye Webster,2017-05-12,251666.0,79.0,False,31udizgfi2h3meqkpgl7biswp3rq,2024-04-17T22:04:48Z,,Secretly Canadian,0.454,0.385,10.0,-12.849,1.0,0.0313,0.287,9.97e-05,0.0616,0.144,154.918,4.0
spotify:track:2fhOljbX79loRcdl47SFye,Moonlight on the River,This Old Dog,Mac DeMarco,2017-05-05,422613.0,81.0,False,31udizgfi2h3meqkpgl7biswp3rq,2024-04-17T21:59:38Z,"indie,lo-fi indie",Captured Tracks,0.662,0.478,9.0,-8.631,1.0,0.0451,0.252,0.833,0.216,0.43,139.98,4.0
spotify:track:1nLnpLXvl68RZCSjfkyiaa,Brain Stew,Insomniac,Green Day,1995-10-10,193000.0,84.0,True,31udizgfi2h3meqkpgl7biswp3rq,2024-07-07T04:55:04Z,"punk,pop punk",Reprise,0.559,0.543,1.0,-5.429,1.0,0.302,0.00133,2e-05,0.0577,0.337,75.958,4.0
spotify:track:0FVuyC9RP5MACjp4lgU3qZ,I'm God,Instrumental Relics,Clams Casino;Imogen Heap,2020-04-24,277710.0,79.0,False,31udizgfi2h3meqkpgl7biswp3rq,2024-04-17T22:39:14Z,cloud rap,Clams Casino Productions LLC,0.529,0.641,2.0,-6.78,1.0,0.0336,0.0711,0.76,0.102,0.089,141.931,4.0
spotify:track:751srcHf5tUqcEa9pRCQwP,Tek It,Running,Cafuné,2021-07-20,191823.0,84.0,False,31udizgfi2h3meqkpgl7biswp3rq,2024-04-17T22:08:06Z,,Elektra (NEK),0.423,0.913,8.0,-5.354,1.0,0.0655,6.53e-05,0.0,0.269,0.596,146.995,4.0
spotify:track:7g3g00RKlqSIe2G8KKCgsE,Killswitch Lullaby,Killswitch Lullaby,Flawed Mangoes,2023-08-02,147096.0,73.0,False,31udizgfi2h3meqkpgl7biswp3rq,2024-04-19T21:05:22Z,,Flawed Mangoes,0.572,0.267,4.0,-17.263,0.0,0.0391,0.967,0.94,0.0995,0.4,124.052,3.0
spotify:track:7sIx70dGj3VBiHWr0KZXfD,Blondie,Wild Heart,Current Joys,2013-01-02,194733.0,3.0,False,31udizgfi2h3meqkpgl7biswp3rq,2024-04-17T22:04:31Z,lo-fi indie,Current Joys,0.776,0.626,6.0,-12.561,1.0,0.0396,0.622,0.899,0.086,0.866,122.072,4.0
spotify:track:4CcpsrXTYmntApKRPf78Fs,eternal,me dying is the world ending,blurhie,2024-04-26,235106.0,42.0,False,31udizgfi2h3meqkpgl7biswp3rq,2024-07-11T01:50:10Z,shoegaze,i run with scissors,0.371,0.806,0.0,-3.996,0.0,0.0425,0.372,0.961,0.126,0.135,147.051,3.0
spotify:track:2MgFBk2v9hvi2wrEiS086J,Break,Break,Karimmokka,2024-02-22,177063.0,0.0,False,31udizgfi2h3meqkpgl7biswp3rq,2024-04-17T21:59:22Z,,Unchained Music,0.387,0.459,9.0,-14.159,1.0,0.0306,0.0381,0.843,0.282,0.47,159.732,4.0
spotify:track:1aXV8GrmQLvgoFtBPERP7E,Jealous,Jealous,Eyedress,2019-12-06,122338.0,32.0,False,31udizgfi2h3meqkpgl7biswp3rq,2024-04-17T22:06:41Z,,Lex Records,0.474,0.921,9.0,-10.431,0.0,0.0457,0.00491,0.85,0.476,0.696,93.01,4.0
spotify:track:7vPHiwgCOAjSBRjAirbMvS,"Sea, Swallow Me",The Moon and the Melodies,Cocteau Twins;Harold Budd,1986-11-10,189040.0,66.0,False,31udizgfi2h3meqkpgl7biswp3rq,2024-04-17T22:05:49Z,"dream pop,shoegaze,gothic rock,ambient,minimalism",4AD,0.454,0.673,0.0,-13.425,1.0,0.0265,0.589,0.238,0.252,0.827,163.954,3.0
spotify:track:3fuyYaLhZ2RoP9eWpvfP1H,A New Kind Of Love - Demo,A New Kind Of Love (Demo),Frou Frou;Imogen Heap;Guy Sigsworth,2022-04-08,259071.0,81.0,False,31udizgfi2h3meqkpgl7biswp3rq,2024-05-19T17:31:13Z,,Megaphonic,0.674,0.487,9.0,-13.307,1.0,0.0331,0.169,0.00411,0.127,0.329,132.97,4.0
spotify:track:17YNmMy03QLPirmBzWxFa6,(dream),melanchole,salvia palth,2013-05-06,84701.0,77.0,False,31udizgfi2h3meqkpgl7biswp3rq,2024-04-17T22:04:28Z,"slowcore,lo-fi indie",Searching Transmissions,0.316,0.318,0.0,-13.164,1.0,0.0339,0.918,0.861,0.119,0.135,147.275,4.0
spotify:track:3jfZ9M23l0L7RxzYMTgBTv,Looking Out for You,Looking Out for You,Joy Again,2016-01-15,179499.0,81.0,False,31udizgfi2h3meqkpgl7biswp3rq,2024-05-19T17:31:12Z,,Arista Records,0.682,0.9,9.0,-5.028,1.0,0.0874,0.0884,0.063,0.0685,0.937,100.721,4.0
spotify:track:7JEzAlwHhCD2M1cYE6BeqJ,Loving Machine,Who Really Cares,TV Girl,2016-02-25,227000.0,83.0,False,31udizgfi2h3meqkpgl7biswp3rq,2024-04-17T21:59:30Z,,TV Girl,0.58,0.69,0.0,-9.52,1.0,0.0267,0.568,0.0221,0.226,0.922,89.981,4.0
spotify:track:0c683aCGn2mXMU1I9Js449,scars,VOL. 1,Novulent,2023-10-14,95002.0,3.0,False,31udizgfi2h3meqkpgl7biswp3rq,2024-04-20T03:42:28Z,shoegaze,The Royals,0.339,0.842,9.0,-4.65,1.0,0.048,0.00317,1.4e-05,0.107,0.144,83.942,4.0
spotify:track:5HzrX4aKVfb1NQCsaqf6R0,Cocaine Sunday,Sensitive G,Eyedress,2018-11-16,168739.0,17.0,False,31udizgfi2h3meqkpgl7biswp3rq,2024-04-17T22:05:39Z,,Lex Records,0.544,0.765,4.0,-6.491,1.0,0.0259,0.00818,0.821,0.15,0.429,153.916,4.0
spotify:track:286TLtk120rnrmVeQClDTc,Walking On A Dream,Walking On A Dream,Empire Of The Sun,2008-01-01,198440.0,2.0,False,31udizgfi2h3meqkpgl7biswp3rq,2024-06-14T03:09:08Z,,Capitol Records,0.87,0.699,5.0,-5.541,0.0,0.0459,0.245,6.76e-06,0.0588,0.726,126.967,4.0
spotify:track:2vWBUC9djv6BtiGlmKiQaH,YKWIM?,Bipolar,Yot Club,2019-05-31,212750.0,79.0,False,31udizgfi2h3meqkpgl7biswp3rq,2024-04-17T22:07:20Z,bedroom pop,Yot Club under exclusive license to Amuseio AB,0.372,0.537,9.0,-7.623,1.0,0.0305,0.937,0.873,0.287,0.228,123.735,3.0
spotify:track:4wEuNvb7oG8oZYrZPZ9rPr,Me and the Birds,Contemporary Movement,Duster,2000-08-22,95226.0,68.0,False,31udizgfi2h3meqkpgl7biswp3rq,2024-04-17T22:03:26Z,"slowcore,shoegaze",Numero Group,0.475,0.531,8.0,-6.552,0.0,0.0317,0.752,0.0634,0.53,0.223,119.643,4.0
spotify:track:0KyAGiNGUytG5JLxJu4F6l,Pretty Girl,Pretty Girl,Clairo,2017-08-04,178352.0,4.0,False,31udizgfi2h3meqkpgl7biswp3rq,2024-05-17T05:55:38Z,bedroom pop,FADER Label,0.93,0.611,0.0,-4.406,1.0,0.0415,0.593,0.00124,0.0592,0.695,112.127,4.0
spotify:track:79dGhCtRRTj3XqqXnvSkG7,Agony - Instrumental,Agony (Instrumental),Scammacist;Sovara,2022-10-05,301494.0,52.0,False,31udizgfi2h3meqkpgl7biswp3rq,2024-06-07T21:13:16Z,brazilian phonk,Scammacist,0.219,0.0988,8.0,-20.2,1.0,0.0426,0.963,0.93,0.111,0.0803,64.939,3.0
spotify:track:2odJoPhzYu2NwEhxN2foal,Riff 2,Riff 2,Flawed Mangoes,2023-10-18,164000.0,48.0,False,31udizgfi2h3meqkpgl7biswp3rq,2024-04-17T21:35:48Z,,its nbd,0.619,0.325,6.0,-16.335,1.0,0.0371,0.966,0.936,0.108,0.591,149.794,4.0
spotify:track:7ne2hzW4jaU5tacaCI4kJH,Your face,Your face,Wisp,2023-04-04,227426.0,1.0,False,31udizgfi2h3meqkpgl7biswp3rq,2024-04-17T22:00:00Z,shoegaze,Music Soup/Interscope Records,0.549,0.761,4.0,-7.489,1.0,0.0269,0.00616,0.826,0.156,0.326,134.026,4.0
spotify:track:6ZaiqbV2GfUtrUlhsu58fN,Step On Me,First Band On The Moon (Remastered),The Cardigans,1996-01-01,230185.0,78.0,False,31udizgfi2h3meqkpgl7biswp3rq,2024-04-19T13:26:47Z,swedish pop,Universal Music AB,0.331,0.471,2.0,-5.631,1.0,0.0299,0.00644,0.0,0.0653,0.142,90.057,4.0
spotify:track:0f8eRy9A0n6zXpKSHSCAEp,Infrunami,The Lo-Fis,Steve Lacy,2020-12-04,178328.0,83.0,False,31udizgfi2h3meqkpgl7biswp3rq,2024-04-20T23:53:32Z,,L-M Records,0.826,0.299,9.0,-7.721,1.0,0.0446,0.31,0.0952,0.0758,0.215,97.012,4.0
spotify:track:0TZejo18HlJ86OrWNsXKnw,Mrs Magic,Mrs Magic,Strawberry Guy,2019-07-24,208500.0,82.0,False,31udizgfi2h3meqkpgl7biswp3rq,2024-04-17T22:04:59Z,bedroom pop,Melodic,0.471,0.634,8.0,-7.406,1.0,0.031,0.159,0.365,0.374,0.366,132.542,4.0
spotify:track:42qNWdLKCI41S4uzfamhFM,Duvet,Twilight,bôa,2001-03-21,203600.0,87.0,False,31udizgfi2h3meqkpgl7biswp3rq,2024-04-17T21:29:02Z,,Nettwerk Music Group,0.583,0.888,11.0,-9.414,0.0,0.0349,0.191,4.58e-05,0.0936,0.706,93.206,4.0
spotify:track:1MXOWbSCEjoGwivtIMnlBV,Constellations,Stratosphere,Duster,1998-02-24,223200.0,66.0,False,31udizgfi2h3meqkpgl7biswp3rq,2024-04-17T22:03:31Z,"slowcore,shoegaze",Numero Group,0.865,0.326,2.0,-12.607,1.0,0.0644,0.897,0.854,0.109,0.144,110.328,4.0
spotify:track:2VYnlKxB8jpbCeLUjQsebc,In A Good Way,I Know I'm Funny haha,Faye Webster,2021-06-25,224680.0,75.0,False,31udizgfi2h3meqkpgl7biswp3rq,2024-04-17T21:30:23Z,,Secretly Canadian,0.587,0.286,9.0,-8.839,1.0,0.0315,0.185,0.0288,0.214,0.302,71.123,4.0
spotify:track:6LUGvXEAK8WxIBYK43uoTb,Back to the Old House - 2011 Remaster,Louder Than Bombs,The Smiths,1987,186626.0,84.0,False,31udizgfi2h3meqkpgl7biswp3rq,2024-04-19T13:51:59Z,"new wave,madchester,jangle pop",WM UK,0.626,0.488,2.0,-7.805,1.0,0.0253,0.0102,0.000188,0.141,0.404,104.13,3.0
spotify:track:6WlmEymaXKMRs3D2c4j6os,Inside Out,Stratosphere,Duster,1998-02-24,141040.0,74.0,False,31udizgfi2h3meqkpgl7biswp3rq,2024-04-17T21:59:50Z,"slowcore,shoegaze",Numero Group,0.553,0.465,9.0,-9.664,1.0,0.0301,0.84,0.97,0.102,0.652,79.223,4.0
spotify:track:7apTlYqAJnvxoJHv0CrDme,Fragility,Dramamine / Fragility,Flawed Mangoes,2024-04-10,177230.0,0.0,False,31udizgfi2h3meqkpgl7biswp3rq,2024-04-19T21:04:55Z,,its nbd,0.573,0.234,10.0,-14.864,1.0,0.0281,0.925,0.875,0.0863,0.133,130.015,4.0
spotify:track:3IznIgmXtrUaoPWpQTy5jB,Not Allowed,Who Really Cares,TV Girl,2016-02-25,167864.0,85.0,True,31udizgfi2h3meqkpgl7biswp3rq,2024-04-17T22:05:07Z,,TV Girl,0.67,0.905,1.0,-6.855,1.0,0.129,0.669,0.000227,0.349,0.563,104.965,4.0
spotify:track:0JIMT9gzLIIz0esKLyjbKf,Telephones,Changes,Vacations,2018,212432.0,83.0,False,31udizgfi2h3meqkpgl7biswp3rq,2024-04-17T22:00:28Z,,Nettwerk Music Group,0.526,0.447,2.0,-9.268,1.0,0.0274,0.00283,0.0301,0.109,0.183,74.995,4.0
spotify:track:4zEvxRDaKDoFlHxK7Hy0wg,Sunday,"Everybody Else Is Doing It, So Why Can't We?",The Cranberries,1993-03-01,211066.0,69.0,False,31udizgfi2h3meqkpgl7biswp3rq,2024-04-17T22:00:40Z,,Island Records,0.329,0.565,0.0,-13.103,1.0,0.0335,0.0614,1.97e-05,0.126,0.167,108.859,4.0
spotify:track:4NUhcsz9E1LrBe8nXLZqzp,It Almost Worked,The Night in Question: French Exit Outtakes,TV Girl,2020-05-01,152000.0,80.0,False,31udizgfi2h3meqkpgl7biswp3rq,2024-04-17T22:00:52Z,,TV Girl,0.673,0.886,9.0,-4.347,1.0,0.0282,0.302,0.348,0.0792,0.679,140.586,4.0
spotify:track:3kQfBtkQqgN1fAMfhks8TU,Need 2,Everything So Far,Pinegrove,2015-10-15,191796.0,8.0,False,31udizgfi2h3meqkpgl7biswp3rq,2024-04-17T21:59:34Z,midwest emo,Run For Cover Records,0.552,0.634,1.0,-8.302,0.0,0.0261,0.00994,0.202,0.0798,0.213,76.557,4.0
spotify:track:0Z94dtWElamDwU4NrcGoUR,Better,i'll be okay,sign crushes motorist,2022-08-05,98750.0,68.0,False,31udizgfi2h3meqkpgl7biswp3rq,2024-04-17T22:04:17Z,slowcore,sign crushes motorist,0.696,0.0867,7.0,-25.203,1.0,0.0418,0.988,0.922,0.108,0.349,129.989,4.0
spotify:track:3SeDS5sSoWnwAZvVgkdKzf,Better in the Dark,Summer's Over,Jordana;TV Girl,2021-10-13,155500.0,82.0,False,31udizgfi2h3meqkpgl7biswp3rq,2024-04-17T22:04:25Z,,Summer's Over,0.678,0.64,9.0,-7.486,1.0,0.0268,0.283,0.00067,0.682,0.701,90.058,4.0
spotify:track:5EJA7Rwkeuvm98CZg0XXNO,What Would I Do?,What Would I Do?,Strawberry Guy,2019-07-22,234000.0,73.0,False,31udizgfi2h3meqkpgl7biswp3rq,2024-04-17T22:04:43Z,bedroom pop,Melodic,0.539,0.461,11.0,-7.674,1.0,0.0279,0.457,0.903,0.072,0.436,128.635,4.0
spotify:track:7EAMXbLcL0qXmciM5SwMh2,Heart To Heart,Here Comes The Cowboy,Mac DeMarco,2019-05-10,211140.0,84.0,False,31udizgfi2h3meqkpgl7biswp3rq,2024-04-17T22:06:15Z,"indie,lo-fi indie",Mac’s Record Label,0.901,0.136,8.0,-16.127,0.0,0.102,0.667,0.354,0.109,0.643,150.076,4.0
spotify:track:1AMADyXgIWayh5vXLZo2qF,Covet,Colourmeinkindness,Basement,2012-10-23,227340.0,75.0,False,31udizgfi2h3meqkpgl7biswp3rq,2024-04-17T21:35:26Z,"midwest emo,shoegaze",Run For Cover Records,0.428,0.799,4.0,-6.265,1.0,0.0468,0.00139,0.0742,0.0788,0.228,139.052,4.0
spotify:track:39sDitIeCMrVX2QyXHY46t,Blue Hair,Death of a Party Girl,TV Girl,2018-05-08,217000.0,85.0,False,31udizgfi2h3meqkpgl7biswp3rq,2024-04-17T22:05:03Z,,TV Girl,0.751,0.72,4.0,-6.376,1.0,0.0303,0.554,0.0497,0.258,0.884,135.73,4.0
spotify:track:6Q5uDNuuFYa8ToL3CCoHPC,Poison Tree,Inca Ore / Grouper,Grouper,2008-06-03,196893.0,76.0,False,31udizgfi2h3meqkpgl7biswp3rq,2024-04-17T22:05:29Z,"drone,ambient,slowcore,dream pop",Yellowelectric,0.224,0.139,11.0,-22.587,1.0,0.0354,0.961,0.913,0.108,0.213,111.316,4.0
spotify:track:0KdEx2ETCXYZeEVAZS4sJ4,wonder if you care,wonder if you care,flyingfish,2023-04-28,134556.0,69.0,False,31udizgfi2h3meqkpgl7biswp3rq,2024-04-17T21:59:15Z,shoegaze,flyingfish,0.426,0.67,5.0,-8.947,0.0,0.0353,2.15e-05,0.706,0.124,0.179,78.487,4.0
spotify:track:6dBUzqjtbnIa1TwYbyw5CM,Lovers Rock,French Exit,TV Girl,2014-06-05,213920.0,89.0,False,31udizgfi2h3meqkpgl7biswp3rq,2024-04-17T22:06:00Z,,TV Girl,0.559,0.871,5.0,-5.338,0.0,0.0397,7.53e-06,0.00545,0.096,0.572,104.97,4.0
spotify:track:6jgkEbmQ2F2onEqsEhiliL,My Kind of Woman,2,Mac DeMarco,2012-10-16,190845.0,84.0,False,31udizgfi2h3meqkpgl7biswp3rq,2024-04-17T22:06:30Z,"indie,lo-fi indie",Captured Tracks,0.501,0.765,6.0,-7.063,0.0,0.0281,0.00294,0.49,0.184,0.46,91.771,4.0
spotify:track:7xmkB4bsBuotQUxw1AcvH3,fall in drugs (bloomcr4zy) - Instrumental,fall in drugs (Versions),syncsv;bloomcr4zy,2024-07-03,108644.0,0.0,True,31udizgfi2h3meqkpgl7biswp3rq,2024-07-15T04:35:11Z,,3510356 Records DK,0.348,0.566,1.0,-7.752,1.0,0.0322,5.26e-06,0.553,0.186,0.079,138.337,4.0
spotify:track:1yjY7rpaAQvKwpdUliHx0d,Still into You,Paramore,Paramore,2013-04-05,216013.0,86.0,False,31udizgfi2h3meqkpgl7biswp3rq,2024-06-14T03:11:32Z,"pop punk,emo",Fueled By Ramen,0.602,0.923,5.0,-3.763,1.0,0.044,0.0098,0.0,0.0561,0.765,136.01,4.0
spotify:track:6ifbPf9vldlIJwYKrBFktx,Just for Now,Speak for Yourself,Imogen Heap,2005-07-18,180558.0,0.0,False,31udizgfi2h3meqkpgl7biswp3rq,2024-06-28T05:19:39Z,,Sony BMG Music UK,0.443,0.367,3.0,-9.165,1.0,0.028,0.815,2.34e-06,0.129,0.469,149.888,4.0
spotify:track:6OTKVgVpVaVjhRLYizPJKA,Just for Me,Just for me,PinkPantheress,2021-08-13,115800.0,58.0,False,31udizgfi2h3meqkpgl7biswp3rq,2024-06-14T03:16:24Z,bedroom pop,Parlophone UK,0.796,0.625,0.0,-7.218,1.0,0.0645,0.653,0.00348,0.187,0.641,133.035,4.0
spotify:track:4bLCPfBLKlqiONo6TALTh5,Entombed,Koi No Yokan,Deftones,2012-11-09,299240.0,80.0,False,31udizgfi2h3meqkpgl7biswp3rq,2024-07-10T19:59:33Z,"nu metal,alternative metal,rap metal,rock,shoegaze",Reprise,0.399,0.753,10.0,-3.882,1.0,0.0375,0.00593,0.128,0.366,0.167,130.055,4.0
spotify:track:6mSnSuOhgHHohqeBw76jRV,i was all over her,melanchole,salvia palth,2013-05-06,161422.0,80.0,False,31udizgfi2h3meqkpgl7biswp3rq,2024-04-17T22:05:13Z,"slowcore,lo-fi indie",Searching Transmissions,0.537,0.366,7.0,-12.774,1.0,0.0303,0.775,0.883,0.113,0.0538,104.572,4.0
spotify:track:1KIJclzEbNhSVw8tiHPWwE,Young,Vibes,Vacations,2016,189160.0,78.0,False,31udizgfi2h3meqkpgl7biswp3rq,2024-04-17T22:07:11Z,,Nettwerk Music Group,0.498,0.81,7.0,-4.065,1.0,0.0263,0.00392,0.00717,0.0635,0.594,79.935,4.0
spotify:track:0fO1pBw5d9elBhAo0OleA0,7 Weeks & 3 Days,Over You,yungatita,2020-01-03,194000.0,70.0,True,31udizgfi2h3meqkpgl7biswp3rq,2024-04-17T22:07:33Z,,Counter Culture Records,0.614,0.734,11.0,-8.834,0.0,0.0277,0.24,0.122,0.227,0.662,129.974,4.0
spotify:track:6W2HNRBFvnXHpRcSrgg2CV,Zelda's Lullaby / Count Me Out (Medley),Zelda's Lullaby / Count Me Out (Medley),Sviral.,2023-10-29,158709.0,0.0,False,31udizgfi2h3meqkpgl7biswp3rq,2024-04-19T21:11:25Z,,JIMRO,0.188,0.0151,6.0,-31.68,1.0,0.0453,0.913,0.712,0.111,0.196,75.431,3.0
spotify:track:1PNF8TGeKgU0SbW3guKg0f,loser monologue,i'll be okay,sign crushes motorist,2022-08-05,176250.0,67.0,True,31udizgfi2h3meqkpgl7biswp3rq,2024-04-17T22:08:11Z,slowcore,sign crushes motorist,0.339,0.085,1.0,-22.814,1.0,0.0398,0.834,0.874,0.11,0.0385,129.904,1.0
spotify:track:3QVe9gr87GYcRXAkVpPVYl,Middy Titty,Neon Daydream,Paulie Leparik,2018-05-17,94668.0,62.0,False,31udizgfi2h3meqkpgl7biswp3rq,2024-04-17T22:10:43Z,,Laupie Entertainment,0.58,0.633,3.0,-5.297,1.0,0.036,0.111,0.88,0.369,0.913,131.912,4.0
spotify:track:6QeYSvYqYUsfBzsApbjDHO,Cigarettes out the Window,Who Really Cares,TV Girl,2016-02-25,198960.0,87.0,False,31udizgfi2h3meqkpgl7biswp3rq,2024-04-17T22:10:50Z,,TV Girl,0.625,0.659,0.0,-5.669,1.0,0.0337,0.12,0.0,0.17,0.594,113.551,4.0
spotify:track:4HuiEuJ7ZW8jewUuZBg6sk,Sarah,Trick,Alex G,2012-11-05,176146.0,74.0,False,31udizgfi2h3meqkpgl7biswp3rq,2024-04-17T22:10:53Z,,Lucky Number,0.65,0.686,4.0,-5.198,0.0,0.0314,0.513,0.000189,0.138,0.497,124.019,4.0
spotify:track:3poJLRLGViMX3gicX9UYtD,Advice,Trick,Alex G,2012-11-05,157973.0,62.0,False,31udizgfi2h3meqkpgl7biswp3rq,2024-04-19T13:26:32Z,,Lucky Number,0.356,0.611,10.0,-5.71,1.0,0.0289,0.000183,0.867,0.127,0.272,170.069,4.0
spotify:track:2LZ2CNbcbJrwh53pitRgom,Silver Soul,Teen Dream,Beach House,2010-01-26,298680.0,70.0,False,31udizgfi2h3meqkpgl7biswp3rq,2024-04-19T13:26:34Z,dream pop,Sub Pop Records,0.356,0.67,2.0,-5.825,1.0,0.0324,0.467,0.000106,0.288,0.117,135.032,4.0
spotify:track:0tGqk0HlYMQ16aj7yJwleF,Pretend,1234,alex_g_offline,2023-07-09,359769.0,76.0,False,31udizgfi2h3meqkpgl7biswp3rq,2024-04-19T13:26:39Z,,alex_g_offline,0.611,0.703,9.0,-2.924,1.0,0.0282,0.0541,1.29e-06,0.105,0.358,116.11,4.0
spotify:track:0PgT8DiJmpqTnf9SnFnHM0,Stars Will Fall,Capsule Losing Contact,Duster,2019-03-22,118160.0,66.0,False,31udizgfi2h3meqkpgl7biswp3rq,2024-04-19T13:26:42Z,"slowcore,shoegaze",Numero Group,0.432,0.13,9.0,-13.076,1.0,0.0282,0.94,0.965,0.106,0.0741,96.41,4.0
spotify:track:3pyyGVqWvRMq43qtJBzxe0,Kids,Kids,Current Joys,2015-03-08,269142.0,2.0,False,31udizgfi2h3meqkpgl7biswp3rq,2024-04-19T13:26:43Z,lo-fi indie,Current Joys,0.828,0.66,6.0,-9.669,1.0,0.0337,0.508,0.403,0.0755,0.904,113.45,4.0
spotify:track:2QzKAF0y1BQhxwg8N05Uog,Watching Him Fade Away,This Old Dog,Mac DeMarco,2017-05-05,143080.0,74.0,False,31udizgfi2h3meqkpgl7biswp3rq,2024-04-19T13:26:50Z,"indie,lo-fi indie",Captured Tracks,0.74,0.072,3.0,-17.984,1.0,0.0713,0.981,0.00698,0.111,0.297,139.081,4.0
spotify:track:1V9lCLSierc1RFpERt6ak9,Things to Do,Race,Alex G,2010-01-01,157874.0,75.0,False,31udizgfi2h3meqkpgl7biswp3rq,2024-04-19T13:26:52Z,,Many Hats Distribution,0.702,0.525,7.0,-7.139,1.0,0.039,0.847,0.0285,0.159,0.649,110.121,4.0
spotify:track:7fyG2MquxykO3Ufiku1Dj2,Treehouse,Treehouse,Alex G;Emily Yacina,2011-01-17,158801.0,79.0,False,31udizgfi2h3meqkpgl7biswp3rq,2024-04-19T13:26:53Z,,Alex G & Emily Yacina,0.612,0.196,7.0,-19.489,0.0,0.0359,0.706,0.319,0.111,0.142,73.489,4.0
spotify:track:75IQVo8hqI1iwVZyvkN2VT,Show Me How,Show Me How,Men I Trust,2018-02-28,215110.0,81.0,False,31udizgfi2h3meqkpgl7biswp3rq,2024-04-19T13:26:54Z,"bedroom pop,indie pop,dream pop",Indie,0.791,0.271,5.0,-11.959,1.0,0.0431,0.672,0.543,0.102,0.564,166.002,4.0
spotify:track:3Z6cltU0OfbUdSZtZlzKPL,Dream Girl,Dream Girl,Crisaunt,2019-02-14,179286.0,69.0,False,31udizgfi2h3meqkpgl7biswp3rq,2024-04-19T13:27:20Z,bedroom pop,Crisaunt,0.945,0.239,4.0,-17.862,1.0,0.0389,0.372,0.29,0.118,0.583,118.616,4.0
spotify:track:37l31PrCNsg8baUjarNAi9,I Can't Handle Change,I Can't Handle Change,Roar,2010-03-14,198213.0,79.0,False,31udizgfi2h3meqkpgl7biswp3rq,2024-04-19T13:27:49Z,,Felt Forest Records,0.247,0.438,5.0,-8.478,1.0,0.0358,0.0449,0.000942,0.111,0.391,185.703,3.0
spotify:track:2enPRFda84VE2wtI8c86Uf,Always Forever,Static,Cults,2013-10-15,223750.0,80.0,False,31udizgfi2h3meqkpgl7biswp3rq,2024-04-19T13:28:10Z,,Columbia,0.174,0.742,8.0,-5.93,1.0,0.0485,0.00181,0.281,0.198,0.36,163.378,4.0
spotify:track:3lhLML5eIwmPnw2xWKosZX,Brian is the Most Beautiful,Songs & Demos 2015-2017,Memo Boy,2021-06-04,225000.0,64.0,False,31udizgfi2h3meqkpgl7biswp3rq,2024-04-19T13:49:32Z,,PLZ Make It Ruins,0.483,0.8,5.0,-8.596,0.0,0.048,0.39,0.848,0.213,0.365,192.057,4.0
spotify:track:7d16ACNTVHWFLRAOGL3ZiI,Sometimes,1234,alex_g_offline,2023-10-13,152102.0,72.0,False,31udizgfi2h3meqkpgl7biswp3rq,2024-04-19T13:50:33Z,,alex_g_offline,0.665,0.388,10.0,-16.208,1.0,0.0432,0.851,0.806,0.0757,0.882,111.148,4.0
spotify:track:5W6BA8Wa8JZGKdliH2gkwO,She Likes Another Boy,She Likes Another Boy + Talk 2 U,Oscar Lang,2017-07-23,207826.0,66.0,False,31udizgfi2h3meqkpgl7biswp3rq,2024-04-19T13:56:19Z,bedroom pop,Dirty Hit,0.703,0.191,1.0,-14.078,0.0,0.0287,0.922,0.865,0.114,0.327,61.932,4.0
spotify:track:3a3dQOO19moXPeTt2PomoT,What You Heard,What You Heard,Sonder,2019-02-22,238242.0,80.0,True,31udizgfi2h3meqkpgl7biswp3rq,2024-04-20T23:59:08Z,"dark r&b,r&b",Sonder Global,0.429,0.371,2.0,-9.017,0.0,0.0327,0.546,5.71e-06,0.104,0.135,137.134,4.0
spotify:track:43MifzVnh8W3jJN0xqU9jR,Wasted Summers,Wasted Summers,juju<3,2023-07-12,130384.0,71.0,False,31udizgfi2h3meqkpgl7biswp3rq,2024-04-19T17:12:24Z,,Not Fit For Society,0.633,0.643,0.0,-8.122,1.0,0.0252,0.106,0.00831,0.78,0.472,103.842,4.0
spotify:track:51Grh1RyUDcMBbpuyUIUHI,rises the moon,recently,Liana Flores,2019-04-10,161929.0,83.0,False,31udizgfi2h3meqkpgl7biswp3rq,2024-04-19T17:14:10Z,,liana flores,0.483,0.129,5.0,-20.149,0.0,0.0349,0.947,0.145,0.106,0.203,137.35,3.0
spotify:track:0OPD9fnjX6xWgHBQ4QClgu,Structure,Odd Sweetheart,Odd Sweetheart,2022-03-11,151384.0,57.0,False,31udizgfi2h3meqkpgl7biswp3rq,2024-04-19T17:15:08Z,,LIFE OR DEATH,0.492,0.662,2.0,-9.681,1.0,0.0482,0.00047,3.87e-06,0.0771,0.123,135.017,4.0
spotify:track:1FvDJ9KGxcqwv1utyPL3JZ,This Charming Man - 2011 Remaster,The Smiths,The Smiths,1984-02-20,162920.0,81.0,False,31udizgfi2h3meqkpgl7biswp3rq,2024-04-19T18:07:58Z,"new wave,madchester,jangle pop",WM UK,0.611,0.846,11.0,-5.9,1.0,0.0436,0.00509,0.0,0.0784,0.751,103.912,4.0
spotify:track:2INYbcxP73Z3zgOzJvAxqR,The Beginning,Killswitch Melodies,Flawed Mangoes,2023-12-08,175384.0,66.0,False,31udizgfi2h3meqkpgl7biswp3rq,2024-04-19T21:05:27Z,,its nbd,0.466,0.385,1.0,-13.537,1.0,0.0314,0.849,0.871,0.11,0.338,156.101,4.0
spotify:track:3QFoRKFAdyzDOcKyPqqh6v,Riff 2,Killswitch Melodies,Flawed Mangoes,2023-12-08,164000.0,58.0,False,31udizgfi2h3meqkpgl7biswp3rq,2024-04-19T21:05:32Z,,its nbd,0.619,0.325,6.0,-16.335,1.0,0.0371,0.966,0.936,0.108,0.591,149.794,4.0
spotify:track:2FVOoDYlV0NgNBRqo1wiur,everything against me,everything against me,tado,2022-12-07,94447.0,0.0,True,31udizgfi2h3meqkpgl7biswp3rq,2024-04-19T21:07:51Z,,tado,0.468,0.163,1.0,-23.135,0.0,0.0468,0.985,0.824,0.166,0.277,163.796,5.0
spotify:track:1YEcWuxSowskA3A4uWKWFG,i threw a rock off an overpass and killed a guy,i'll be okay,sign crushes motorist,2022-08-05,145795.0,58.0,False,31udizgfi2h3meqkpgl7biswp3rq,2024-04-19T21:08:13Z,slowcore,sign crushes motorist,0.159,0.293,11.0,-17.557,0.0,0.034,0.935,0.921,0.111,0.0911,90.908,1.0
spotify:track:4r5lRNwpBgVBVkU5QUkx7p,all alone in the rain,all alone in the rain,The Lonely Tree,2022-07-01,239000.0,49.0,False,31udizgfi2h3meqkpgl7biswp3rq,2024-04-19T21:08:47Z,,The Lonely Tree,0.31,0.145,5.0,-21.033,0.0,0.0312,0.823,0.819,0.104,0.153,113.111,3.0
spotify:track:6pLGnO6JyJdtp4WlX5ixkI,This Feeling Will Pass,Reject,Take Care,2022-11-10,124687.0,68.0,False,31udizgfi2h3meqkpgl7biswp3rq,2024-04-19T21:09:04Z,slowcore,Take Care,0.657,0.0531,2.0,-25.421,1.0,0.0332,0.964,0.963,0.107,0.432,100.058,4.0
spotify:track:4l3ICEwP2v2ECyMwxhVM3u,interlinked x present,interlinked x present,ciaffa,2023-09-19,95930.0,0.0,False,31udizgfi2h3meqkpgl7biswp3rq,2024-04-19T21:10:02Z,,ciaffa Records,0.456,0.317,8.0,-21.026,1.0,0.0559,0.813,0.0,0.208,0.22,67.173,4.0
spotify:track:2XZ3d4N1Y2ID52g5iIvsAq,interlinked,interlinked,The Lonely Tree,2022-12-03,55587.0,50.0,False,31udizgfi2h3meqkpgl7biswp3rq,2024-04-19T21:11:08Z,,The Lonely Tree,0.416,0.26,1.0,-11.978,1.0,0.0514,0.915,0.0,0.116,0.221,83.972,5.0
spotify:track:47UChCuw3nUfEtN2OQ6ab3,Aruarian Dance,Aruarian Dance,SUKI;skoomy;ciaffa,2023-12-10,227970.0,0.0,True,31udizgfi2h3meqkpgl7biswp3rq,2024-04-19T21:24:22Z,,skoomy,0.587,0.234,9.0,-24.679,0.0,0.0282,0.861,0.928,0.09,0.28,107.548,4.0
spotify:track:6jgkEbmQ2F2onEqsEhiliL,My Kind of Woman,2,Mac DeMarco,2012-10-16,190845.0,84.0,False,31udizgfi2h3meqkpgl7biswp3rq,2024-04-20T03:20:21Z,"indie,lo-fi indie",Captured Tracks,0.501,0.765,6.0,-7.063,0.0,0.0281,0.00294,0.49,0.184,0.46,91.771,4.0
spotify:track:3poJLRLGViMX3gicX9UYtD,Advice,Trick,Alex G,2012-11-05,157973.0,62.0,False,31udizgfi2h3meqkpgl7biswp3rq,2024-04-20T03:20:23Z,,Lucky Number,0.356,0.611,10.0,-5.71,1.0,0.0289,0.000183,0.867,0.127,0.272,170.069,4.0
spotify:track:2LZ2CNbcbJrwh53pitRgom,Silver Soul,Teen Dream,Beach House,2010-01-26,298680.0,70.0,False,31udizgfi2h3meqkpgl7biswp3rq,2024-04-20T03:20:25Z,dream pop,Sub Pop Records,0.356,0.67,2.0,-5.825,1.0,0.0324,0.467,0.000106,0.288,0.117,135.032,4.0
spotify:track:4p9iQNEmsIGkB6eG8Val8n,Mary,Trick,Alex G,2012-11-05,197733.0,72.0,True,31udizgfi2h3meqkpgl7biswp3rq,2024-04-20T03:20:28Z,,Lucky Number,0.693,0.467,4.0,-9.558,0.0,0.043,0.0497,0.452,0.107,0.402,105.955,4.0
spotify:track:2aaCNg42RA74s0EmHTBqS7,No Other Heart,Another One,Mac DeMarco,2015-08-07,173117.0,82.0,False,31udizgfi2h3meqkpgl7biswp3rq,2024-04-20T03:20:33Z,"indie,lo-fi indie",Captured Tracks,0.67,0.684,2.0,-7.47,1.0,0.0242,0.513,0.0103,0.126,0.852,94.261,4.0
spotify:track:4zyHmSSneytuFEdU2TbU7w,unknown feelings,unknown feelings,Novulent,2023-05-17,134627.0,70.0,False,31udizgfi2h3meqkpgl7biswp3rq,2024-04-20T03:42:16Z,shoegaze,The Royals,0.45,0.485,1.0,-9.296,0.0,0.0281,0.889,0.933,0.109,0.197,164.037,4.0
spotify:track:0UV5zxRMz6AO4ZwUOZNIKI,Where'd All the Time Go?,"Shame, Shame (Deluxe Edition)",Dr. Dog,2010-11-02,234800.0,83.0,False,31udizgfi2h3meqkpgl7biswp3rq,2024-04-20T23:56:10Z,,Anti/Epitaph,0.454,0.82,2.0,-4.193,1.0,0.0567,0.132,0.000969,0.115,0.575,166.303,4.0
spotify:track:4k6Uh1HXdhtusDW5y8Gbvy,Bad Habit,Gemini Rights,Steve Lacy,2022-07-15,232114.0,87.0,True,31udizgfi2h3meqkpgl7biswp3rq,2024-04-20T23:53:36Z,,L-M Records/RCA Records,0.686,0.494,1.0,-7.093,1.0,0.0355,0.613,5.8e-05,0.402,0.7,168.946,4.0
spotify:track:37y7iDayfwm3WXn5BiAoRk,Dark Red,Dark Red,Steve Lacy,2017-02-20,173104.0,4.0,False,31udizgfi2h3meqkpgl7biswp3rq,2024-04-20T23:56:16Z,,Three Quarter,0.603,0.783,6.0,-4.023,1.0,0.062,0.449,7.96e-06,0.119,0.775,172.041,4.0
spotify:track:5lcyIeEfwZTs8Ajw3kdF7P,Crack Rock,channel ORANGE,Frank Ocean,2012-07-10,224146.0,75.0,True,31udizgfi2h3meqkpgl7biswp3rq,2024-04-20T23:58:19Z,,Red Zone Entertainment / IDJ,0.429,0.736,5.0,-8.017,1.0,0.222,0.0696,0.0,0.0852,0.379,89.262,4.0
spotify:track:42QRyJd5x6e2TFR1S41g2p,Too Fast,Too Fast,Sonder,2016-10-25,308005.0,53.0,False,31udizgfi2h3meqkpgl7biswp3rq,2024-04-21T01:19:20Z,"dark r&b,r&b",Sonder,0.395,0.33,4.0,-10.924,0.0,0.0408,0.316,1.89e-05,0.268,0.102,98.813,3.0
spotify:track:5TuTHrKzN6NweeQaKkBNb7,Relax,Vibes,Vacations,2016,158573.0,70.0,False,31udizgfi2h3meqkpgl7biswp3rq,2024-04-22T15:24:10Z,,Nettwerk Music Group,0.471,0.881,11.0,-4.483,0.0,0.0467,0.0588,0.000378,0.26,0.544,169.898,4.0
spotify:track:6FVC9rfW90QNKrneugHLxy,Heart To Heart,Here Comes The Cowboy,Mac DeMarco,2019-05-10,211133.0,58.0,False,31udizgfi2h3meqkpgl7biswp3rq,2024-04-22T15:24:23Z,"indie,lo-fi indie",Royal Mountain Records,0.898,0.14,8.0,-16.095,0.0,0.0908,0.675,0.347,0.107,0.638,150.126,4.0
spotify:track:204t5SErksNRHRhU52g5JF,Oncle Jazz,Oncle Jazz,Men I Trust,2019-09-13,57876.0,60.0,False,31udizgfi2h3meqkpgl7biswp3rq,2024-04-22T15:24:40Z,"bedroom pop,indie pop,dream pop",Independent,0.712,0.311,0.0,-16.776,0.0,0.0535,0.528,0.761,0.0812,0.242,139.959,4.0
spotify:track:6K4t31amVTZDgR3sKmwUJJ,The Less I Know The Better,Currents,Tame Impala,2015-07-17,216320.0,91.0,True,31udizgfi2h3meqkpgl7biswp3rq,2024-04-22T15:24:48Z,"neo-psychedelic,indie",Universal Music Australia Pty. Ltd.,0.64,0.74,4.0,-4.083,1.0,0.0284,0.0115,0.00678,0.167,0.785,116.879,4.0
spotify:track:63q9LqTK5iiZLy3cTvLMUf,Another One,Another One,Mac DeMarco,2015-08-07,160991.0,73.0,False,31udizgfi2h3meqkpgl7biswp3rq,2024-04-22T15:25:12Z,"indie,lo-fi indie",Captured Tracks,0.694,0.407,1.0,-10.325,0.0,0.0276,0.823,0.021,0.106,0.719,147.682,4.0
spotify:track:1TQuqiFxqnVeez9OMq3emB,Home,Vibes,Vacations,2016,145666.0,66.0,False,31udizgfi2h3meqkpgl7biswp3rq,2024-04-22T15:25:22Z,,Nettwerk Music Group,0.643,0.671,9.0,-5.439,0.0,0.0246,0.00578,0.000641,0.107,0.412,89.9,4.0
spotify:track:01TyFEZu6mHbffsVfxgrFn,Show Me How,Show Me How,Men I Trust,2018-02-28,215110.0,2.0,False,31udizgfi2h3meqkpgl7biswp3rq,2024-04-22T15:25:41Z,"bedroom pop,indie pop,dream pop",Indie,0.791,0.267,5.0,-11.997,1.0,0.0415,0.674,0.534,0.102,0.544,165.99,4.0
spotify:track:4JYJU761kWJEK91hyug33F,Tree Among Shrubs,Untourable Album,Men I Trust,2021-08-25,188301.0,0.0,False,31udizgfi2h3meqkpgl7biswp3rq,2024-04-22T15:25:59Z,"bedroom pop,indie pop,dream pop",Independent,0.713,0.443,11.0,-11.704,0.0,0.0531,0.656,0.804,0.111,0.864,76.791,4.0
spotify:track:5LRzyLUOpeNZKZaIpj7SrF,Dreaming,2,Mac DeMarco,2012-10-16,147324.0,61.0,False,31udizgfi2h3meqkpgl7biswp3rq,2024-04-22T15:26:10Z,"indie,lo-fi indie",Captured Tracks,0.456,0.571,11.0,-8.384,1.0,0.0598,0.00854,0.0916,0.138,0.14,163.451,4.0
spotify:track:5a8QUc4ubHJqQm7vzs2YhA,i walk this earth all by myself,i walk this earth all by myself,EKKSTACY,2021-03-05,145634.0,1.0,True,31udizgfi2h3meqkpgl7biswp3rq,2024-04-22T15:26:28Z,,Ekkstacy,0.595,0.588,10.0,-11.313,1.0,0.0624,0.507,0.781,0.113,0.518,166.061,4.0
spotify:track:4hm33jVolpa22nzhlY72jD,Intermission,Taking My Time to Be,Strawberry Guy,2019-09-27,110181.0,65.0,False,31udizgfi2h3meqkpgl7biswp3rq,2024-04-22T15:26:48Z,bedroom pop,Melodic,0.444,0.418,11.0,-7.219,1.0,0.026,0.261,0.823,0.112,0.236,98.958,3.0
spotify:track:1c5CllrZr45UBhWpIqM332,Funny Thing,It Is What It Is,Thundercat,2020-04-03,116630.0,76.0,False,31udizgfi2h3meqkpgl7biswp3rq,2024-04-22T15:27:15Z,,Brainfeeder,0.586,0.893,7.0,-8.772,1.0,0.439,0.827,0.642,0.212,0.65,140.023,3.0
spotify:track:0RG8j42HXgn6fGTOIhEhzZ,Dreamin' Slow,2 Demos,Mac DeMarco,2013-11-15,156867.0,42.0,False,31udizgfi2h3meqkpgl7biswp3rq,2024-04-22T15:27:39Z,"indie,lo-fi indie",Captured Tracks,0.464,0.423,0.0,-14.801,0.0,0.0887,0.718,0.925,0.108,0.351,152.684,4.0
spotify:track:3jHdKaLCkuNEkWcLVmQPCX,BEST INTEREST,BEST INTEREST,"Tyler, The Creator",2020-01-25,127921.0,77.0,True,31udizgfi2h3meqkpgl7biswp3rq,2024-04-22T15:27:46Z,,Columbia,0.596,0.575,11.0,-8.325,0.0,0.0514,0.0861,0.000153,0.334,0.34,98.265,3.0
spotify:track:4RpwQDPnn1GhWpZooUcCzd,On the Level,This Old Dog,Mac DeMarco,2017-05-05,227653.0,71.0,False,31udizgfi2h3meqkpgl7biswp3rq,2024-04-22T15:28:01Z,"indie,lo-fi indie",Captured Tracks,0.573,0.473,8.0,-10.838,0.0,0.0269,0.0927,0.398,0.199,0.523,77.494,4.0
spotify:track:2iVlrw3jdHD0popF0iImnW,rose,ghetto cupid,jaydes,2023-08-29,126233.0,65.0,False,31udizgfi2h3meqkpgl7biswp3rq,2024-04-24T01:34:37Z,,jaydes,0.465,0.938,3.0,-7.189,1.0,0.0422,0.231,0.832,0.439,0.625,76.973,4.0
spotify:track:0BvpyzCi6f36IqdRHdA5Fp,Leave,Distressor,Whirr,2012-06-19,253443.0,0.0,False,31udizgfi2h3meqkpgl7biswp3rq,2024-04-24T01:39:05Z,"shoegaze,slowcore,dream pop",Graveface Records,0.21,0.797,8.0,-6.708,0.0,0.0454,0.000513,0.906,0.937,0.149,93.826,4.0
spotify:track:64nUZkvE9JB6jSj8QpmIbk,i just want to hold her,i'll be okay,sign crushes motorist,2022-08-05,232750.0,62.0,False,31udizgfi2h3meqkpgl7biswp3rq,2024-04-24T01:39:46Z,slowcore,sign crushes motorist,0.721,0.0544,11.0,-25.572,1.0,0.0467,0.991,0.929,0.103,0.0989,120.03,4.0
spotify:track:1acjIzGS1YUrx6nSuktnqU,Safe In Your Skin,Shed,Title Fight,2011-05-03,154800.0,52.0,False,31udizgfi2h3meqkpgl7biswp3rq,2024-04-24T01:40:21Z,"midwest emo,shoegaze,post-hardcore,melodic hardcore,emo",SideOneDummy Records,0.437,0.252,0.0,-11.114,1.0,0.0787,0.664,0.908,0.181,0.255,108.881,4.0
spotify:track:5WbfFTuIldjL9x7W6y5l7R,Kingston,Atlanta Millionaires Club,Faye Webster,2019-05-24,202653.0,79.0,False,31udizgfi2h3meqkpgl7biswp3rq,2024-04-26T12:25:59Z,,Secretly Canadian,0.73,0.355,10.0,-9.13,0.0,0.0359,0.154,0.00155,0.117,0.56,142.143,4.0
spotify:track:5UWwZ5lm5PKu6eKsHAGxOk,Everlong,The Colour And The Shape,Foo Fighters,1997-05-20,250546.0,88.0,False,31udizgfi2h3meqkpgl7biswp3rq,2024-04-29T04:26:28Z,"post-grunge,rock,alternative rock,grunge",RCA Records Label,0.413,0.881,11.0,-5.541,0.0,0.0367,5.99e-05,0.000308,0.0805,0.364,158.066,4.0
spotify:track:4rHfpAN2CK3H6eRWd7j7E0,Fear,A Different Age,Current Joys,2018-03-02,216539.0,1.0,False,31udizgfi2h3meqkpgl7biswp3rq,2024-05-19T17:31:09Z,lo-fi indie,Current Joys,0.716,0.447,2.0,-8.314,1.0,0.0388,0.701,0.429,0.0855,0.506,93.955,4.0
spotify:track:7EDcAz6iuKSkxH4VcC3Oko,I Wait for You,1234,alex_g_offline,2023-07-09,158104.0,77.0,False,31udizgfi2h3meqkpgl7biswp3rq,2024-05-19T17:31:10Z,,alex_g_offline,0.594,0.304,7.0,-14.389,1.0,0.036,0.956,0.00579,0.119,0.308,122.636,4.0
spotify:track:4ff1q6L0CZ3nf3LKJ1O7lY,16 Mirrors,Trick,Alex G,2012-11-05,87093.0,68.0,False,31udizgfi2h3meqkpgl7biswp3rq,2024-05-19T17:31:11Z,,Lucky Number,0.564,0.3,2.0,-7.349,1.0,0.0887,0.638,0.0022,0.101,0.0487,121.888,4.0
spotify:track:7s5VQqrjBtrBgZL4pEa46S,Romantic Lover,Let's Skip to the Wedding,Eyedress,2020-08-07,86739.0,26.0,False,31udizgfi2h3meqkpgl7biswp3rq,2024-05-19T17:31:11Z,,Lex Records,0.658,0.447,9.0,-9.299,0.0,0.0869,0.701,0.924,0.198,0.538,184.316,4.0
spotify:track:263KsGZODTZouh3RFGNaLX,Louise,French Exit,TV Girl,2014-06-05,194453.0,75.0,False,31udizgfi2h3meqkpgl7biswp3rq,2024-05-19T17:31:11Z,,TV Girl,0.727,0.919,0.0,-4.562,1.0,0.0285,0.165,0.0111,0.306,0.92,115.816,4.0
spotify:track:5QmdK8QFbY8TLVKPuJzexD,Dark Beach,Abyss,Pastel Ghost,2015-03-10,222000.0,4.0,False,31udizgfi2h3meqkpgl7biswp3rq,2024-06-07T21:08:48Z,"witch house,darkwave",Cleopatra Records,0.534,0.919,7.0,-7.318,1.0,0.0355,0.284,0.591,0.092,0.153,130.03,4.0
spotify:track:7Ko1ZXgGku1hjFH7LIfD33,Become the Warm Jets,A Different Age,Current Joys,2018-03-02,334901.0,1.0,False,31udizgfi2h3meqkpgl7biswp3rq,2024-05-19T17:31:12Z,lo-fi indie,Current Joys,0.44,0.227,7.0,-15.486,1.0,0.0459,0.772,0.00144,0.0951,0.0844,132.354,4.0
spotify:track:0j3mqDTK4Z6lvrLzFCUUz6,Good Looking,Good Looking,Suki Waterhouse,2022-08-18,214800.0,12.0,False,31udizgfi2h3meqkpgl7biswp3rq,2024-05-19T17:31:13Z,,Sub Pop Records,0.365,0.554,4.0,-9.076,1.0,0.03,0.079,0.000358,0.125,0.259,150.11,3.0
spotify:track:0qOCy2LqvdkMora7eZsJhQ,From the Subway Train,Angel Youth,Vansire,2018-04-26,57370.0,66.0,False,31udizgfi2h3meqkpgl7biswp3rq,2024-05-19T17:31:13Z,bedroom pop,Vansire,0.392,0.429,5.0,-10.279,0.0,0.0462,0.527,0.015,0.217,0.105,72.104,4.0
spotify:track:6ZLt6fyonW1xOGMBC9vJPJ,How To Never Stop Being Sad,It's All In Your Head,dandelion hands,2013-01-01,130742.0,71.0,False,31udizgfi2h3meqkpgl7biswp3rq,2024-05-19T17:31:14Z,spoken word,dandelion hands,0.414,0.245,7.0,-17.929,1.0,0.0429,0.952,0.761,0.104,0.132,97.236,5.0
spotify:track:0oxYB9GoOIDrdzniNdKC44,When the Sun Hits,Souvlaki,Slowdive,1993,285906.0,79.0,False,31udizgfi2h3meqkpgl7biswp3rq,2024-05-19T17:31:14Z,"shoegaze,dream pop,slowcore",Creation Records,0.33,0.532,2.0,-11.764,1.0,0.0263,0.00101,0.709,0.101,0.218,93.512,4.0
spotify:track:2c4Est3dxGfn834VReid5d,Safeword,Who Really Cares,TV Girl,2016-02-25,216762.0,69.0,False,31udizgfi2h3meqkpgl7biswp3rq,2024-05-19T17:31:14Z,,TV Girl,0.631,0.487,0.0,-7.407,1.0,0.0395,0.273,0.0636,0.185,0.142,123.498,4.0
spotify:track:5ExWCOYjZbMEZCIdlfH2dO,Song About Me,Who Really Cares,TV Girl,2016-02-25,243727.0,71.0,True,31udizgfi2h3meqkpgl7biswp3rq,2024-05-19T17:31:14Z,,TV Girl,0.625,0.949,4.0,-4.714,0.0,0.0561,0.00456,0.00506,0.645,0.496,100.639,4.0
spotify:track:6RiiSy9GzSwiyDEJDiMuKe,Something About You,Mulholland Drive,Eyedress;Dent May,2021-08-27,153312.0,34.0,False,31udizgfi2h3meqkpgl7biswp3rq,2024-05-19T17:31:15Z,,Lex Records,0.648,0.781,9.0,-8.736,0.0,0.0271,0.0332,0.013,0.305,0.822,133.417,4.0
spotify:track:50gchdAhBUnVOLqQRyKE9L,Race,Race,Alex G,2010-01-01,223255.0,73.0,True,31udizgfi2h3meqkpgl7biswp3rq,2024-05-19T17:31:15Z,,Many Hats Distribution,0.261,0.641,9.0,-5.549,1.0,0.0472,0.0222,0.000332,0.112,0.0959,85.982,4.0
spotify:track:6IPwKM3fUUzlElbvKw2sKl,we fell in love in october,we fell in love in october / October Passed Me By,girl in red,2018-11-21,184153.0,86.0,False,31udizgfi2h3meqkpgl7biswp3rq,2024-05-24T01:26:43Z,bedroom pop,world in red,0.566,0.366,7.0,-12.808,1.0,0.028,0.113,0.181,0.155,0.237,129.96,4.0
spotify:track:4rHfpAN2CK3H6eRWd7j7E0,Fear,A Different Age,Current Joys,2018-03-02,216539.0,1.0,False,31udizgfi2h3meqkpgl7biswp3rq,2024-05-19T17:31:15Z,lo-fi indie,Current Joys,0.716,0.447,2.0,-8.314,1.0,0.0388,0.701,0.429,0.0855,0.506,93.955,4.0
spotify:track:7EDcAz6iuKSkxH4VcC3Oko,I Wait for You,1234,alex_g_offline,2023-07-09,158104.0,77.0,False,31udizgfi2h3meqkpgl7biswp3rq,2024-05-19T17:31:16Z,,alex_g_offline,0.594,0.304,7.0,-14.389,1.0,0.036,0.956,0.00579,0.119,0.308,122.636,4.0
spotify:track:4ff1q6L0CZ3nf3LKJ1O7lY,16 Mirrors,Trick,Alex G,2012-11-05,87093.0,68.0,False,31udizgfi2h3meqkpgl7biswp3rq,2024-05-19T17:31:16Z,,Lucky Number,0.564,0.3,2.0,-7.349,1.0,0.0887,0.638,0.0022,0.101,0.0487,121.888,4.0
spotify:track:7s5VQqrjBtrBgZL4pEa46S,Romantic Lover,Let's Skip to the Wedding,Eyedress,2020-08-07,86739.0,26.0,False,31udizgfi2h3meqkpgl7biswp3rq,2024-05-19T17:31:16Z,,Lex Records,0.658,0.447,9.0,-9.299,0.0,0.0869,0.701,0.924,0.198,0.538,184.316,4.0
spotify:track:3jfZ9M23l0L7RxzYMTgBTv,Looking Out for You,Looking Out for You,Joy Again,2016-01-15,179499.0,81.0,False,31udizgfi2h3meqkpgl7biswp3rq,2024-05-19T17:31:16Z,,Arista Records,0.682,0.9,9.0,-5.028,1.0,0.0874,0.0884,0.063,0.0685,0.937,100.721,4.0
spotify:track:263KsGZODTZouh3RFGNaLX,Louise,French Exit,TV Girl,2014-06-05,194453.0,75.0,False,31udizgfi2h3meqkpgl7biswp3rq,2024-05-19T17:31:17Z,,TV Girl,0.727,0.919,0.0,-4.562,1.0,0.0285,0.165,0.0111,0.306,0.92,115.816,4.0
spotify:track:7Ko1ZXgGku1hjFH7LIfD33,Become the Warm Jets,A Different Age,Current Joys,2018-03-02,334901.0,1.0,False,31udizgfi2h3meqkpgl7biswp3rq,2024-05-19T17:31:17Z,lo-fi indie,Current Joys,0.44,0.227,7.0,-15.486,1.0,0.0459,0.772,0.00144,0.0951,0.0844,132.354,4.0
spotify:track:5iMXCDWA4FxPNcOnq0HrpJ,A Different Age,A Different Age,Current Joys,2018-03-02,412418.0,0.0,False,31udizgfi2h3meqkpgl7biswp3rq,2024-05-24T01:26:52Z,lo-fi indie,Current Joys,0.627,0.371,2.0,-10.621,1.0,0.0269,0.638,0.0672,0.0759,0.361,143.932,4.0
spotify:track:0WtpmOdvvDUtxxZ5U3YH4c,Dramamine,Dramamine / Fragility,Flawed Mangoes,2024-04-10,205714.0,0.0,False,31udizgfi2h3meqkpgl7biswp3rq,2024-06-07T21:07:14Z,,its nbd,0.534,0.383,3.0,-13.453,1.0,0.032,0.907,0.905,0.111,0.157,112.032,4.0
spotify:track:5E9qBEUja2yAjUPhQO8Gx7,life imitates life,kenopsia,quannnic,2022-02-28,203294.0,66.0,True,31udizgfi2h3meqkpgl7biswp3rq,2024-06-07T21:07:33Z,shoegaze,deadAir,0.163,0.896,1.0,-1.333,1.0,0.0437,0.0671,0.00272,0.38,0.0738,85.021,4.0
spotify:track:2fJcCZXjaPx86LQymV6Ufu,magic,sounds,Medasin;MAE.SUN;Sara Kawai,2024-03-22,356990.0,70.0,False,31udizgfi2h3meqkpgl7biswp3rq,2024-06-07T21:08:08Z,future bass,Medasin Music,0.0922,0.156,9.0,-25.616,0.0,0.0318,0.957,0.905,0.206,0.0736,84.569,3.0
spotify:track:1sSWeebrHxMLdixWRgs778,a way out,a way out,my head is empty;Miranda Rain,2023-05-26,135418.0,70.0,False,31udizgfi2h3meqkpgl7biswp3rq,2024-06-07T21:08:55Z,"dark ambient,ambient",my head is empty x Miranda Rain,0.138,0.0372,4.0,-31.301,0.0,0.0349,0.958,0.928,0.111,0.0945,142.242,3.0
spotify:track:3tpW867TC7xb2By2kiwTDk,Run On Sentence,Killswitch Melodies,Flawed Mangoes,2023-12-08,214042.0,46.0,False,31udizgfi2h3meqkpgl7biswp3rq,2024-06-07T21:08:58Z,,its nbd,0.494,0.439,4.0,-12.362,1.0,0.0273,0.916,0.919,0.124,0.0883,140.991,4.0
spotify:track:3htYFunt7YtsGChtMlHmkc,Cold,Cold,Flawed Mangoes,2024-05-15,201081.0,0.0,False,31udizgfi2h3meqkpgl7biswp3rq,2024-06-07T21:09:15Z,,its nbd,0.506,0.413,7.0,-11.94,1.0,0.0318,0.938,0.925,0.0925,0.173,147.961,4.0
spotify:track:4xF4ZBGPZKxECeDFrqSAG4,snowfall,snowfall,Øneheart;reidenshi,2022-01-14,124065.0,84.0,False,31udizgfi2h3meqkpgl7biswp3rq,2024-06-07T21:10:07Z,"dark ambient,ambient",Øneheart & reidenshi,0.466,0.0918,10.0,-26.813,1.0,0.0269,0.929,0.803,0.439,0.0841,95.014,4.0
spotify:track:1yA3IFxUIEIRvzAQgVClZI,rain inside,rain inside,Øneheart;Antent,2022-12-02,106777.0,65.0,False,31udizgfi2h3meqkpgl7biswp3rq,2024-06-07T21:10:31Z,"dark ambient,ambient",Øneheart x Antent,0.234,0.0122,11.0,-31.328,1.0,0.0318,0.986,0.781,0.104,0.0421,68.206,3.0
spotify:track:7H0ya83CMmgFcOhw0UB6ow,Space Song,Depression Cherry,Beach House,2015-08-28,320466.0,79.0,False,31udizgfi2h3meqkpgl7biswp3rq,2024-06-07T21:14:09Z,dream pop,Sub Pop Records,0.508,0.792,0.0,-7.311,0.0,0.0297,0.229,0.124,0.145,0.601,147.067,4.0
spotify:track:2lO8mP1QvI7RizGcBYQ7Mx,How - demo,diary 001,Clairo,2018-05-25,127040.0,2.0,False,31udizgfi2h3meqkpgl7biswp3rq,2024-06-14T02:43:41Z,bedroom pop,FADER Label,0.649,0.428,8.0,-4.584,0.0,0.0313,0.766,0.00294,0.0816,0.514,77.057,4.0
spotify:track:0y60itmpH0aPKsFiGxmtnh,Wait a Minute!,ARDIPITHECUS,WILLOW,2015-01-11,196520.0,86.0,False,31udizgfi2h3meqkpgl7biswp3rq,2024-06-14T02:44:36Z,,Roc Nation W Smith P&D,0.764,0.705,3.0,-5.279,0.0,0.0278,0.0371,1.94e-05,0.0943,0.672,101.003,4.0
spotify:track:7EkWXAI1wn8Ii883ecd9xr,Freaks,Freaks,Surf Curse,2021-05-15,147062.0,87.0,False,31udizgfi2h3meqkpgl7biswp3rq,2024-06-14T03:08:32Z,indie,Surf Curse,0.345,0.941,9.0,-9.918,1.0,0.0466,3.84e-05,0.633,0.0511,0.407,179.626,4.0
spotify:track:4S4QJfBGGrC8jRIjJHf1Ka,Pain,to hell with it,PinkPantheress,2021-10-15,98544.0,83.0,False,31udizgfi2h3meqkpgl7biswp3rq,2024-06-14T03:08:52Z,bedroom pop,Parlophone UK,0.829,0.617,1.0,-8.497,1.0,0.14,0.227,0.00306,0.0618,0.81,125.605,4.0
spotify:track:4p9iQNEmsIGkB6eG8Val8n,Mary,Trick,Alex G,2012-11-05,197733.0,72.0,True,31udizgfi2h3meqkpgl7biswp3rq,2024-04-17T21:58:13Z,,Lucky Number,0.693,0.467,4.0,-9.558,0.0,0.043,0.0497,0.452,0.107,0.402,105.955,4.0
spotify:track:4riDfclV7kPDT9D58FpmHd,Some,Some,Steve Lacy,2016-10-31,118393.0,78.0,True,31udizgfi2h3meqkpgl7biswp3rq,2024-06-14T03:09:35Z,,L-M Records,0.784,0.554,7.0,-6.417,1.0,0.03,0.00548,0.254,0.0995,0.634,104.01,4.0
spotify:track:7DcJ6fEBb7BaKuYKTwiDxK,Homage,Skiptracing,Mild High Club,2016-08-26,177493.0,76.0,False,31udizgfi2h3meqkpgl7biswp3rq,2024-06-14T03:14:38Z,neo-psychedelic,Stones Throw Records,0.546,0.465,5.0,-8.167,1.0,0.0287,0.153,0.00259,0.321,0.415,73.369,4.0
spotify:track:2QjOHCTQ1Jl3zawyYOpxh6,Sweater Weather,I Love You.,The Neighbourhood,2013-04-22,240400.0,94.0,False,31udizgfi2h3meqkpgl7biswp3rq,2024-06-14T03:16:14Z,,Columbia,0.612,0.807,10.0,-2.81,1.0,0.0336,0.0495,0.0177,0.101,0.398,124.053,4.0
spotify:track:7KWhn1J1ALqw2grLMgZoy7,Limerence,Mono No Aware,Yves Tumor,2017-03-17,329361.0,0.0,False,31udizgfi2h3meqkpgl7biswp3rq,2024-07-29T19:55:04Z,,PAN,0.325,0.321,8.0,-16.623,1.0,0.0301,0.889,0.202,0.115,0.711,182.077,3.0
spotify:track:1r232i80xFiNHzSUmrFc01,this feeling,this feeling,Øneheart,2022-02-18,94333.0,70.0,False,31udizgfi2h3meqkpgl7biswp3rq,2024-08-01T01:30:58Z,"dark ambient,ambient",Øneheart,0.172,0.0173,10.0,-33.655,0.0,0.0358,0.916,0.766,0.115,0.0644,180.141,4.0
spotify:track:784VjdNkpXhFV0RHquzsi2,100,BLACK METAL,Dean Blunt,2014-11-03,200906.0,73.0,False,31udizgfi2h3meqkpgl7biswp3rq,2024-09-02T03:09:04Z,,Rough Trade,0.613,0.807,10.0,-6.47,0.0,0.0246,0.000406,0.065,0.267,0.482,102.205,4.0
spotify:track:3v5BhAvtL0RQEdAxg4BjpW,poison tree,poison tree,Unjaps,2023-12-08,209583.0,0.0,False,31udizgfi2h3meqkpgl7biswp3rq,2024-09-03T00:22:48Z,afro soul,Unjaps AB,0.169,0.205,6.0,-24.415,0.0,0.0328,0.976,0.725,0.0906,0.28,98.553,4.0
spotify:track:5txM7neZKH9qxHqHrQR73R,skin,year of the cat,otuka,2024-01-26,110319.0,69.0,True,31udizgfi2h3meqkpgl7biswp3rq,2024-09-19T04:00:09Z,shoegaze,otuka,0.481,0.698,2.0,-7.056,1.0,0.0396,0.000303,0.217,0.199,0.0527,122.961,4.0
spotify:track:7nGV2pT9BWjx9jYXkCwAJI,Drown,The Loved One,Strange Boutique,1991-08-01,278025.0,59.0,False,31udizgfi2h3meqkpgl7biswp3rq,2024-09-19T04:31:31Z,"gothic rock,deathrock,darkwave",1288248 Records DK,0.485,0.647,6.0,-7.733,0.0,0.027,0.392,0.746,0.0925,0.545,114.213,4.0
spotify:track:0UYnhUfnUj5adChuAXvLUB,Sailor Song,Sailor Song,Gigi Perez,2024-07-26,211978.0,4.0,False,31udizgfi2h3meqkpgl7biswp3rq,2024-09-21T20:23:47Z,,Gigi Perez,0.492,0.416,11.0,-10.439,1.0,0.0254,0.686,8.61e-05,0.203,0.297,94.926,4.0
spotify:track:11iIikXxC6NP0Ma8vMD27x,Alien Blues,Gawk,Vundabar,2015-07-24,155933.0,79.0,True,31udizgfi2h3meqkpgl7biswp3rq,2024-09-21T20:26:51Z,,Gawk Records under exclusive license to Amuseio AB,0.467,0.757,3.0,-5.093,1.0,0.033,0.0807,0.908,0.0876,0.433,82.282,4.0
spotify:track:5h8mMDgymYYbKfdqhrdwZY,zombie,zombie,Max Fry,2023-06-09,131433.0,59.0,True,31udizgfi2h3meqkpgl7biswp3rq,2024-09-21T20:30:58Z,,"Max Fry, in partnership with Don't Be Greedy Records",0.585,0.763,0.0,-6.057,0.0,0.0402,0.000109,0.00605,0.0816,0.257,153.183,4.0
spotify:track:79kYL6ssks9MT1Ruo1lMeq,Memory limitations in artificial intelligence,Between Two Worlds,Infinity Frequencies,2018-06-28,116354.0,52.0,False,31udizgfi2h3meqkpgl7biswp3rq,2024-09-25T23:49:01Z,"vaporwave,plunderphonics",Infinity Frequencies,0.0,0.0011,1.0,-26.492,1.0,0.0,0.996,0.991,0.0956,0.0,0.0,0.0
spotify:track:7fOy0a8wr6ucr5tPjWJf2N,A faint signal,Between Two Worlds,Infinity Frequencies,2018-06-28,109142.0,61.0,False,31udizgfi2h3meqkpgl7biswp3rq,2024-09-25T23:49:33Z,"vaporwave,plunderphonics",Infinity Frequencies,0.391,0.0698,1.0,-19.761,0.0,0.0412,0.993,0.37,0.148,0.447,63.467,4.0
spotify:track:5PHSyGMwRTpB2iP6pYjoWV,Ww,Not Songs,Other Nothing,2019-06-28,93000.0,3.0,False,31udizgfi2h3meqkpgl7biswp3rq,2024-10-22T00:00:02Z,,Other Nothing,0.0,0.0284,5.0,-29.914,1.0,0.0,0.945,0.833,0.112,0.0,0.0,0.0
spotify:track:6boe8hpFDRLnFVdesdFu57,Zelda's Lullaby / Count Me Out (Medley),Zelda's Lullaby / Count Me Out (Medley),Sviral.,2023-10-23,158709.0,0.0,False,31udizgfi2h3meqkpgl7biswp3rq,2024-10-22T00:01:30Z,,Trillex Music Group,0.293,0.0159,11.0,-31.675,1.0,0.041,0.918,0.754,0.111,0.198,73.08,3.0
spotify:track:3qgd8LLUqfEc2nsjptAkld,voice vi - Remaster,melanchole (remaster),salvia palth,2016-06-21,90000.0,42.0,False,31udizgfi2h3meqkpgl7biswp3rq,2024-10-22T00:01:44Z,"slowcore,lo-fi indie",Searching Transmissions,0.171,0.0928,11.0,-32.388,1.0,0.0477,0.85,0.959,0.11,0.0385,119.123,4.0
spotify:track:2NaGl56lq71UMzDSI8jmJ3,Away,Vibes,Vacations,2016,162333.0,67.0,False,31udizgfi2h3meqkpgl7biswp3rq,2024-11-10T04:17:57Z,,Nettwerk Music Group,0.576,0.915,8.0,-5.729,0.0,0.0277,0.0124,0.946,0.0856,0.961,111.021,4.0
spotify:track:6yR4gnNVG4RZQjmouHNmb2,Bleed,Accept,Dead Calm,2023-09-29,181312.0,74.0,False,31udizgfi2h3meqkpgl7biswp3rq,2024-11-10T04:34:18Z,"midwest emo,slowcore",Dead Calm,0.61,0.377,8.0,-14.732,0.0,0.0317,0.743,0.0673,0.143,0.52,100.042,4.0
spotify:track:1cCbsojaA6GIT7Y3zuMJ1q,Nangs,Currents,Tame Impala,2015-07-17,107533.0,76.0,False,31udizgfi2h3meqkpgl7biswp3rq,2024-11-20T14:06:09Z,"neo-psychedelic,indie",Universal Music Australia Pty. Ltd.,0.536,0.526,0.0,-9.754,1.0,0.181,0.159,0.847,0.128,0.434,167.608,4.0
spotify:track:19aUuDd6udp1ACNo9t3IuZ,Death Cup,Best Buds,Mom Jeans.,2016-07-03,276000.0,70.0,True,31udizgfi2h3meqkpgl7biswp3rq,2024-11-26T00:22:15Z,"midwest emo,emo,indie punk,math rock",Mom Jeans. and Many Hats Distribution with Sequel Music Group,0.353,0.749,1.0,-9.339,1.0,0.0411,0.0926,0.000553,0.166,0.574,85.983,4.0
spotify:track:40U4vOjigHhYWs8uh2r2hH,Whiskey Tango Foxtrot? Lima Oscar Lima!,First CD,pennines,2024-10-28,320182.0,54.0,False,31udizgfi2h3meqkpgl7biswp3rq,2024-11-26T00:24:43Z,"midwest emo,math rock",pennines,0.642,0.724,7.0,-4.749,1.0,0.037,0.151,0.427,0.109,0.573,87.766,4.0
spotify:track:0DwVfCYLrVXgvejYbWwZAd,Break It Off,Break It Off,PinkPantheress,2021-06-04,95317.0,67.0,False,31udizgfi2h3meqkpgl7biswp3rq,2024-11-26T00:28:43Z,bedroom pop,Parlophone UK,0.544,0.888,6.0,-5.003,0.0,0.116,0.00311,7.8e-06,0.076,0.746,171.69,4.0
spotify:track:3VCXx37jNGNOMns6z2OnvJ,Swing Lynn,I'm Sure,Harmless,2012-08-14,321438.0,77.0,False,31udizgfi2h3meqkpgl7biswp3rq,2024-11-26T00:31:05Z,,Nettwerk Music Group,0.464,0.945,2.0,-1.815,1.0,0.0401,0.0506,0.756,0.112,0.453,165.177,4.0
spotify:track:5izbsJIjDKUrwwnsePlOKO,"No I Don't Want, Just Anyone",Our Remedy,Shiloh Dynasty;Unclenathannn,2018-03-19,123952.0,53.0,True,31udizgfi2h3meqkpgl7biswp3rq,2024-11-26T00:34:30Z,,Create Capital,0.54,0.373,0.0,-11.886,1.0,0.129,0.491,0.0116,0.191,0.325,133.821,4.0
spotify:track:7dske6urksCA0zJfee3c1l,Can i love you,Rain,Shiloh Dynasty,2021-05-02,130332.0,57.0,False,31udizgfi2h3meqkpgl7biswp3rq,2024-11-26T00:35:50Z,,Create Capital,0.572,0.153,4.0,-22.784,0.0,0.382,0.606,0.241,0.249,0.574,179.758,4.0
spotify:track:1qGeJbTwk2ZvimwSGDiwTP,Alone (In Our Special Place),So True,Grunkey,2022-03-18,323370.0,2.0,False,31udizgfi2h3meqkpgl7biswp3rq,2024-11-30T18:49:49Z,,Grunkey,0.44,0.624,2.0,-7.924,1.0,0.3,0.0296,7.75e-05,0.105,0.261,139.949,4.0
spotify:track:0yOf4dgkVq8jbB2zxVK8Zj,August 10,Broken Girl,Julie Doiron,1996-04-01,178000.0,78.0,False,31udizgfi2h3meqkpgl7biswp3rq,2024-12-03T00:46:33Z,slowcore,Jagjaguwar,0.511,0.0641,7.0,-15.943,1.0,0.0418,0.0394,0.0092,0.0897,0.35,115.351,4.0
spotify:track:2Auy5a07vbfXEGUaitLymP,NOT THAT I'M ANYWHERE,BLACK PLEASURE 2012,Cities Aviv,2012-11-12,173072.0,0.0,True,31udizgfi2h3meqkpgl7biswp3rq,2024-12-03T01:44:10Z,"experimental hip hop,cloud rap",Total Works,0.474,0.884,7.0,-4.782,1.0,0.324,0.0951,0.904,0.128,0.324,139.954,4.0
spotify:track:0kxDkUxEAu1x03mbOiZtLw,where are you?,where are you?,Saraphina Echoes,2024-03-08,77241.0,0.0,False,31udizgfi2h3meqkpgl7biswp3rq,2024-12-03T01:45:14Z,"ambient,dark ambient",Saraphina Echoes,0.182,0.315,11.0,-20.687,1.0,0.0324,0.523,0.925,0.127,0.115,173.99,3.0
spotify:track:013L1ZodWo9Ax2g9LejC9O,Goodnight Dad I Love You,None of This Was Your Fault,Wishing,2020-04-01,163992.0,62.0,False,31udizgfi2h3meqkpgl7biswp3rq,2024-12-03T01:45:28Z,slowcore,Wishing and Many Hats Endeavors,0.164,0.516,1.0,-15.492,1.0,0.0543,0.93,0.929,0.0857,0.039,127.276,4.0
spotify:track:3xO7yLHU8cTglvxXHFdrSc,retire (final),hurry up mixtape,Alvedon,2021-08-01,214588.0,0.0,False,31udizgfi2h3meqkpgl7biswp3rq,2024-12-03T01:47:23Z,,Alvedon,0.196,0.416,8.0,-21.096,0.0,0.0412,0.813,0.933,0.12,0.399,96.06,3.0
spotify:track:06E5KyqnDTueEbdT22FFvM,School Rooftop,School Rooftop,Hisohkah;WMD,2020-12-07,167967.0,65.0,False,31udizgfi2h3meqkpgl7biswp3rq,2024-12-03T01:50:02Z,electroacoustic,hisohkah & WMD,0.85,0.28,1.0,-8.77,1.0,0.23,0.0931,0.606,0.0867,0.28,82.872,4.0
spotify:track:0bmVH05tjN9jVh3kB1TfpR,In This Darkness,In This Darkness,Clara La San,2023-01-29,197000.0,79.0,False,31udizgfi2h3meqkpgl7biswp3rq,2024-12-24T15:47:40Z,,CLS Music,0.647,0.228,2.0,-19.288,1.0,0.0668,0.841,0.00149,0.108,0.189,119.828,4.0
spotify:track:4erwYglMYF98sRWNH3hKRi,Just for Now,Speak for Yourself,Imogen Heap,2005-07-18,180303.0,26.0,False,31udizgfi2h3meqkpgl7biswp3rq,2025-01-12T17:48:43Z,,Megaphonic,0.45,0.376,3.0,-9.139,1.0,0.0286,0.82,1.74e-06,0.123,0.465,149.918,4.0
spotify:track:34dkZZNQJzEJRqPkywYmEY,A Quick One Before the Eternal Worm Devours Connecticut,Deathconsciousness,Have A Nice Life,2008-01-01,472695.0,66.0,False,31udizgfi2h3meqkpgl7biswp3rq,2025-01-11T17:58:50Z,"shoegaze,slowcore",The Flenser,0.365,0.172,9.0,-19.388,1.0,0.0336,0.608,0.93,0.305,0.0369,74.53,3.0
spotify:track:7BaxYnTazocAOK3istsW1z,You're Not The Only One I Know,"Reading, Writing And Arithmetic",The Sundays,1990,230167.0,66.0,False,31udizgfi2h3meqkpgl7biswp3rq,2025-01-11T17:59:15Z,"dream pop,jangle pop",Geffen,0.516,0.447,0.0,-12.263,1.0,0.0266,0.191,0.0,0.316,0.682,98.002,4.0
spotify:track:3KiKpbpJp9QKuTZb9ocfJi,For Love,Spooky,Lush,1992-01-27,209133.0,55.0,False,31udizgfi2h3meqkpgl7biswp3rq,2025-01-11T18:01:02Z,"shoegaze,dream pop,britpop,slowcore",4AD,0.509,0.611,6.0,-11.036,0.0,0.0291,0.15,0.0,0.107,0.9,129.926,4.0
spotify:track:6jEqBrapfygeEbxdVqMlvl,Alley Cat,Don't Suffer Alone / Alley Cat,all under heaven,2022-05-27,142857.0,50.0,False,31udizgfi2h3meqkpgl7biswp3rq,2025-01-11T18:06:53Z,shoegaze,Sunday Drive,0.408,0.888,8.0,-6.74,0.0,0.0397,8.9e-05,0.805,0.432,0.524,112.238,5.0
spotify:track:6dZJqfY8aRqJvWRyr3BCC4,dull_pleasure.mp3,dull_pleasure.mp3,analog_mannequin,2023-01-13,284342.0,38.0,False,31udizgfi2h3meqkpgl7biswp3rq,2025-01-17T11:55:32Z,dark ambient,analog_mannequin,,,,,,,,,,,,
spotify:track:3cjvqsvvU80g7WJPMVh8iq,Genesis,Visions,Grimes,2012-02-21,255320.0,73.0,False,31udizgfi2h3meqkpgl7biswp3rq,2025-01-16T13:13:44Z,art pop,4AD,0.611,0.677,10.0,-6.745,0.0,0.034,0.0764,0.0698,0.241,0.233,166.04,4.0
spotify:track:61iJknbAXSuBflDz3vSQ0b,U Weren't Here I Really Miss You,U Weren't Here I Really Miss You,Cult Member;Mia Martina,2019-10-03,160194.0,73.0,False,31udizgfi2h3meqkpgl7biswp3rq,2025-01-16T14:42:46Z,lo-fi house,broke,0.665,0.713,7.0,-5.918,1.0,0.117,0.0223,0.911,0.574,0.494,123.004,4.0
spotify:track:2E5siDExJUc8KrFbFgFaHS,Mourn,Everything Seems Better Now,Vs Self,2020-04-20,200583.0,52.0,False,31udizgfi2h3meqkpgl7biswp3rq,2025-01-20T20:49:48Z,"screamo,midwest emo,math rock,emo",4352079 Records DK2,0.343,0.647,9.0,-10.037,0.0,0.0361,0.0235,0.0195,0.113,0.354,118.192,4.0
spotify:track:0ZFQxmNIOj03o7OMaiPcVX,Alternative Outro,Alternative Trap,LUCKI,2013-02-25,290063.0,70.0,True,31udizgfi2h3meqkpgl7biswp3rq,2025-01-23T22:51:25Z,cloud rap,Lucki Eck$,0.287,0.442,11.0,-12.956,1.0,0.0422,0.911,0.000444,0.349,0.164,116.009,4.0
spotify:track:2QdcmNlQdW8iA4JEg29cgx,strangers,strangers,proderics;melodybloom,2024-03-16,135192.0,9.0,False,31udizgfi2h3meqkpgl7biswp3rq,2025-01-23T23:02:20Z,,svnlift records,0.668,0.634,4.0,-9.589,0.0,0.0282,0.729,0.353,0.097,0.776,134.004,4.0
spotify:track:1mr9eBIx3hx956G9XCr0w1,Memory Loop,Memory Loop,pillheaded;liminalgirl,2023-06-03,208475.0,0.0,False,31udizgfi2h3meqkpgl7biswp3rq,2025-01-23T23:04:31Z,,PILLHEADED EXCLUSIVES,0.375,0.277,8.0,-14.482,1.0,0.0304,0.896,0.163,0.107,0.478,94.887,4.0
spotify:track:4bJZb14CUhwPhKHKCgvDSt,my road with no ending,my road with no ending,ziao,2023-08-20,149133.0,27.0,False,31udizgfi2h3meqkpgl7biswp3rq,2025-01-23T23:07:09Z,"shoegaze,slowcore",3944689 Records DK,0.674,0.354,2.0,-15.183,1.0,0.0372,0.539,0.363,0.166,0.649,129.949,4.0
spotify:track:4BNT04XPD3HK3MOCIlvbtP,cats in the cold,cats in the cold,mage tears,2022-08-17,166435.0,70.0,False,31udizgfi2h3meqkpgl7biswp3rq,2025-01-23T23:15:23Z,"slowcore,lo-fi indie",Many Hats Distribution,0.283,0.0736,10.0,-24.165,1.0,0.0319,0.833,0.965,0.119,0.0707,134.24,3.0
spotify:track:0i5zjtoRR0U2715BEgUsdS,Ease,Whirr & Nothing (Split Version),Whirr,2014-11-14,206533.0,0.0,False,31udizgfi2h3meqkpgl7biswp3rq,2025-01-25T00:04:34Z,"shoegaze,slowcore,dream pop",Run For Cover Records,0.28,0.94,4.0,-5.597,0.0,0.0535,0.000832,0.781,0.156,0.406,159.188,4.0
spotify:track:36i15kanCjDkh8qn2CJWEW,strangers,strangers,proderics,2024-03-16,135192.0,0.0,False,31udizgfi2h3meqkpgl7biswp3rq,2025-02-16T22:20:24Z,,svnlift records,0.665,0.639,4.0,-9.591,0.0,0.028,0.727,0.289,0.0975,0.758,134.017,4.0
spotify:track:0gNpXNiopu6nXKRPnfQ89E,まほうのじゅうたん,おくりもの,百景,2009-04-29,244186.0,52.0,False,31udizgfi2h3meqkpgl7biswp3rq,2025-02-16T22:39:12Z,"math rock,japanese indie,midwest emo,post-rock,shoegaze",neiro,0.426,0.82,6.0,-3.234,0.0,0.0319,0.0517,0.949,0.316,0.667,171.979,3.0
spotify:track:5uGI2hG03LVWU0rrBirOw6,Orbitron,Capsule Losing Contact,Duster,2019-03-22,138266.0,61.0,False,31udizgfi2h3meqkpgl7biswp3rq,2025-02-16T22:42:38Z,"slowcore,shoegaze",Numero Group,0.49,0.411,2.0,-10.835,1.0,0.0303,0.0559,0.757,0.136,0.101,115.628,4.0
spotify:track:5spaPa138LCEdPJWZxmmFt,Entry Four,Entry Four,brynasfc?,2025-01-17,33384.0,0.0,False,31udizgfi2h3meqkpgl7biswp3rq,2025-02-17T20:09:05Z,,ASFC Music Group,0.69,0.116,7.0,-17.826,1.0,0.0565,0.99,0.081,0.125,0.704,71.962,3.0
spotify:track:6FSubofxTpfoYQNIwyjqiV,hes such a mystery,hes such a mystery,are you really fine?;khxznq,2025-01-20,67848.0,0.0,False,31udizgfi2h3meqkpgl7biswp3rq,2025-02-17T20:09:33Z,,Take Care,0.249,0.19,7.0,-23.458,0.0,0.0354,0.516,0.514,0.156,0.363,95.872,1.0
spotify:track:2dUdFvrSPOAtCE44qVfXTX,saigan,life,trustme,2024-11-01,63325.0,0.0,True,31udizgfi2h3meqkpgl7biswp3rq,2025-02-17T20:11:24Z,,Schulnotizen,0.57,0.374,9.0,-17.787,0.0,0.0701,0.0999,0.0829,0.145,0.558,106.099,4.0
spotify:track:5VJkWBIRsYK8LV4GFEC6uw,Gaara's loneliness,Gaara's loneliness,Sebinx,2025-01-01,178677.0,0.0,True,31udizgfi2h3meqkpgl7biswp3rq,2025-02-17T20:11:43Z,,FMDistro,0.38,0.433,9.0,-14.538,1.0,0.185,0.924,8.48e-06,0.36,0.312,76.364,4.0
spotify:track:77ymf9vnoezSI5i9Cz2htC,Ohsxnta Change Instrumental Looped,Ohsxnta Change Instrumental Looped,Weakmentalityy,2024-12-18,169319.0,0.0,False,31udizgfi2h3meqkpgl7biswp3rq,2025-02-17T20:12:05Z,,Weakmentalityy,0.153,0.0188,4.0,-18.454,1.0,0.037,0.995,0.959,0.132,0.163,91.437,5.0
spotify:track:1bce41O2TbR5zn5SCekU6A,peace in the unknown,i have no one,limly,2024-09-13,72911.0,0.0,False,31udizgfi2h3meqkpgl7biswp3rq,2025-02-17T20:12:29Z,slowcore,limly,0.325,0.047,7.0,-29.822,1.0,0.0469,0.86,0.68,0.112,0.0603,60.097,5.0
spotify:track:1xzsEmaU4IXjvxxwQlA8Lz,Crimewave,Crystal Castles,Crystal Castles,2008-03-18,258453.0,76.0,False,31udizgfi2h3meqkpgl7biswp3rq,2025-02-20T03:59:45Z,"witch house,electroclash,new rave,alternative dance",Last Gang,0.747,0.691,4.0,-7.533,0.0,0.0402,0.183,0.0259,0.205,0.887,119.982,4.0
spotify:track:2R3heksil8zmzSFUwYQIPC,Empathy,Crystal Castles (II),Crystal Castles,2010-01-01,251106.0,68.0,False,31udizgfi2h3meqkpgl7biswp3rq,2025-02-20T04:08:36Z,"witch house,electroclash,new rave,alternative dance",[PIAS] Recordings Catalogue,0.511,0.903,7.0,-5.523,0.0,0.0306,0.12,0.515,0.431,0.332,109.958,4.0
spotify:track:25SJaCCPiosugnlY53VhRG,Freaking Out the Neighborhood,2,Mac DeMarco,2012-10-16,173888.0,2.0,False,31udizgfi2h3meqkpgl7biswp3rq,2025-02-20T19:36:50Z,"indie,lo-fi indie",Captured Tracks,0.565,0.832,8.0,-5.751,0.0,0.108,0.0639,0.0291,0.386,0.847,143.302,4.0
spotify:track:3XUqkTZBYQr3Nj0nifAW2S,Harvey,DSU,Alex G,2014-06-17,99520.0,73.0,False,31udizgfi2h3meqkpgl7biswp3rq,2025-02-20T20:20:52Z,,Many Hats Distribution,0.496,0.402,0.0,-9.519,1.0,0.0284,0.26,0.0,0.1,0.412,107.405,4.0
spotify:track:2GWoYTVa8Q7HvmqoW5kVvz,Apple Vines,Why Couldn't Things Just Stay The Same,The Autocollants,1999-06-01,159386.0,61.0,False,31udizgfi2h3meqkpgl7biswp3rq,2025-02-21T14:23:41Z,jangle pop,The System,0.503,0.415,4.0,-16.137,1.0,0.0315,0.023,0.861,0.091,0.689,141.219,4.0
spotify:track:4eXpNnNOexUoA89KpWSpU3,Hit #2,Discography,125 Rue Montmartre,2019-06-28,162826.0,62.0,False,31udizgfi2h3meqkpgl7biswp3rq,2025-02-21T14:28:27Z,"midwest emo,math rock,screamo,slowcore",Thirty Something Records,0.341,0.577,0.0,-14.397,1.0,0.0552,0.00173,0.795,0.132,0.0709,157.54,4.0
spotify:track:5X3KZZrT6nBpwSBr0SY26L,staring contest,don't look down,tomcbumpz,2023-11-06,85714.0,45.0,False,31udizgfi2h3meqkpgl7biswp3rq,2025-02-21T14:44:08Z,lo-fi hip hop,tomcbumpz,0.36,0.0317,1.0,-25.881,1.0,0.0425,0.958,0.91,0.111,0.0702,68.258,4.0
spotify:track:3jTRX7Zt2oodzuDRn5a4Eb,someone you love is gone,someone you love is gone,endless withdrawal,2023-03-17,134031.0,61.0,False,31udizgfi2h3meqkpgl7biswp3rq,2025-02-21T14:46:15Z,"dark ambient,ambient",endless withdrawal,0.084,0.223,2.0,-18.952,0.0,0.0381,0.938,0.859,0.0844,0.0381,178.582,4.0
spotify:track:11DvInq3kTwpMu1Kh0OnLK,tangled,comfortable silence,tomcbumpz,2023-01-25,77897.0,42.0,False,31udizgfi2h3meqkpgl7biswp3rq,2025-02-21T14:46:40Z,lo-fi hip hop,tomcbumpz,0.391,0.0374,1.0,-25.948,1.0,0.0396,0.974,0.877,0.108,0.178,186.313,4.0
spotify:track:3xFxG34X2fjYleLUzHN8ga,Deck Wine,Summer Death,Marietta,2013-11-08,260002.0,58.0,False,31udizgfi2h3meqkpgl7biswp3rq,2025-02-24T07:24:00Z,"midwest emo,math rock,emo,screamo",Marietta,0.34,0.673,7.0,-7.589,1.0,0.0446,0.00208,0.0,0.362,0.347,111.024,4.0
spotify:track:7IBzp33O4Hjr92wXtH3yQJ,Honey,Changes,Vacations,2018,139605.0,67.0,False,31udizgfi2h3meqkpgl7biswp3rq,2025-02-24T07:26:13Z,,Nettwerk Music Group,0.276,0.846,1.0,-7.561,0.0,0.0725,0.000244,0.311,0.197,0.668,157.458,4.0
spotify:track:65krtHkaYLPr0mEbjL61UP,Kiss of Life,The Best of Sade,Sade,1994-10-31,251333.0,83.0,False,31udizgfi2h3meqkpgl7biswp3rq,2025-02-24T07:30:12Z,,Epic,0.723,0.47,6.0,-11.302,0.0,0.028,0.633,0.0373,0.0968,0.783,97.107,4.0
spotify:track:3KtbuP205Bjvseg2oSIIdp,I'm Not Dying To Be Here,I'm Not Dying To Be Here,Split Chain,2025-01-17,204118.0,32.0,False,31udizgfi2h3meqkpgl7biswp3rq,2025-02-24T07:36:30Z,shoegaze,Epitaph,0.152,0.984,5.0,-3.423,0.0,0.23,4.86e-05,0.667,0.241,0.0598,85.007,4.0
spotify:track:4G1J7L8balUDpS7eWurZVs,Chalk,Chalk,Split Chain,2023-10-20,149263.0,45.0,False,31udizgfi2h3meqkpgl7biswp3rq,2025-02-24T07:43:02Z,shoegaze,Epitaph,0.423,0.947,9.0,-4.333,1.0,0.0585,3.07e-06,0.914,0.132,0.348,117.014,4.0
spotify:track:7nnWIPM5hwE3DaUBkvOIpy,Drive,Make Yourself,Incubus,1999-10-26,232453.0,83.0,False,31udizgfi2h3meqkpgl7biswp3rq,2025-02-24T08:22:56Z,"nu metal,funk rock,alternative metal,alternative rock",Epic/Immortal,0.645,0.792,4.0,-7.34,0.0,0.036,0.0562,0.0121,0.119,0.666,90.565,4.0
spotify:track:4kzpfX2tv0rfn9Dw1XM5Bw,MOLLY & AQUAFINA,BLACK METAL,Dean Blunt,2014-11-03,246320.0,47.0,False,31udizgfi2h3meqkpgl7biswp3rq,2025-02-24T21:27:45Z,,Rough Trade,0.416,0.103,5.0,-15.897,1.0,0.0323,0.589,0.0859,0.123,0.098,110.17,4.0
spotify:track:0R3TWpoxAhT3HDXM7tpRzS,Ghostride,Jinx,Crumb,2019-06-14,126120.0,70.0,False,31udizgfi2h3meqkpgl7biswp3rq,2025-02-25T02:50:03Z,"neo-psychedelic,bedroom pop",Crumb Records,0.665,0.351,2.0,-9.424,1.0,0.0276,0.516,0.819,0.109,0.451,87.057,4.0
spotify:track:7aQjPecQdIuNd1sz3KCDhD,Lovefool,First Band On The Moon (Remastered),The Cardigans,1996-01-01,193953.0,87.0,False,31udizgfi2h3meqkpgl7biswp3rq,2025-02-25T03:27:44Z,swedish pop,Universal Music AB,0.704,0.636,9.0,-6.029,1.0,0.0252,0.0344,0.0,0.35,0.89,111.845,4.0
spotify:track:5PjdC2gMATetx5xdnwGUu7,i wanna be your girlfriend,i wanna be your girlfriend,girl in red,2018-03-02,204990.0,76.0,True,31udizgfi2h3meqkpgl7biswp3rq,2025-02-25T13:11:02Z,bedroom pop,world in red,0.541,0.382,7.0,-14.323,1.0,0.035,0.0215,0.000836,0.304,0.343,155.901,4.0
spotify:track:3Lr9gPIzX6yy2VPlYENCfX,Junk Shop,Helvetia's Junk Shop,Helvetia,2009-09-13,236840.0,52.0,False,31udizgfi2h3meqkpgl7biswp3rq,2025-02-25T19:41:59Z,"slowcore,shoegaze,lo-fi indie",The Static Cult Label,0.553,0.611,0.0,-9.583,0.0,0.0281,0.469,0.945,0.14,0.189,145.086,4.0
spotify:track:1UL8GkVAs6UcWF6BZ3DYZt,Closer to the Sun,Closer to the Sun,Slightly Stoopid,2005-04-19,145560.0,70.0,False,31udizgfi2h3meqkpgl7biswp3rq,2025-03-06T05:07:38Z,"reggae rock,reggae",Stoopid Records,0.572,0.728,7.0,-5.534,1.0,0.0275,0.203,0.00263,0.231,0.535,75.179,4.0
spotify:track:3stWWPN41byqp8loPdy92u,Master of None,Beach House,Beach House,2006-10-03,199413.0,79.0,False,31udizgfi2h3meqkpgl7biswp3rq,2025-03-09T16:45:51Z,dream pop,Lemon Glow Records,0.492,0.344,5.0,-15.259,1.0,0.0259,0.674,0.531,0.0933,0.247,86.485,4.0
spotify:track:1i8dJGpKO0xQiKGCVslJqB,half return,songs,Adrianne Lenker,2020-10-23,128700.0,75.0,False,31udizgfi2h3meqkpgl7biswp3rq,2025-03-09T16:46:45Z,,4AD,0.435,0.382,3.0,-11.75,1.0,0.0298,0.821,0.0327,0.117,0.668,143.866,4.0
spotify:track:63Pi2NAx5yCgeLhCTOrEou,Headlock,Speak for Yourself (Deluxe Version),Imogen Heap,2005,215338.0,85.0,False,31udizgfi2h3meqkpgl7biswp3rq,2025-03-09T16:50:58Z,,Megaphonic,0.808,0.372,7.0,-10.759,0.0,0.0364,0.792,0.0,0.119,0.787,119.982,4.0
spotify:track:7egX3ViKzZmm3CDJkMB2Gu,Sometimes Memory Fails Me Sometimes,"Paper Airplanes, Paper Hearts",Everyone Asked About You,2023-09-08,284933.0,62.0,False,31udizgfi2h3meqkpgl7biswp3rq,2025-03-09T16:59:18Z,"midwest emo,screamo",Numero Group,0.379,0.844,9.0,-5.553,1.0,0.0611,0.0159,0.00421,0.265,0.102,108.893,4.0
spotify:track:5qBg1fQvEnTWYkcnIFjdTF,Permanent as Your Errors,S/T,Train Breaks Down,2024-03-01,217226.0,1.0,False,31udizgfi2h3meqkpgl7biswp3rq,2025-03-09T17:03:01Z,"midwest emo,screamo,math rock,post-hardcore",Train Breaks Down,0.321,0.827,8.0,-8.519,0.0,0.0673,0.00204,0.89,0.17,0.533,179.99,4.0
spotify:track:5vNIyDM8YLiFdZXCmkAGvx,Gimme a Reason,Hugs,Tabar,2010-02-28,199013.0,48.0,False,31udizgfi2h3meqkpgl7biswp3rq,2025-03-09T17:05:20Z,"math rock,midwest emo",Tabar,0.374,0.861,2.0,-4.096,1.0,0.0497,0.00677,4.5e-06,0.0726,0.418,144.69,4.0
spotify:track:4vVGo3az28DgDjISbeqY4g,Jealous - Slowed & Reverb,Jealous (Slowed & Reverb),noturgf,2023-02-08,146250.0,60.0,False,31udizgfi2h3meqkpgl7biswp3rq,2025-03-09T22:08:32Z,,noturgf,0.594,0.768,6.0,-12.415,0.0,0.0285,0.138,0.967,0.518,0.953,156.058,4.0
spotify:track:4txrAyGAWA9JqZzoNHiPRh,you not the same,you not the same,TileKid,2021-03-05,128798.0,73.0,False,31udizgfi2h3meqkpgl7biswp3rq,2025-03-09T22:10:25Z,,tilekid,0.102,0.0272,9.0,-31.537,0.0,0.0444,0.972,0.856,0.0755,0.116,66.714,4.0
spotify:track:3HwXUvdZXDxmvABSsxhGmO,losing,losing,Lonnex,2023-04-27,358918.0,64.0,False,31udizgfi2h3meqkpgl7biswp3rq,2025-03-09T22:21:21Z,,Lonnex,0.0808,0.0799,7.0,-28.339,0.0,0.0545,0.875,0.939,0.0974,0.0358,171.829,3.0
spotify:track:4QcVaj0h7CZNuGCcIS1E4W,Middy Tiddy,Middy Tiddy,Paulie Leparik,2018-04-04,94668.0,43.0,False,31udizgfi2h3meqkpgl7biswp3rq,2025-03-12T23:54:31Z,,Laupie Entertainment,0.58,0.633,3.0,-5.297,1.0,0.036,0.111,0.88,0.369,0.913,131.912,4.0
spotify:track:2bOue3KYQBjRJcfWzpVB7o,NOT THAT I'M ANYWHERE,BLACK PLEASURE 2012,Cities Aviv,2012-11-12,173072.0,0.0,True,31udizgfi2h3meqkpgl7biswp3rq,2025-03-12T23:56:00Z,"experimental hip hop,cloud rap",Total Works,0.475,0.884,7.0,-4.782,1.0,0.322,0.0951,0.904,0.128,0.323,139.947,4.0
spotify:track:3YmZ8V92nqVKx6u1lohFCC,Call Me,Wind,Gigi Masin,1986,268500.0,51.0,False,31udizgfi2h3meqkpgl7biswp3rq,2025-03-12T23:57:26Z,"ambient,ambient jazz",Music From Memory,0.436,0.359,1.0,-14.491,0.0,0.0298,0.937,0.508,0.146,0.162,164.025,5.0
spotify:track:2dNKGg5Nn1JNVH1GRd41bp,Just Take My Wallet,Micropop,Jack Stauber's Micropop,2019-05-30,79942.0,67.0,False,31udizgfi2h3meqkpgl7biswp3rq,2025-03-12T23:57:36Z,,Independent,0.566,0.147,0.0,-16.866,1.0,0.0817,0.956,0.755,0.115,0.21,183.776,5.0
spotify:track:4xAPhIeeXo4WN6ZU7Ba5sm,Not Allowed,Not Allowed,Kapa Boy,2022-11-19,115166.0,65.0,False,31udizgfi2h3meqkpgl7biswp3rq,2025-03-12T23:58:10Z,,Create Capital,0.333,0.154,2.0,-31.275,1.0,0.0425,0.983,0.901,0.096,0.0769,173.172,4.0
spotify:track:6kDyRP48g1KWahq8irqZF9,Sweet to Dream,Summer's Over,Jordana;TV Girl,2021-10-13,175000.0,62.0,False,31udizgfi2h3meqkpgl7biswp3rq,2025-03-21T21:59:13Z,,Summer's Over,0.488,0.489,8.0,-12.933,0.0,0.0375,0.594,0.509,0.106,0.611,159.856,4.0
spotify:track:2IvnDjlgH8yy70Nz99UdcJ,Agape,If Beale Street Could Talk (Original Motion Picture Score),Nicholas Britell,2018-11-09,175752.0,69.0,False,31udizgfi2h3meqkpgl7biswp3rq,2025-03-24T14:02:58Z,score,Lakeshore Records,0.153,0.162,10.0,-19.61,1.0,0.0429,0.884,0.943,0.111,0.0584,68.734,3.0
spotify:track:3FCGx3kLBlJtmnv5k66R7j,Want To Love - Just Slowed Raw,Want To Love Raw/Slowed/Loops,Aloboi,2025-01-27,92043.0,58.0,False,31udizgfi2h3meqkpgl7biswp3rq,2025-03-24T14:18:47Z,,Basire Records,0.495,0.573,8.0,-7.015,1.0,0.057,0.176,0.951,0.118,0.039,106.903,5.0
spotify:track:6KVoFUjjGuDVvXp4pAxTc4,Telephones (electric guitar),Telephone (electric guitar),emptiness,2024-05-08,117468.0,44.0,False,31udizgfi2h3meqkpgl7biswp3rq,2025-03-24T14:22:10Z,,Chilled Sad,0.527,0.0888,4.0,-11.074,1.0,0.106,0.976,0.956,0.0931,0.0713,99.107,4.0
spotify:track:1uQR01wGZraMHqbC1iAuME,Apple Vines (Slowed Down),Apple Vines (Remixes),The Autocollants,2024-10-21,167775.0,53.0,False,31udizgfi2h3meqkpgl7biswp3rq,2025-03-24T14:32:54Z,jangle pop,The System,0.545,0.443,8.0,-16.365,1.0,0.0305,0.018,0.774,0.107,0.578,134.152,4.0
spotify:track:51c94ac31swyDQj9B3Lzs3,Change (In the House of Flies),White Pony,Deftones,2000,299533.0,84.0,False,31udizgfi2h3meqkpgl7biswp3rq,2025-03-24T14:35:23Z,"nu metal,alternative metal,rap metal,rock,shoegaze",Rhino,0.269,0.853,7.0,-4.647,0.0,0.0854,0.000249,0.000246,0.118,0.179,141.581,4.0
spotify:track:60mDV7sxCXbclEN2wSeI54,Poison Tree,Poison Tree,Grouper,2008-06-03,196893.0,47.0,False,31udizgfi2h3meqkpgl7biswp3rq,2025-03-24T14:38:17Z,"drone,ambient,slowcore,dream pop",Yellowelectric,0.368,0.139,11.0,-22.587,1.0,0.0328,0.961,0.913,0.108,0.224,111.166,4.0
spotify:track:5GKekzF1YcR2DQd9c3DI8y,Cigarettes out the Window,Who Really Cares,TV Girl,2016-02-25,198960.0,1.0,False,31udizgfi2h3meqkpgl7biswp3rq,2025-03-29T19:01:49Z,,TV Girl,0.625,0.659,0.0,-5.669,1.0,0.0337,0.12,0.0,0.17,0.594,113.551,4.0
spotify:track:016z46SJwcRosW9Xb8JKmF,scars,scars,Novulent,2023-06-19,95002.0,68.0,False,31udizgfi2h3meqkpgl7biswp3rq,2025-03-29T19:07:39Z,shoegaze,The Royals,0.339,0.842,9.0,-4.65,1.0,0.048,0.00317,1.4e-05,0.107,0.144,83.942,4.0
spotify:track:28EkO7bqzJ86Lqgbmuyv17,A Better Life Since,Constance,Southpacific,2000-03-14,109533.0,1.0,False,31udizgfi2h3meqkpgl7biswp3rq,2025-04-18T11:30:36Z,"shoegaze,slowcore",Nonblessed,0.591,0.431,6.0,-16.296,1.0,0.0428,0.462,0.88,0.11,0.839,103.289,4.0
spotify:track:2NHkwSwm6C6eAX3z6xm7Uy,Resonance,Odyssey,Home,2014-07-01,212938.0,76.0,False,31udizgfi2h3meqkpgl7biswp3rq,2025-04-18T11:32:48Z,"vaporwave,synthwave,chillwave",Unjaps AB,0.564,0.754,8.0,-8.849,1.0,0.0646,0.0424,0.84,0.224,0.457,170.084,5.0
spotify:track:1oaaSrDJimABpOdCEbw2DJ,No Ordinary Love,Love Deluxe,Sade,1992-10-26,440466.0,78.0,False,31udizgfi2h3meqkpgl7biswp3rq,2025-04-25T05:18:34Z,,Epic,0.629,0.364,11.0,-12.259,0.0,0.038,0.467,0.0204,0.0941,0.701,166.266,4.0
spotify:track:194n8s4ydQWgiG5r6IOrs6,Does Not Want,Fair Do's,pennines,2009-02-05,123062.0,37.0,False,31udizgfi2h3meqkpgl7biswp3rq,2025-05-04T20:24:14Z,"midwest emo,math rock",pennines,0.454,0.905,7.0,-9.094,1.0,0.0631,0.0768,0.000673,0.344,0.21,163.108,4.0
spotify:track:6c5kgXQCA1YttrIQuPIEPs,But the Regrets Are Killing Me,American Football,American Football,1999-09-14,234773.0,56.0,False,31udizgfi2h3meqkpgl7biswp3rq,2025-05-04T20:25:00Z,"midwest emo,math rock,emo",Polyvinyl Records,0.465,0.798,9.0,-7.719,1.0,0.0298,0.221,0.203,0.114,0.311,123.251,3.0
spotify:track:6c09sLVN8vfB5o7Wf3aLoH,Go Dingoes,Hugs,Tabar,2010-02-28,212153.0,37.0,False,31udizgfi2h3meqkpgl7biswp3rq,2025-05-04T20:25:54Z,"math rock,midwest emo",Tabar,0.26,0.908,10.0,-4.759,1.0,0.0575,0.000117,0.824,0.112,0.591,80.802,4.0
spotify:track:4iKIG2iVbCLYnuZI29FGox,-２℃,Standing Still In A Moving Scene,百景,2006-06-07,171853.0,46.0,False,31udizgfi2h3meqkpgl7biswp3rq,2025-05-06T14:56:25Z,"math rock,japanese indie,midwest emo,post-rock,shoegaze",Human Highway Records,0.526,0.669,0.0,-6.841,1.0,0.0247,0.00231,0.92,0.34,0.549,92.494,4.0
spotify:track:1rluwEqsWp5tz0lgyOT9rE,Symphonia IX,Wild Heart,Current Joys,2013-01-02,181166.0,77.0,False,31udizgfi2h3meqkpgl7biswp3rq,2025-05-16T15:02:58Z,lo-fi indie,Current Joys,0.571,0.392,0.0,-12.483,1.0,0.0243,0.895,0.76,0.333,0.14,99.33,4.0
spotify:track:5Qv2Nby1xTr9pQyjkrc94J,All I Need,In Rainbows,Radiohead,2007-12-28,228746.0,83.0,False,31udizgfi2h3meqkpgl7biswp3rq,2025-05-16T15:03:07Z,"art rock,alternative rock",XL Recordings,0.67,0.478,4.0,-8.689,0.0,0.0355,0.531,0.428,0.138,0.0997,88.014,4.0
spotify:track:1llY5gzWqdAjm1Hscr4kwn,Mis,Rules,Alex G,2012-01-15,200680.0,70.0,False,31udizgfi2h3meqkpgl7biswp3rq,2025-05-16T15:03:08Z,,Lucky Number,0.536,0.328,0.0,-11.404,1.0,0.034,0.804,0.318,0.165,0.105,61.204,4.0
spotify:track:6Hzle86uYcpy3QkcCmMKgE,"Dream, Ivory","Dream, Ivory","Dream, Ivory",2017-03-09,188265.0,63.0,False,31udizgfi2h3meqkpgl7biswp3rq,2025-05-16T15:03:11Z,,"Dream, Ivory LLC",0.535,0.568,1.0,-4.829,1.0,0.0285,0.0796,0.331,0.07,0.193,120.051,4.0
spotify:track:2MJkQZEB0YNJbnQ59dZ0Pp,Wish,i'll be okay,sign crushes motorist,2022-08-05,156000.0,65.0,False,31udizgfi2h3meqkpgl7biswp3rq,2025-05-16T15:03:12Z,slowcore,sign crushes motorist,0.563,0.121,0.0,-24.797,1.0,0.0361,0.986,0.837,0.0858,0.344,160.134,4.0
spotify:track:1llY5gzWqdAjm1Hscr4kwn,Mis,Rules,Alex G,2012-01-15,200680.0,70.0,False,31udizgfi2h3meqkpgl7biswp3rq,2025-05-16T15:03:21Z,,Lucky Number,0.536,0.328,0.0,-11.404,1.0,0.034,0.804,0.318,0.165,0.105,61.204,4.0
spotify:track:1rluwEqsWp5tz0lgyOT9rE,Symphonia IX,Wild Heart,Current Joys,2013-01-02,181166.0,77.0,False,31udizgfi2h3meqkpgl7biswp3rq,2025-05-16T15:03:23Z,lo-fi indie,Current Joys,0.571,0.392,0.0,-12.483,1.0,0.0243,0.895,0.76,0.333,0.14,99.33,4.0
spotify:track:3QVa3D6QaQy0b0foOAYDuy,Body Dysmorphia,Mulholland Drive,Eyedress,2021-08-27,125085.0,12.0,True,31udizgfi2h3meqkpgl7biswp3rq,2025-05-16T15:03:24Z,,Lex Records,0.495,0.662,11.0,-7.899,1.0,0.0391,0.0493,0.909,0.119,0.966,165.209,4.0
spotify:track:6Hzle86uYcpy3QkcCmMKgE,"Dream, Ivory","Dream, Ivory","Dream, Ivory",2017-03-09,188265.0,63.0,False,31udizgfi2h3meqkpgl7biswp3rq,2025-05-16T15:03:25Z,,"Dream, Ivory LLC",0.535,0.568,1.0,-4.829,1.0,0.0285,0.0796,0.331,0.07,0.193,120.051,4.0
spotify:track:1EryAkZ0VHstC6haIxVBiE,Sextape,Diamond Eyes,Deftones,2010-04-30,241533.0,82.0,False,31udizgfi2h3meqkpgl7biswp3rq,2025-05-16T15:04:09Z,"nu metal,alternative metal,rap metal,rock,shoegaze",Reprise,0.367,0.634,5.0,-6.475,1.0,0.027,0.000824,0.0759,0.116,0.0964,89.981,4.0
spotify:track:6QewNVIDKdSl8Y3ycuHIei,Even Flow,Ten,Pearl Jam,1991-08-27,292579.0,83.0,True,31udizgfi2h3meqkpgl7biswp3rq,2025-06-11T07:15:46Z,"grunge,rock,post-grunge",Epic/Legacy,0.394,0.944,10.0,-6.506,0.0,0.0761,0.00178,4.54e-06,0.298,0.265,105.338,4.0
spotify:track:2d1aFuYKVqMocoSLXhwh1l,20200229 2,One Wayne G,Mac DeMarco,2023-04-21,822709.0,64.0,False,31udizgfi2h3meqkpgl7biswp3rq,2025-06-23T17:04:37Z,"indie,lo-fi indie","Mac DeMarco, LLC",0.153,0.0474,1.0,-23.098,0.0,0.04,0.771,0.747,0.0989,0.0269,134.095,4.0
spotify:track:7abcagsR4g404TgAcWXeaP,Elissa Steamer,Elissa Steamer,DJ Houseplants,2020-01-22,325535.0,29.0,False,31udizgfi2h3meqkpgl7biswp3rq,2025-06-27T18:51:13Z,lo-fi house,1118384 Records DK,0.447,0.936,0.0,-6.329,1.0,0.228,0.228,0.118,0.188,0.336,120.986,4.0
spotify:track:4ivZCBze33rPxTHoAQ7ATx,Hugs,Hugs,Tabar,2010-02-28,207713.0,46.0,False,31udizgfi2h3meqkpgl7biswp3rq,2025-06-27T22:18:38Z,"math rock,midwest emo",Tabar,0.322,0.835,11.0,-4.531,1.0,0.0582,0.00857,0.502,0.0964,0.267,81.903,4.0
spotify:track:1DVAHSICuADTfazMoakYBZ,"""Btw, That Untitled Song on Your Mixtape Was for You. I Wrote It When I Missed You.""","Everything Else, Pt. 2",Suis La Lune,2022-09-30,181250.0,42.0,False,31udizgfi2h3meqkpgl7biswp3rq,2025-06-27T22:18:59Z,"screamo,midwest emo,post-hardcore,emo,math rock,mathcore",Dog Knights Productions,0.26,0.892,7.0,-7.206,1.0,0.0612,0.0246,0.00157,0.117,0.349,90.466,4.0
spotify:track:4Bm4PVgm0I0NkzNWO0m8xN,Rope + Ring,The Glass Eye,Nymb,1999-04-13,240600.0,41.0,False,31udizgfi2h3meqkpgl7biswp3rq,2025-06-27T22:19:56Z,"midwest emo,screamo",Forge Again Records,0.0871,0.838,5.0,-7.177,1.0,0.0608,0.000653,0.312,0.0667,0.258,201.473,4.0
spotify:track:35J3Vo82tou1IcA4xTS4lZ,Hydra,Currents,Covet,2015-12-20,279786.0,0.0,False,31udizgfi2h3meqkpgl7biswp3rq,2025-06-27T22:21:34Z,"math rock,post-rock,midwest emo,djent",Covet,0.418,0.758,6.0,-9.36,0.0,0.0274,0.358,0.866,0.176,0.795,162.362,4.0
spotify:track:4Dx4e0X5dR6TW85dtFU42x,Red Leather,WE STILL DON'T TRUST YOU,Future;Metro Boomin;J. Cole,2024-04-12,414893.0,68.0,True,31udizgfi2h3meqkpgl7biswp3rq,2025-06-27T22:34:13Z,rap,Wilburn Holding Co./Boominati/Epic/Republic,0.676,0.607,6.0,-4.792,1.0,0.372,0.51,0.00143,0.12,0.601,170.047,4.0
spotify:track:3U4qfuTha4NLbuiWD91h7I,Free Game,Been One,Rylo Rodriguez,2023-06-30,259435.0,49.0,True,31udizgfi2h3meqkpgl7biswp3rq,2025-06-27T22:34:24Z,,Glass Windows Entertainment (Lil Baby),0.666,0.471,5.0,-4.308,1.0,0.409,0.25,0.0,0.266,0.397,81.808,4.0
spotify:track:047fCsbO4NdmwCBn8pcUXl,Marvins Room,Take Care (Deluxe),Drake,2011-11-15,347226.0,82.0,True,31udizgfi2h3meqkpgl7biswp3rq,2025-06-27T22:34:35Z,rap,Cash Money Records/Young Money Ent./Universal Rec.,0.492,0.26,9.0,-17.341,0.0,0.0921,0.646,0.00178,0.0705,0.312,111.519,5.0
spotify:track:4sUTagdmyuyAxd7RvbygpQ,aruarian dance,samurai champloo music record departure,Nujabes,2004-06-23,250433.0,68.0,False,31udizgfi2h3meqkpgl7biswp3rq,2025-06-27T22:43:06Z,jazz rap,Victor,0.585,0.652,6.0,-8.357,1.0,0.0358,0.78,0.907,0.0653,0.877,198.448,4.0
spotify:track:4q650OiSDQIwccxDFpuuBm,Flim,Come To Daddy,Aphex Twin,1997-10-06,177093.0,0.0,False,31udizgfi2h3meqkpgl7biswp3rq,2025-06-27T22:44:39Z,"idm,ambient,electronica",Warp Records,0.71,0.734,0.0,-14.932,0.0,0.052,0.511,0.838,0.0701,0.4,147.979,4.0
spotify:track:6INSqTqDoz6ndc0oKTi0Sq,IZ-US,Come To Daddy,Aphex Twin,1997-10-06,177266.0,58.0,False,31udizgfi2h3meqkpgl7biswp3rq,2025-06-27T22:51:39Z,"idm,ambient,electronica",Warp Records,0.581,0.459,3.0,-14.519,0.0,0.0314,0.0398,0.881,0.151,0.316,119.042,4.0
spotify:track:2c7oCfk6OARKQkOoGpazao,Decked - slowed,Decked,flvmey,2024-08-27,49678.0,52.0,False,31udizgfi2h3meqkpgl7biswp3rq,2025-06-27T22:52:25Z,phonk,Unjaps AB,0.658,0.829,7.0,-10.317,1.0,0.0334,0.267,0.635,0.658,0.512,96.763,4.0
spotify:track:3UNV3RoBorI6KvYS4B5D8l,Dust Collector,Analog Noise,YG Hypnos,2018-08-21,168004.0,59.0,False,31udizgfi2h3meqkpgl7biswp3rq,2025-06-27T22:54:33Z,,ChillTapes,0.667,0.539,4.0,-9.161,0.0,0.251,0.902,0.828,0.108,0.168,79.923,4.0
spotify:track:3dQR7lwVcVvRBzrR03ELzd,Zeldas Lullaby,"Growing Up, Vol. 1",A L E X,2017-06-26,179147.0,48.0,False,31udizgfi2h3meqkpgl7biswp3rq,2025-06-27T22:54:49Z,"lo-fi,lo-fi beats,lo-fi hip hop",beatsupply,0.692,0.341,0.0,-16.572,1.0,0.0416,0.849,0.93,0.1,0.173,129.989,4.0
spotify:track:0SA0mMXWh23raZ6xzOCU2V,She,Goblin,"Tyler, The Creator;Frank Ocean",2011-05-09,253386.0,78.0,True,31udizgfi2h3meqkpgl7biswp3rq,2025-06-27T23:24:59Z,,XL Recordings,0.35,0.621,8.0,-6.495,0.0,0.233,0.256,3.44e-05,0.613,0.459,83.375,4.0
spotify:track:0WZFN4E8HrmGUU0EMyKQ8c,Used To,Goodbye & Good Riddance,Juice WRLD,2018-12-10,176443.0,71.0,True,31udizgfi2h3meqkpgl7biswp3rq,2025-06-27T23:30:31Z,"melodic rap,emo rap",Juice WRLD Mixtape / ISR P&D,0.631,0.709,2.0,-4.666,1.0,0.0505,0.0963,0.0,0.376,0.2,84.504,4.0
spotify:track:58Zrwv2urNcl404kX6HsAS,12 Stout Street,Foreign Exchange,Rx Papi;Gud,2021-11-19,118750.0,63.0,True,31udizgfi2h3meqkpgl7biswp3rq,2025-06-27T23:33:29Z,cloud rap,YEAR0001,0.471,0.915,4.0,-4.903,0.0,0.234,0.66,0.0,0.221,0.53,131.727,4.0
spotify:track:4yIOd5HapcisNfepM7FGKv,nintendo 64,nintendo 64,alexgoffline,2024-11-27,178782.0,73.0,False,31udizgfi2h3meqkpgl7biswp3rq,2025-06-27T23:34:29Z,,alexgoffline,0.672,0.294,9.0,-15.831,1.0,0.0456,0.924,0.054,0.109,0.345,112.21,4.0
spotify:track:43phhhh1hQF7koWX3uNvO3,skipping tiles,pushing daisies,julie,2021-08-12,136221.0,61.0,False,31udizgfi2h3meqkpgl7biswp3rq,2025-07-18T00:48:16Z,shoegaze,Julie,0.444,0.96,5.0,-5.752,0.0,0.0505,0.00362,0.784,0.417,0.215,144.956,4.0
spotify:track:2pBYTUAZNnVu57VQiJByiE,unwanted,unwanted,d2s1,2024-12-20,100400.0,64.0,False,31udizgfi2h3meqkpgl7biswp3rq,2025-07-20T20:54:24Z,,The System,0.558,0.117,9.0,-19.2,1.0,0.0409,0.986,0.917,0.106,0.0841,75.006,4.0
spotify:track:643gyipSU7dkmrFhJ8UAIm,Pulsewidth,Selected Ambient Works 85-92,Aphex Twin,1992-02-10,228053.0,68.0,False,31udizgfi2h3meqkpgl7biswp3rq,2025-07-20T20:54:31Z,"idm,ambient,electronica",R&S Records,0.765,0.486,1.0,-14.671,1.0,0.0724,0.42,0.876,0.332,0.303,119.319,4.0
spotify:track:0YvtuzxqHtn4f5cEQnBKJC,three,2017 Archives,Cult Member,2024-07-30,60952.0,68.0,False,31udizgfi2h3meqkpgl7biswp3rq,2025-07-20T20:54:35Z,lo-fi house,Cult Member,0.815,0.936,11.0,-6.337,0.0,0.18,0.113,0.9,0.11,0.55,125.97,4.0
spotify:track:1huwlOdeokQzum8XHFcIpf,Lost,Within The Depths Of A Darkened Forest,Autumn's Grey Solace,2002-01-01,214266.0,57.0,False,31udizgfi2h3meqkpgl7biswp3rq,2025-07-20T20:54:46Z,"shoegaze,dream pop",Autumn's Grey Solace,0.513,0.542,3.0,-11.701,1.0,0.0396,0.327,0.337,0.0896,0.298,117.992,3.0
spotify:track:1KBFCXmzqxMBpc4RBJo3r3,xscape,blue light,13 Miles,2025-05-09,121126.0,45.0,False,31udizgfi2h3meqkpgl7biswp3rq,2025-07-20T20:55:47Z,,broke,0.656,0.533,1.0,-13.604,1.0,0.0332,0.956,0.579,0.109,0.393,111.056,4.0
spotify:track:4SDWMFvYJKtK1QPhIOeZhd,Royals,The Love Club EP,Lorde,2013-03-08,190185.0,64.0,False,31udizgfi2h3meqkpgl7biswp3rq,2026-02-02T02:54:14Z,,Universal Music New Zealand Limited,0.674,0.426,7.0,-9.504,1.0,0.122,0.12,0.0,0.132,0.337,84.876,4.0
spotify:track:6vjpQIdABqntoe3zPazPec,Shabang,ICEMAN,Drake,2026-05-15,188722.0,93.0,True,,2026-06-05T04:01:42Z,rap,OVO/Republic,0.864,0.533,8.0,-6.294,0.0,0.111,0.107,0.0,0.125,0.644,116.994,4.0
spotify:track:4KIRA3oOWWyYhuQkuoHnFr,Game Time,Game Time (FIFA World Cup 2026™),Future;Tyla;FIFA Sound,2026-05-29,206166.0,76.0,False,,2026-06-05T04:01:42Z,"rap,afrobeats",FIFA World Cup SalXCO,0.708,0.642,1.0,-4.623,1.0,0.0578,0.0151,0.0,0.306,0.611,116.985,4.0
spotify:track:01vCzM84c5JLSkG2iXC9VZ,WE ON GO,WE ON GO,BIA,2025-05-02,168533.0,80.0,True,,2026-06-05T04:01:42Z,,Epic,0.716,0.8,9.0,-3.898,1.0,0.0751,0.0457,0.0,0.358,0.622,131.01,4.0
spotify:track:393OFJFZKIIv66JmJcNm9D,National Treasures,ICEMAN,Drake,2026-05-15,200830.0,94.0,True,,2026-06-05T04:01:42Z,rap,OVO/Republic,0.4,0.707,11.0,-5.72,1.0,0.271,0.131,5.37e-06,0.415,0.314,193.433,3.0
spotify:track:6FLfoe2bY37X45OS7AZW6B,Three Nations,Official FIFA World Cup 2026™ Album,21 Savage;Natanael Cano;French Montana;FIFA Sound,2026-06-05,210014.0,57.0,False,,2026-06-05T04:01:42Z,"corridos tumbados,corrido,corridos bélicos,sad sierreño,electro corridos,sierreño,música mexicana,banda",FIFA World Cup SalXCO,0.618,0.853,4.0,-2.863,0.0,0.0406,0.0781,0.0,0.531,0.342,139.983,4.0
spotify:track:3B4cjvGlPvyBLNG3AzEgkZ,E85,OCTANE,Don Toliver,2026-01-30,153181.0,91.0,True,,2026-06-05T04:01:42Z,,CactusJack/Donnway/ATL,0.556,0.714,11.0,-4.43,0.0,0.0418,0.0463,0.0,0.822,0.332,131.992,4.0
spotify:track:2lpygKqzPFtItQ4ss3cgfb,Cinderella (feat. Ty Dolla $ign),The Divine Feminine,Mac Miller;Ty Dolla $ign,2016-09-16,480186.0,89.0,True,,2026-06-05T04:01:42Z,trap soul,Warner Records,0.545,0.534,8.0,-6.874,0.0,0.047,0.235,0.0,0.345,0.24,140.021,4.0
spotify:track:6i33LrYcqEjfhDudr0PRy9,Motion Party,Motion Party,BossMan Dlow,2026-03-13,95840.0,77.0,True,,2026-06-05T04:01:42Z,,Alamo,0.892,0.827,6.0,-3.163,0.0,0.123,0.0124,0.0,0.0741,0.69,110.967,4.0
spotify:track:514joG57v4yKTsfQmz7stz,Janice STFU,ICEMAN,Drake,2026-05-15,237344.0,97.0,True,,2026-06-05T04:01:42Z,rap,OVO/Republic,0.789,0.483,1.0,-7.959,1.0,0.0486,0.0808,0.0,0.172,0.194,125.952,4.0
spotify:track:64QhStjcTHwvY7QCkFfT0M,One of Them (with Future & Lil Baby),One of Them,DJ Khaled;Future;Lil Baby,2026-04-10,204377.0,71.0,True,,2026-06-05T04:01:42Z,rap,DJ Khaled,0.659,0.699,7.0,-3.84,1.0,0.288,0.00307,0.0,0.179,0.611,143.076,4.0
spotify:track:2A94GZ5pVHLPcZuhx8cMbm,Ya Dig,Ya Dig,Young Nudy,2026-05-08,173733.0,65.0,True,,2026-06-05T04:01:42Z,,P2026,0.743,0.46,1.0,-8.032,1.0,0.297,0.156,0.0,0.0789,0.611,165.925,4.0
spotify:track:5pfn68duSmBKo4FhYknOms,FATHER (feat. Travis Scott),BULLY,Kanye West;Ye;Travis Scott,2026-03-28,169330.0,84.0,True,,2026-06-05T04:01:42Z,rap,YZY/gamma.,0.742,0.543,11.0,-7.71,0.0,0.102,0.462,2.44e-05,0.136,0.0387,107.037,4.0
spotify:track:70sjcC1GLyYfcHntiZ16cN,Down South (feat. Key Glock),Down South,Trap Dickey;Key Glock,2026-01-23,139805.0,71.0,True,,2026-06-05T04:01:42Z,,Trap Dickey,0.718,0.796,8.0,-4.734,1.0,0.0362,0.02,0.0,0.156,0.0993,102.95,4.0
spotify:track:5SK7SRwN7AGI6qf1bc9qP4,Chicken Talkin Bastard,Chicken Talkin Bastard,BossMan Dlow;YKNIECE,2026-04-10,169466.0,65.0,True,,2026-06-05T04:01:42Z,,Alamo,0.797,0.669,2.0,-4.414,1.0,0.265,0.0212,0.0,0.0947,0.462,85.021,4.0
spotify:track:0bSlEreR3f5j8DlEc17QqI,Game Six,Game Six,BabyChiefDoit,2026-05-20,173742.0,74.0,True,,2026-06-05T04:01:42Z,chicago drill,Artist Partner Group,0.841,0.723,10.0,-4.831,0.0,0.322,0.00312,0.0,0.0459,0.64,81.58,4.0
spotify:track:4Z5KKoBGxpJo8YbDcGQXd5,Secondhand (feat. Rema),OCTANE,Don Toliver;Rema,2026-01-30,226666.0,85.0,True,,2026-06-05T04:01:42Z,"afrobeats,afrobeat,afropop,afropiano",CactusJack/Donnway/ATL,0.697,0.643,8.0,-5.515,0.0,0.044,0.422,0.0,0.134,0.308,143.964,4.0
spotify:track:7KGHenqXZofXNm5MKDbT3J,Whisper My Name,ICEMAN,Drake,2026-05-15,222580.0,93.0,True,,2026-06-05T04:01:42Z,rap,OVO/Republic,0.882,0.572,11.0,-6.24,0.0,0.134,0.0655,0.0,0.136,0.473,124.036,4.0
spotify:track:2ehvynUj1tMnownVMQN0Rh,Drop The Lo,Drop The Lo,Bryson Tiller,2026-06-05,161470.0,61.0,True,,2026-06-05T04:01:42Z,"trap soul,r&b",TrapSoul/RCA Records,0.492,0.712,6.0,-5.271,0.0,0.0546,0.107,0.0,0.365,0.182,130.816,4.0
spotify:track:3qVkXQgbHKhbq4KGQMBU6h,Hostage (feat. 21 Savage),Big Mama,Latto;21 Savage,2026-05-29,191786.0,69.0,True,,2026-06-05T04:01:42Z,,Streamcut/RCA Records,0.782,0.474,10.0,-5.501,0.0,0.0655,0.0183,0.0,0.154,0.146,139.898,4.0
spotify:track:3VW6HJYa5l0uzGcCRA222P,Ca$ino,Ca$ino,Baby Keem,2026-02-20,260825.0,77.0,True,,2026-06-05T04:01:42Z,,pgLang/Columbia,0.533,0.784,1.0,-5.477,1.0,0.0614,0.00236,0.0,0.356,0.282,145.694,4.0
spotify:track:0YskQDMYYgtxyFp1yTabRu,ICEMAN FREESTYLE,ICEMAN FREESTYLE,Central Cee,2026-02-12,186000.0,70.0,True,,2026-06-05T04:01:42Z,"uk drill,drill,uk grime",Columbia,0.537,0.756,10.0,-6.526,0.0,0.312,0.159,0.0,0.261,0.0701,147.408,4.0
spotify:track:0QgwjxR1VchizzckKXwyBu,POP DAT THANG,BE MORE GRATEFUL,DaBaby,2026-01-30,138346.0,82.0,True,,2026-06-05T04:01:42Z,,South Coast Music Group/Interscope Records,0.896,0.721,5.0,-6.776,0.0,0.217,0.0171,0.0,0.0808,0.473,139.015,4.0
spotify:track:1VvXLOfkv1zxa3LZ0zBXt2,Griddlë,ADL,Yeat;Don Toliver,2026-03-27,157333.0,79.0,True,,2026-06-05T04:01:42Z,rage rap,Lyfestyle Corporation/Field Trip Recordings/Capitol Records,0.789,0.694,10.0,-2.589,0.0,0.0381,0.124,0.0,0.131,0.695,135.118,4.0
spotify:track:57ENogEkvFsU7Wmt3lvQMG,Two Six,The Fall-Off,J. Cole,2026-02-06,196080.0,77.0,True,,2026-06-05T04:01:42Z,rap,"Cole World, Inc., under exclusive license to Interscope Records.",0.79,0.625,11.0,-6.319,0.0,0.206,0.0949,0.0,0.19,0.436,81.975,4.0
spotify:track:33XUHrCbrAW6me9ewdCZip,WAGWAN,ALL ROADS LEAD HOME,Central Cee,2026-03-27,127000.0,81.0,True,,2026-06-05T04:01:42Z,"uk drill,drill,uk grime",Columbia,0.844,0.525,5.0,-8.247,0.0,0.315,0.706,1.15e-05,0.0967,0.612,140.002,4.0
spotify:track:0EOc1cP1zMmF9kR0w3AM5f,SAME SH!T,SAME SH!T,Isaiah Rashad,2026-04-10,193294.0,69.0,True,,2026-06-05T04:01:42Z,,Top Dawg Entertainment/Warner Records,0.773,0.736,1.0,-4.608,0.0,0.293,0.00251,0.000103,0.194,0.329,74.497,4.0
spotify:track:6fODAgyTJdN7ATeJOP81dj,6WA,6WA,BigXthaPlug;Ro$ama;MurdaGang PB;Yung Hood,2026-02-27,128573.0,69.0,True,,2026-06-05T04:01:42Z,southern hip hop,600 Ent. under exclusive license to UnitedMasters LLC,0.865,0.791,8.0,-3.782,1.0,0.302,0.0563,0.0,0.554,0.952,142.032,4.0
spotify:track:2LIHIN3N3WK5psQzKtqfMW,Loco,Loco,Key Glock,2026-04-03,154333.0,62.0,True,,2026-06-05T04:01:42Z,,Key Glock,0.77,0.511,7.0,-6.627,1.0,0.0877,0.035,0.0,0.409,0.0765,140.093,4.0
spotify:track:708RkU3kgalEtds4drQxrj,FLAMMABLE,SAME DIFFERENCE,Swae Lee,2026-04-03,197551.0,62.0,True,,2026-06-05T04:01:42Z,,Eardruma Records/Interscope Records,0.655,0.864,9.0,-2.778,1.0,0.0463,1.18e-05,3.85e-05,0.369,0.453,147.039,4.0
spotify:track:1DYNFDydkNSKjV7Mlg9Ves,GANG BIZNESS feat paygotti,GANG BIZNESS feat paygotti,YG;PayGotti,2026-05-29,167177.0,53.0,True,,2026-06-05T04:01:42Z,hyphy,4Hunnid / 10K Projects,0.741,0.53,1.0,-8.267,1.0,0.243,0.0223,0.0,0.155,0.291,104.831,4.0
spotify:track:3saKLLmgDVjgojwm3HB45i,BOAT,BOAT,Trim,2025-11-28,207724.0,72.0,True,,2026-06-05T04:01:42Z,,Hitmaker Distro,0.85,0.38,8.0,-15.173,1.0,0.584,0.163,0.0,0.0769,0.754,153.955,4.0
spotify:track:2xsTsnA5QOFCnFXdEHGkli,STAY HERE 4 LIFE (feat. Brent Faiyaz),Don't Be Dumb,A$AP Rocky;Brent Faiyaz,2026-01-16,346093.0,82.0,True,,2026-06-05T04:01:42Z,"rap,r&b",A$AP Worldwide/RCA Records,0.551,0.531,11.0,-10.042,1.0,0.272,0.524,0.0,0.471,0.499,115.233,4.0
spotify:track:58kIVm8Mb2CS4j6UQa1PE4,Hang Wit a Bad Bitch (feat. Key Glock),Hang Wit a Bad Bitch (feat. Key Glock),Sexyy Red;Key Glock,2026-02-08,154931.0,69.0,True,,2026-06-05T04:01:42Z,,Rebel / gamma.,0.591,0.564,0.0,-7.998,1.0,0.094,0.0291,0.0,0.224,0.542,120.035,4.0
spotify:track:0FlcmZ13DGRmscCroro9GO,Body,OCTANE,Don Toliver,2026-01-30,155753.0,88.0,True,,2026-06-05T04:01:42Z,,CactusJack/Donnway/ATL,0.828,0.479,8.0,-3.688,1.0,0.0734,0.222,0.0,0.159,0.696,145.944,4.0
spotify:track:7Cu72sNXv5n9vbHcXbSmgp,Better Than Yours (feat. Youngboy Never Broke Again),Better Than Yours (feat. Youngboy Never Broke Again),Coi Leray;YoungBoy Never Broke Again,2026-03-20,160346.0,69.0,True,,2026-06-05T04:01:42Z,,Trendsetter Studios / Epic Records,0.842,0.726,2.0,-3.966,1.0,0.216,0.0769,0.0,0.125,0.699,133.039,4.0
spotify:track:5Th1SPySWgYlkXXC6wLMwL,House Money,Ca$ino,Baby Keem,2026-02-20,195612.0,74.0,True,,2026-06-05T04:01:42Z,,pgLang/Columbia,0.861,0.511,1.0,-6.165,1.0,0.108,0.019,3.47e-06,0.101,0.308,139.997,4.0
spotify:track:0iZh4VcMhp8zoTlvk8HWZD,Thug,Thug,G Herbo,2026-05-29,145388.0,63.0,True,,2026-06-05T04:01:42Z,"chicago drill,drill",G Herbo,0.616,0.888,10.0,-5.192,0.0,0.347,0.0489,0.0,0.277,0.694,145.357,4.0
spotify:track:0LWIiBYFmOnkqysugp0VKo,Spend Dat,Spend Dat,Yung Miami,2026-04-24,181391.0,72.0,True,,2026-06-05T04:01:42Z,,Yung Miami LLC,0.638,0.472,1.0,-5.13,1.0,0.411,0.203,0.0,0.141,0.716,90.02,4.0
spotify:track:0wkWMbqr3SgM9TdgdzMsXv,Immigrants,RBT,Freddie Gibbs,2026-05-29,190592.0,63.0,True,,2026-06-05T04:01:42Z,"jazz rap,alternative hip hop",Freddie Gibbs,0.673,0.805,8.0,-7.499,0.0,0.424,0.255,0.0,0.203,0.686,81.967,4.0
spotify:track:7DbtXoclIdBSaeMWxcTSSY,GOMF (feat. GloRilla),GOMF (feat. GloRilla),Latto;GloRilla,2026-04-24,149640.0,69.0,True,,2026-06-05T04:01:42Z,,Streamcut/RCA Records,0.67,0.801,6.0,-2.369,0.0,0.267,0.0228,0.0,0.141,0.81,162.142,4.0
spotify:track:5ehgf6op0j2sE4lqjiTkMY,Ever Since U Left Me (I Went Deaf),Coke Wave 3.5: Narcos,French Montana;Max B,2026-01-09,136333.0,77.0,True,,2026-06-05T04:01:42Z,,Coke Boys Records,0.815,0.49,8.0,-8.91,1.0,0.0989,0.0237,0.0,0.226,0.713,106.968,4.0
spotify:track:40oYjPdjvFBCZH1Smsk46H,Back Home,ADL,Yeat;Joji,2026-03-27,193684.0,81.0,True,,2026-06-05T04:01:42Z,rage rap,Lyfestyle Corporation/Field Trip Recordings/Capitol Records,0.587,0.58,2.0,-8.969,1.0,0.0317,0.707,8.54e-05,0.255,0.474,114.016,4.0
spotify:track:0rGxIKdpNUy15kCLea8Woh,GEEKIN (feat. Lil Yachty),GEEKIN (feat. Lil Yachty),Nemzzz;Lil Yachty,2026-05-08,152533.0,71.0,True,,2026-06-05T04:01:42Z,"uk drill,drill",Atlantic Records UK,0.81,0.582,10.0,-5.931,0.0,0.0508,0.0222,0.0,0.289,0.248,128.052,4.0
spotify:track:6jtqO14L18plBtpDTtUkFR,Bunce Road Blues (with Future & Tems),The Fall-Off,J. Cole;Future;Tems,2026-02-06,310626.0,73.0,True,,2026-06-05T04:01:42Z,"rap,afrobeats,afro r&b,alté,afrobeat","Cole World, Inc., under exclusive license to Interscope Records.",0.734,0.594,9.0,-7.096,1.0,0.0546,0.183,4.54e-05,0.21,0.427,137.972,4.0
spotify:track:4ss5dbCWS90LRINPRxDjE6,600 Racks,600 Racks,Meek Mill,2026-04-03,184383.0,65.0,True,,2026-06-05T04:01:42Z,rap,DreamChasers,0.788,0.563,11.0,-8.455,1.0,0.335,0.0503,0.0,0.143,0.198,147.99,4.0
spotify:track:0sH7M5s2bEWFRe7v7VRemW,BIG FEELING,LUCY,BKTHERULA,2025-06-27,115002.0,71.0,True,,2026-06-05T04:01:42Z,,Warner Records,0.426,0.738,10.0,-5.568,0.0,0.045,0.0185,0.0,0.314,0.0651,142.937,4.0
spotify:track:0LnDKUQRhGvVMraLKhWnuD,ROOMS,ROOMS,Mike WiLL Made-It;Chief Keef;YoungBoy Never Broke Again,2026-02-13,232000.0,72.0,True,,2026-06-05T04:01:42Z,"chicago drill,drill","Eardrummer Entertainment LLC, under exclusive license to Giant Music",0.667,0.72,11.0,-5.585,0.0,0.0535,0.00284,0.0,0.385,0.127,149.996,4.0
spotify:track:0Sy9PzIKNGbnoY3WWPBZAR,Bruce Wayne,Slime Cry,YoungBoy Never Broke Again,2026-01-16,176294.0,74.0,True,,2026-06-05T04:01:42Z,,"Never Broke Again, LLC/Motown Records",0.763,0.772,8.0,-4.947,1.0,0.298,0.177,0.0,0.162,0.563,133.059,4.0
spotify:track:6AXf9n3qazR1bE1dngnqxi,LET 'EM KNOW,LET 'EM KNOW,T.I.,2026-01-18,179924.0,78.0,True,,2026-06-05T04:01:42Z,southern hip hop,Grand Hustle LLC / EMPIRE,0.744,0.744,1.0,-2.778,0.0,0.117,0.146,0.0,0.131,0.574,84.0,4.0
spotify:track:4fwJzG3arwvfC1ZbRdracJ,Flo Jackson,Flo Jackson,Flo Milli,2026-01-21,143444.0,78.0,True,,2026-06-05T04:01:42Z,,'94 Sounds/JIVE Records/RCA Records,0.759,0.798,10.0,-6.425,0.0,0.0499,0.0126,0.00358,0.124,0.479,127.98,4.0
spotify:track:7oVEtyuv9NBmnytsCIsY5I,BURN IT DOWN,LIVING THINGS,Linkin Park,2012-06-19,230253.0,83.0,False,,1970-01-01T00:00:00Z,"nu metal,rap metal,rock,alternative metal",Warner Records,0.585,0.972,9.0,-4.45,0.0,0.0534,0.0143,0.0,0.0707,0.585,110.006,4.0
spotify:track:2aibwv5hGXSgw7Yru8IYTO,Snow (Hey Oh),Stadium Arcadium,Red Hot Chili Peppers,2006-05-09,334666.0,85.0,False,,1970-01-01T00:00:00Z,"funk rock,alternative rock,rock",Warner Records,0.427,0.9,11.0,-3.674,1.0,0.0499,0.116,1.75e-05,0.119,0.599,104.655,4.0
spotify:track:5ooqCHqs4axSJbWqIHfKfB,Join Me - Razorblade Mix,Razorblade Romance,HIM,1991-09-17,216746.0,69.0,False,,1970-01-01T00:00:00Z,"gothic metal,gothic rock,finnish rock",Sony Music/Supersonic-GUN,0.632,0.672,8.0,-6.933,0.0,0.0295,0.0135,4.58e-05,0.118,0.564,113.806,4.0
spotify:track:0BxE4FqsDD1Ot4YuBXwAPp,505,Favourite Worst Nightmare,Arctic Monkeys,2007-04-22,253586.0,89.0,False,,1970-01-01T00:00:00Z,"indie,garage rock",Domino Recording Co,0.526,0.866,0.0,-5.822,1.0,0.0568,0.00287,7.78e-05,0.0945,0.248,140.266,4.0
spotify:track:0COqiPhxzoWICwFCS4eZcp,Bring Me To Life,Fallen,Evanescence,2003-03-04,235893.0,91.0,False,,1970-01-01T00:00:00Z,alternative metal,The Bicycle Music Company,0.331,0.943,4.0,-3.188,0.0,0.0698,0.00721,2.06e-06,0.242,0.296,94.612,4.0
spotify:track:4CeeEOM32jQcH3eN9Q2dGj,Smells Like Teen Spirit,Nevermind (Remastered),Nirvana,1991-09-26,301920.0,88.0,False,,1970-01-01T00:00:00Z,"grunge,rock",Geffen,0.502,0.912,1.0,-4.556,1.0,0.0564,2.55e-05,0.000173,0.106,0.72,116.761,4.0
spotify:track:1QFh8OH1e78dGd3VyJZCAC,Boys Don't Cry,Three Imaginary Boys,The Cure,1979-05-11,155973.0,85.0,False,,1970-01-01T00:00:00Z,"new wave,post-punk,gothic rock,darkwave",UMC (Universal Music Catalogue),0.462,0.836,11.0,-5.766,0.0,0.0621,0.00517,0.0,0.18,0.671,168.766,4.0
spotify:track:7snQQk1zcKl8gZ92AnueZW,Sweet Child O' Mine,Appetite For Destruction,Guns N' Roses,1987-07-21,356066.0,91.0,False,,1970-01-01T00:00:00Z,"rock,glam metal,hard rock,classic rock",Guns N Roses P&D,0.445,0.952,6.0,-5.321,1.0,0.0522,0.09,0.0843,0.112,0.624,125.304,4.0
spotify:track:0gmbgwZ8iqyMPmXefof8Yf,How You Remind Me,Silver Side Up,Nickelback,2001-09-11,223840.0,89.0,False,,1970-01-01T00:00:00Z,"post-grunge,rock",Roadrunner Records,0.446,0.764,10.0,-5.042,1.0,0.033,0.00135,0.0,0.099,0.543,172.094,4.0
spotify:track:3DwQ7AH3xGD9h65ezslm6q,Enter Sandman - Remastered 2021,Metallica (Remastered Deluxe Box Set),Metallica,2021-09-10,331560.0,87.0,False,,1970-01-01T00:00:00Z,"metal,thrash metal,rock,heavy metal,hard rock",Blackened Recordings / Universal Music,0.569,0.838,6.0,-8.421,0.0,0.0302,0.0026,0.00836,0.0628,0.615,123.299,4.0
spotify:track:4oHjDZBl0fW2n5nPKQQnGa,Na Soncu,Nord,Siddharta,2001-05-09,221386.0,43.0,False,,1970-01-01T00:00:00Z,,Dallas Records Slovenia,0.613,0.825,6.0,-6.723,0.0,0.0285,0.00835,0.000175,0.128,0.581,125.99,4.0
spotify:track:5qqabIl2vWzo9ApSC317sa,Wonderwall - Remastered,(What's The Story) Morning Glory? [Remastered],Oasis,1995-10-02,258773.0,84.0,False,,1970-01-01T00:00:00Z,"britpop,madchester",Big Brother,0.376,0.896,2.0,-4.065,1.0,0.0395,0.000452,0.0,0.194,0.472,174.379,4.0
spotify:track:42T2QQv3xgBlpQxaSP7lnK,One Last Breath,Weathered,Creed,2001-01-01,238240.0,86.0,False,,1970-01-01T00:00:00Z,post-grunge,The Bicycle Music Company,0.386,0.677,2.0,-5.83,1.0,0.0346,0.00841,0.00366,0.341,0.195,126.602,4.0
spotify:track:1pJGz6EXBu4vuvNp0JifuX,Kap Po Kap,Od Neba Do Neba,Divlje Jagode,2011-05-16,251760.0,45.0,False,,1970-01-01T00:00:00Z,,Croatia Records,0.43,0.904,0.0,-6.354,1.0,0.033,0.000363,0.0,0.151,0.742,164.974,4.0
spotify:track:003vvx7Niy0yvhvHt4a68B,Mr. Brightside,Hot Fuss,The Killers,2004,222973.0,94.0,False,,1970-01-01T00:00:00Z,alternative rock,Island Records,0.352,0.911,1.0,-5.23,1.0,0.0747,0.00121,0.0,0.0995,0.236,148.033,4.0
spotify:track:5VGlqQANWDKJFl0MBG3sg2,Use Somebody,Only By The Night,Kings of Leon,2008-09-23,230760.0,85.0,False,,1970-01-01T00:00:00Z,,RCA/Legacy,0.276,0.715,0.0,-5.356,1.0,0.0432,0.00552,0.000417,0.201,0.173,137.028,4.0
spotify:track:2UREu1Y8CO4jXkbvqAtP7g,Monster,Awake,Skillet,2009-08-21,178013.0,84.0,False,,1970-01-01T00:00:00Z,"christian rock,christian alternative rock,christian",Atlantic Records,0.64,0.957,8.0,-2.336,1.0,0.0741,0.0431,0.0,0.0789,0.692,134.992,4.0
spotify:track:2zYzyRzz6pRmhPzyfMEC8s,Highway to Hell,Highway to Hell,AC/DC,1979-07-27,208110.0,89.0,False,,1970-01-01T00:00:00Z,"rock,hard rock,classic rock,rock and roll",Columbia,0.574,0.913,6.0,-4.793,0.0,0.133,0.061,0.00158,0.156,0.423,115.728,4.0
spotify:track:6yQ2hE9NfgDFY5l8aAame5,Ne spavaj mala moja muzika dok svira,Kad bi' bio bijelo dugme,Bijelo Dugme,1974-05-09,150293.0,48.0,False,,1970-01-01T00:00:00Z,,Croatia Records,0.524,0.902,9.0,-5.744,1.0,0.0999,0.236,0.0,0.164,0.907,159.532,4.0
spotify:track:1oYYd2gnWZYrt89EBXdFiO,Message In A Bottle,Reggatta De Blanc (Remastered 2003),The Police,1979-10-02,290280.0,81.0,False,,1970-01-01T00:00:00Z,,Polydor Records,0.577,0.808,1.0,-7.04,0.0,0.039,0.0338,1.33e-05,0.221,0.869,151.008,4.0
spotify:track:2TofEeQobQ9YoK7EFds698,You Give Love A Bad Name,Slippery When Wet (Deluxe Edition),Bon Jovi,1986,222317.0,83.0,False,,1970-01-01T00:00:00Z,glam metal,Bon Jovi Dist Deal (Catalog),0.542,0.942,0.0,-4.024,0.0,0.0482,0.00547,1.02e-06,0.39,0.835,122.85,4.0
spotify:track:2HwwfFqm5rWXApPI7s8Yqv,Raining Again,The Illusion of Progress,Staind,2008-01-01,233506.0,58.0,False,,1970-01-01T00:00:00Z,"post-grunge,nu metal,alternative metal",Roadrunner Records,0.554,0.788,8.0,-4.476,1.0,0.0315,0.00062,0.264,0.192,0.119,125.988,4.0
spotify:track:70LcF31zb1H0PyJoS1Sx1r,Creep,Pablo Honey,Radiohead,1993-02-22,238640.0,93.0,True,,1970-01-01T00:00:00Z,"art rock,alternative rock",XL Recordings,0.515,0.43,7.0,-9.935,1.0,0.0372,0.0097,0.000133,0.129,0.104,91.844,4.0
spotify:track:7b4faVzeCrznpbRtMSjc0l,Sve još miriše na nju,Koncentrat 1984. - 2005.,Parni Valjak,1984,246493.0,52.0,False,,1970-01-01T00:00:00Z,,Croatia Records,0.398,0.57,7.0,-6.763,0.0,0.0323,0.381,0.0,0.14,0.336,82.714,4.0
spotify:track:3AMq5z6eLI52TeFQpxSoPx,Kad sam bio mlad,Labudova pesma,Riblja Corba,2001-02-15,206733.0,42.0,False,,1970-01-01T00:00:00Z,,ONE RECORDS,0.789,0.502,7.0,-12.229,1.0,0.038,0.618,0.0,0.0977,0.712,134.774,4.0
spotify:track:1OxcIUqVmVYxT6427tbhDW,Fly Away,5,Lenny Kravitz,1998-05-12,221332.0,81.0,False,,1970-01-01T00:00:00Z,,Virgin Records,0.587,0.872,7.0,-5.066,1.0,0.0484,0.018,0.0,0.622,0.735,159.925,4.0
spotify:track:60a0Rd6pjrkxjPbaKzXjfq,In the End,Hybrid Theory (Bonus Edition),Linkin Park,2000-10-24,216880.0,92.0,False,,1970-01-01T00:00:00Z,"nu metal,rap metal,rock,alternative metal",Warner Records,0.556,0.864,3.0,-5.87,0.0,0.0584,0.00958,0.0,0.209,0.4,105.143,4.0
spotify:track:1G391cbiT3v3Cywg8T7DM1,Scar Tissue,Californication (Deluxe Edition),Red Hot Chili Peppers,1999-06-08,215906.0,89.0,False,,1970-01-01T00:00:00Z,"funk rock,alternative rock,rock",Warner Records,0.595,0.717,0.0,-4.803,1.0,0.0295,0.0779,0.00274,0.108,0.547,88.969,4.0
spotify:track:4BbXg5wQqVNPbVEGpjsVnv,All I Wanted,Brand New Eyes,Paramore,2009-09-25,225786.0,73.0,False,,1970-01-01T00:00:00Z,"pop punk,emo",Fueled By Ramen/Atlantic,0.494,0.723,6.0,-4.559,0.0,0.0441,0.0192,0.0322,0.134,0.152,144.036,4.0
spotify:track:086myS9r57YsLbJpU0TgK9,Why'd You Only Call Me When You're High?,AM,Arctic Monkeys,2013-09-09,161123.0,88.0,False,,1970-01-01T00:00:00Z,"indie,garage rock",Domino Recording Co,0.691,0.631,2.0,-6.478,1.0,0.0368,0.0483,1.13e-05,0.104,0.8,92.004,4.0
spotify:track:7hlXiMxN81uctLsvbtHZ8x,Sweet Sacrifice,The Open Door,Evanescence,2006-01-01,185533.0,72.0,False,,1970-01-01T00:00:00Z,alternative metal,The Bicycle Music Company,0.486,0.87,2.0,-4.947,1.0,0.0903,0.00679,3.15e-06,0.312,0.336,97.013,4.0
spotify:track:2RsAajgo0g7bMCHxwH3Sk0,Come As You Are,Nevermind (Remastered),Nirvana,1991-09-26,218920.0,86.0,False,,1970-01-01T00:00:00Z,"grunge,rock",Geffen,0.5,0.824,4.0,-5.846,0.0,0.0388,0.00016,0.00161,0.0916,0.539,120.125,4.0
spotify:track:5UWwZ5lm5PKu6eKsHAGxOk,Everlong,The Colour And The Shape,Foo Fighters,1997-05-20,250546.0,88.0,False,,1970-01-01T00:00:00Z,"post-grunge,rock,alternative rock,grunge",RCA Records Label,0.413,0.881,11.0,-5.541,0.0,0.0367,5.99e-05,0.000308,0.0805,0.364,158.066,4.0
spotify:track:0G21yYKMZoHa30cYVi1iA8,Welcome To The Jungle,Appetite For Destruction,Guns N' Roses,1987-07-21,273480.0,87.0,True,,1970-01-01T00:00:00Z,"rock,glam metal,hard rock,classic rock",Guns N Roses P&D,0.454,0.987,8.0,-4.485,1.0,0.0881,0.0195,0.279,0.268,0.316,123.61,4.0
spotify:track:4PkJ7c9y1CwpuVOiJODnCZ,Someday,The Long Road,Nickelback,2003-09-23,207466.0,78.0,False,,1970-01-01T00:00:00Z,"post-grunge,rock",Roadrunner Records,0.455,0.858,11.0,-5.659,0.0,0.0391,0.000616,0.000247,0.226,0.597,163.118,4.0
spotify:track:6QAsrXPnMSXIbV0yEJHlEX,Nothing Else Matters - Remastered 2021,Metallica (Remastered Deluxe Box Set),Metallica,2021-09-10,388733.0,85.0,False,,1970-01-01T00:00:00Z,"metal,thrash metal,rock,heavy metal,hard rock",Blackened Recordings / Universal Music,0.548,0.395,4.0,-9.794,0.0,0.0268,0.0543,5.41e-06,0.0791,0.182,142.372,3.0
spotify:track:5yCbswypXlzzI6gZPeGdKi,Ledena,Infra,Siddharta,2015-06-01,279372.0,40.0,False,,1970-01-01T00:00:00Z,,Nika,0.517,0.858,9.0,-3.27,1.0,0.0387,0.000898,0.106,0.103,0.45,131.973,4.0
spotify:track:4bvi8n8Xa2kX0UG02cvuE9,Married with Children - Remastered,Definitely Maybe (Remastered),Oasis,1994-08-29,195000.0,61.0,False,,1970-01-01T00:00:00Z,"britpop,madchester",Big Brother,0.585,0.427,4.0,-10.907,1.0,0.0278,0.808,0.0,0.0985,0.313,87.615,4.0
spotify:track:1ZozJfi8u9cO2Ob8KwiwNT,Higher,Human Clay,Creed,1999-01-01,316733.0,82.0,False,,1970-01-01T00:00:00Z,post-grunge,The Bicycle Music Company,0.459,0.83,2.0,-6.254,1.0,0.0364,5.15e-05,0.00014,0.206,0.431,155.827,4.0
spotify:track:2MxVAgBrsuWNhdbQKAQo5R,Marija,Od Neba Do Neba,Divlje Jagode,2011-05-16,221506.0,44.0,False,,1970-01-01T00:00:00Z,,Croatia Records,0.506,0.525,10.0,-7.011,0.0,0.025,0.0177,0.0,0.284,0.377,84.019,4.0
spotify:track:2JuasWPUodaUxf5nwNpciQ,Nutshell,Jar Of Flies,Alice In Chains,1994,259200.0,82.0,False,,1970-01-01T00:00:00Z,"grunge,post-grunge",Columbia,0.384,0.561,3.0,-10.059,0.0,0.0296,0.373,0.253,0.0775,0.159,136.136,3.0
spotify:track:0ntQJM78wzOLVeCUAW7Y45,Sex on Fire,Only By The Night,Kings of Leon,2008-09-23,203346.0,89.0,False,,1970-01-01T00:00:00Z,,RCA/Legacy,0.542,0.905,9.0,-5.653,1.0,0.054,0.00172,0.0104,0.136,0.374,153.398,4.0
spotify:track:0M955bMOoilikPXwKLYpoi,I Hate Everything About You,Three Days Grace,Three Days Grace,2003-04-19,231480.0,85.0,False,,1970-01-01T00:00:00Z,"post-grunge,rock",Jive,0.498,0.83,6.0,-5.157,0.0,0.0421,0.00461,0.0,0.139,0.453,89.342,4.0
spotify:track:2SiXAy7TuUkycRVbbWDEpo,You Shook Me All Night Long,Back In Black,AC/DC,1980-07-25,210328.0,86.0,False,,1970-01-01T00:00:00Z,"rock,hard rock,classic rock,rock and roll",Columbia,0.532,0.767,7.0,-5.509,1.0,0.0574,0.00287,0.000513,0.39,0.755,127.361,4.0
spotify:track:3rkj5ZYpBNMie7x7Ls81s3,Na zadnjem sjedištu moga auta,Bitanga i princeza,Bijelo Dugme,1979-04-11,236880.0,45.0,False,,1970-01-01T00:00:00Z,,Croatia Records,0.792,0.666,9.0,-7.054,0.0,0.098,0.15,2.65e-05,0.086,0.904,123.256,4.0
spotify:track:6GtX0jaNL8IjVQfrDBx81z,Bullet With Butterfly Wings - Remastered 2012,Mellon Collie And The Infinite Sadness (Deluxe Edition),The Smashing Pumpkins,1995,258466.0,80.0,False,,1970-01-01T00:00:00Z,"alternative rock,rock",Virgin Records,0.404,0.72,10.0,-9.18,0.0,0.0623,5.59e-05,0.836,0.0466,0.475,121.864,4.0
spotify:track:07q0QVgO56EorrSGHC48y3,I Was Made For Lovin' You,Dynasty,KISS,1979-03-23,271240.0,88.0,False,,1970-01-01T00:00:00Z,"glam rock,glam metal,hard rock,rock,classic rock",Casablanca Records,0.768,0.852,4.0,-6.215,1.0,0.038,0.214,7.36e-05,0.0723,0.867,128.373,4.0
spotify:track:464HG7mt7NNKtKY0Hco8Y8,For You,Break the Cycle,Staind,2001-08-20,206200.0,72.0,True,,1970-01-01T00:00:00Z,"post-grunge,nu metal,alternative metal",Atlantic Records/ATG,0.318,0.958,10.0,-2.683,1.0,0.442,0.0603,4.68e-06,0.0981,0.3,163.089,4.0
spotify:track:4CbKVDZkYKdv69I4bCaKUq,Hero,Awake,Skillet,2009-08-21,186813.0,78.0,False,,1970-01-01T00:00:00Z,"christian rock,christian alternative rock,christian",Atlantic Records,0.533,0.967,1.0,-2.543,1.0,0.0995,0.00791,0.0,0.336,0.782,142.018,4.0
spotify:track:0gNVA6ktzYbw0c9OjkhydP,Teške Boje,Teške Boje,Goran Bare & Majke,2011-12-28,271600.0,42.0,False,,1970-01-01T00:00:00Z,,Croatia Records,0.473,0.76,1.0,-7.549,0.0,0.0492,0.0037,0.000757,0.0948,0.456,132.909,4.0
